ISO-10303-21;
HEADER;
/* Generated by software containing ST-Developer
 * from STEP Tools, Inc. (www.steptools.com) 
 */

FILE_DESCRIPTION(
/* description */ (''),
/* implementation_level */ '2;1');

FILE_NAME(
/* name */ 'extruder mount metalwork.step',
/* time_stamp */ '2026-04-25T09:14:18+09:00',
/* author */ (''),
/* organization */ (''),
/* preprocessor_version */ 'ST-DEVELOPER v20.1',
/* originating_system */ 'Autodesk Translation Framework v15.8.0.0',
/* authorisation */ '');

FILE_SCHEMA (('AUTOMOTIVE_DESIGN { 1 0 10303 214 3 1 1 }'));
ENDSEC;

DATA;
#10=MECHANICAL_DESIGN_GEOMETRIC_PRESENTATION_REPRESENTATION('',(#13),#2711);
#11=SHAPE_REPRESENTATION_RELATIONSHIP('SRR','None',#2717,#12);
#12=ADVANCED_BREP_SHAPE_REPRESENTATION('',(#14),#2710);
#13=STYLED_ITEM('',(#2726),#14);
#14=MANIFOLD_SOLID_BREP('metalwork_mount',#1275);
#15=B_SPLINE_SURFACE_WITH_KNOTS('',3,3,((#2005,#2006,#2007,#2008),(#2009,
#2010,#2011,#2012),(#2013,#2014,#2015,#2016),(#2017,#2018,#2019,#2020),
(#2021,#2022,#2023,#2024),(#2025,#2026,#2027,#2028),(#2029,#2030,#2031,
#2032),(#2033,#2034,#2035,#2036),(#2037,#2038,#2039,#2040)),
 .UNSPECIFIED.,.F.,.F.,.F.,(4,1,1,1,1,1,4),(4,4),(0.,0.142857142857143,
0.285714285714286,0.428571428571429,0.571428571428571,0.857142857142857,
1.),(-3.34385266003936E-31,0.2),.UNSPECIFIED.);
#16=B_SPLINE_SURFACE_WITH_KNOTS('',3,3,((#2072,#2073,#2074,#2075),(#2076,
#2077,#2078,#2079),(#2080,#2081,#2082,#2083),(#2084,#2085,#2086,#2087),
(#2088,#2089,#2090,#2091),(#2092,#2093,#2094,#2095),(#2096,#2097,#2098,
#2099)),.UNSPECIFIED.,.F.,.F.,.F.,(4,1,1,1,4),(4,4),(0.,0.285714285714286,
0.571428571428571,0.857142857142857,1.),(-7.97953183926753E-34,0.2),
 .UNSPECIFIED.);
#17=B_SPLINE_SURFACE_WITH_KNOTS('',3,3,((#2130,#2131,#2132,#2133),(#2134,
#2135,#2136,#2137),(#2138,#2139,#2140,#2141),(#2142,#2143,#2144,#2145)),
 .UNSPECIFIED.,.F.,.F.,.F.,(4,4),(4,4),(0.,0.308341203822828),(-1.11022302462516E-16,
0.2),.UNSPECIFIED.);
#18=B_SPLINE_SURFACE_WITH_KNOTS('',3,3,((#2155,#2156,#2157,#2158),(#2159,
#2160,#2161,#2162),(#2163,#2164,#2165,#2166),(#2167,#2168,#2169,#2170)),
 .UNSPECIFIED.,.F.,.F.,.F.,(4,4),(4,4),(0.,0.592767526696406),(-1.38777878078145E-16,
0.2),.UNSPECIFIED.);
#19=B_SPLINE_SURFACE_WITH_KNOTS('',3,3,((#2175,#2176,#2177,#2178),(#2179,
#2180,#2181,#2182),(#2183,#2184,#2185,#2186),(#2187,#2188,#2189,#2190),
(#2191,#2192,#2193,#2194),(#2195,#2196,#2197,#2198),(#2199,#2200,#2201,
#2202),(#2203,#2204,#2205,#2206),(#2207,#2208,#2209,#2210)),
 .UNSPECIFIED.,.F.,.F.,.F.,(4,1,1,1,1,1,4),(4,4),(0.,0.142857142857143,
0.285714285714286,0.428571428571429,0.571428571428571,0.857142857142857,
1.),(-5.41958989115775E-34,0.2),.UNSPECIFIED.);
#20=B_SPLINE_SURFACE_WITH_KNOTS('',3,3,((#2240,#2241,#2242,#2243),(#2244,
#2245,#2246,#2247),(#2248,#2249,#2250,#2251),(#2252,#2253,#2254,#2255)),
 .UNSPECIFIED.,.F.,.F.,.F.,(4,4),(4,4),(0.577968314135793,1.),(-3.02761982465751E-17,
0.2),.UNSPECIFIED.);
#21=B_SPLINE_SURFACE_WITH_KNOTS('',3,3,((#2267,#2268,#2269,#2270),(#2271,
#2272,#2273,#2274),(#2275,#2276,#2277,#2278),(#2279,#2280,#2281,#2282),
(#2283,#2284,#2285,#2286),(#2287,#2288,#2289,#2290),(#2291,#2292,#2293,
#2294)),.UNSPECIFIED.,.F.,.F.,.F.,(4,1,1,1,4),(4,4),(0.,0.285714285714286,
0.571428571428571,0.857142857142857,1.),(-5.78025743476814E-31,0.2),
 .UNSPECIFIED.);
#22=B_SPLINE_SURFACE_WITH_KNOTS('',3,3,((#2320,#2321,#2322,#2323),(#2324,
#2325,#2326,#2327),(#2328,#2329,#2330,#2331),(#2332,#2333,#2334,#2335)),
 .UNSPECIFIED.,.F.,.F.,.F.,(4,4),(4,4),(0.,0.601023746564788),(-7.62081086057393E-18,
0.2),.UNSPECIFIED.);
#23=B_SPLINE_SURFACE_WITH_KNOTS('',3,3,((#2340,#2341,#2342,#2343),(#2344,
#2345,#2346,#2347),(#2348,#2349,#2350,#2351),(#2352,#2353,#2354,#2355),
(#2356,#2357,#2358,#2359),(#2360,#2361,#2362,#2363),(#2364,#2365,#2366,
#2367),(#2368,#2369,#2370,#2371),(#2372,#2373,#2374,#2375)),
 .UNSPECIFIED.,.F.,.F.,.F.,(4,1,1,1,1,1,4),(4,4),(0.,0.142857142857143,
0.285714285714286,0.428571428571429,0.571428571428571,0.857142857142857,
1.),(-9.85644354004966E-32,0.2),.UNSPECIFIED.);
#24=B_SPLINE_SURFACE_WITH_KNOTS('',3,3,((#2407,#2408,#2409,#2410),(#2411,
#2412,#2413,#2414),(#2415,#2416,#2417,#2418),(#2419,#2420,#2421,#2422)),
 .UNSPECIFIED.,.F.,.F.,.F.,(4,4),(4,4),(0.,0.422031685864206),(6.98832034448591E-18,
0.2),.UNSPECIFIED.);
#25=B_SPLINE_SURFACE_WITH_KNOTS('',3,3,((#2427,#2428,#2429,#2430),(#2431,
#2432,#2433,#2434),(#2435,#2436,#2437,#2438),(#2439,#2440,#2441,#2442),
(#2443,#2444,#2445,#2446),(#2447,#2448,#2449,#2450),(#2451,#2452,#2453,
#2454)),.UNSPECIFIED.,.F.,.F.,.F.,(4,1,1,1,4),(4,4),(0.,0.285714285714286,
0.571428571428571,0.785714285714286,1.),(-3.65489511127313E-32,0.2),
 .UNSPECIFIED.);
#26=B_SPLINE_SURFACE_WITH_KNOTS('',3,3,((#2480,#2481,#2482,#2483),(#2484,
#2485,#2486,#2487),(#2488,#2489,#2490,#2491),(#2492,#2493,#2494,#2495)),
 .UNSPECIFIED.,.F.,.F.,.F.,(4,4),(4,4),(0.,0.455607397432732),(-1.11022302462516E-16,
0.2),.UNSPECIFIED.);
#27=B_SPLINE_SURFACE_WITH_KNOTS('',3,3,((#2505,#2506,#2507,#2508),(#2509,
#2510,#2511,#2512),(#2513,#2514,#2515,#2516),(#2517,#2518,#2519,#2520),
(#2521,#2522,#2523,#2524),(#2525,#2526,#2527,#2528),(#2529,#2530,#2531,
#2532),(#2533,#2534,#2535,#2536),(#2537,#2538,#2539,#2540)),
 .UNSPECIFIED.,.F.,.F.,.F.,(4,1,1,1,1,1,4),(4,4),(0.,0.142857142857143,
0.285714285714286,0.428571428571429,0.571428571428571,0.857142857142857,
1.),(-1.44312410540017E-34,0.2),.UNSPECIFIED.);
#28=B_SPLINE_SURFACE_WITH_KNOTS('',3,3,((#2572,#2573,#2574,#2575),(#2576,
#2577,#2578,#2579),(#2580,#2581,#2582,#2583),(#2584,#2585,#2586,#2587)),
 .UNSPECIFIED.,.F.,.F.,.F.,(4,4),(4,4),(0.,0.431492376040201),(-2.22044604925031E-16,
0.2),.UNSPECIFIED.);
#29=B_SPLINE_SURFACE_WITH_KNOTS('',3,3,((#2597,#2598,#2599,#2600),(#2601,
#2602,#2603,#2604),(#2605,#2606,#2607,#2608),(#2609,#2610,#2611,#2612),
(#2613,#2614,#2615,#2616),(#2617,#2618,#2619,#2620),(#2621,#2622,#2623,
#2624)),.UNSPECIFIED.,.F.,.F.,.F.,(4,1,1,1,4),(4,4),(0.,0.285714285714286,
0.571428571428571,0.785714285714286,1.),(-1.9778908460963E-30,0.2),
 .UNSPECIFIED.);
#30=B_SPLINE_SURFACE_WITH_KNOTS('',3,3,((#2643,#2644,#2645,#2646),(#2647,
#2648,#2649,#2650),(#2651,#2652,#2653,#2654),(#2655,#2656,#2657,#2658)),
 .UNSPECIFIED.,.F.,.F.,.F.,(4,4),(4,4),(0.,0.448393767805938),(-1.98253247703972E-33,
0.2),.UNSPECIFIED.);
#31=FACE_BOUND('',#205,.T.);
#32=FACE_BOUND('',#212,.T.);
#33=FACE_BOUND('',#213,.T.);
#34=FACE_BOUND('',#214,.T.);
#35=FACE_BOUND('',#215,.T.);
#36=FACE_BOUND('',#226,.T.);
#37=FACE_BOUND('',#229,.T.);
#38=FACE_BOUND('',#266,.T.);
#39=FACE_BOUND('',#267,.T.);
#40=FACE_BOUND('',#268,.T.);
#41=FACE_BOUND('',#269,.T.);
#42=FACE_BOUND('',#270,.T.);
#43=FACE_BOUND('',#271,.T.);
#44=FACE_BOUND('',#272,.T.);
#45=FACE_BOUND('',#273,.T.);
#46=FACE_BOUND('',#274,.T.);
#47=B_SPLINE_CURVE_WITH_KNOTS('',3,(#1633,#1634,#1635,#1636),
 .UNSPECIFIED.,.F.,.F.,(4,4),(-1.9778908460963E-30,0.2),.UNSPECIFIED.);
#48=B_SPLINE_CURVE_WITH_KNOTS('',3,(#1674,#1675,#1676,#1677),
 .UNSPECIFIED.,.F.,.F.,(4,4),(-0.2,1.38777878078145E-16),.UNSPECIFIED.);
#49=B_SPLINE_CURVE_WITH_KNOTS('',3,(#1717,#1718,#1719,#1720),
 .UNSPECIFIED.,.F.,.F.,(4,4),(0.215461821170068,0.388893129289737),
 .UNSPECIFIED.);
#50=B_SPLINE_CURVE_WITH_KNOTS('',3,(#1721,#1722,#1723,#1724,#1725,#1726,
#1727,#1728,#1729,#1730,#1731,#1732,#1733),.UNSPECIFIED.,.F.,.F.,(4,3,3,
3,4),(0.,0.0876966694409877,0.175393338881975,0.292322231469959,0.409251124057942),
 .UNSPECIFIED.);
#51=B_SPLINE_CURVE_WITH_KNOTS('',3,(#1739,#1740,#1741,#1742),
 .UNSPECIFIED.,.F.,.F.,(4,4),(0.209891023331232,0.368798395067265),
 .UNSPECIFIED.);
#52=B_SPLINE_CURVE_WITH_KNOTS('',3,(#1744,#1745,#1746,#1747,#1748,#1749,
#1750,#1751,#1752,#1753,#1754,#1755,#1756,#1757,#1758,#1759,#1760,#1761,
#1762),.UNSPECIFIED.,.F.,.F.,(4,3,3,3,3,3,4),(0.,0.062383545869801,0.187150637609403,
0.249534183479204,0.311917729349005,0.374301275218806,0.436684821088607),
 .UNSPECIFIED.);
#53=B_SPLINE_CURVE_WITH_KNOTS('',3,(#1766,#1767,#1768,#1769),
 .UNSPECIFIED.,.F.,.F.,(4,4),(0.212551881062125,0.388893129289737),
 .UNSPECIFIED.);
#54=B_SPLINE_CURVE_WITH_KNOTS('',3,(#1771,#1772,#1773,#1774,#1775,#1776,
#1777,#1778,#1779,#1780,#1781,#1782,#1783),.UNSPECIFIED.,.F.,.F.,(4,3,3,
3,4),(0.,0.0874952179831813,0.174990435966363,0.291650726610604,0.408311017254846),
 .UNSPECIFIED.);
#55=B_SPLINE_CURVE_WITH_KNOTS('',3,(#1791,#1792,#1793,#1794),
 .UNSPECIFIED.,.F.,.F.,(4,4),(0.213413169339109,0.368798395067265),
 .UNSPECIFIED.);
#56=B_SPLINE_CURVE_WITH_KNOTS('',3,(#1796,#1797,#1798,#1799,#1800,#1801,
#1802,#1803,#1804,#1805,#1806,#1807,#1808,#1809,#1810,#1811,#1812,#1813,
#1814),.UNSPECIFIED.,.F.,.F.,(4,3,3,3,3,3,4),(0.,0.0625284077478522,0.187585223243557,
0.250113630991409,0.312642038739261,0.375170446487113,0.437698854234965),
 .UNSPECIFIED.);
#57=B_SPLINE_CURVE_WITH_KNOTS('',3,(#1818,#1819,#1820,#1821,#1822,#1823,
#1824,#1825,#1826,#1827,#1828,#1829,#1830,#1831,#1832,#1833,#1834,#1835,
#1836),.UNSPECIFIED.,.F.,.F.,(4,3,3,3,3,3,4),(0.,0.0625284077478524,0.187585223243557,
0.250113630991409,0.312642038739262,0.375170446487114,0.437698854234966),
 .UNSPECIFIED.);
#58=B_SPLINE_CURVE_WITH_KNOTS('',3,(#1838,#1839,#1840,#1841),
 .UNSPECIFIED.,.F.,.F.,(4,4),(0.,0.155385225728155),.UNSPECIFIED.);
#59=B_SPLINE_CURVE_WITH_KNOTS('',3,(#1849,#1850,#1851,#1852),
 .UNSPECIFIED.,.F.,.F.,(4,4),(0.146801882954098,0.368798395067265),
 .UNSPECIFIED.);
#60=B_SPLINE_CURVE_WITH_KNOTS('',3,(#1854,#1855,#1856,#1857,#1858,#1859,
#1860,#1861,#1862,#1863,#1864,#1865,#1866),.UNSPECIFIED.,.F.,.F.,(4,3,3,
3,4),(0.,0.0599452425408622,0.179835727622587,0.299726212704311,0.419616697786035),
 .UNSPECIFIED.);
#61=B_SPLINE_CURVE_WITH_KNOTS('',3,(#1870,#1871,#1872,#1873),
 .UNSPECIFIED.,.F.,.F.,(4,4),(0.271526063344914,0.388893129289737),
 .UNSPECIFIED.);
#62=B_SPLINE_CURVE_WITH_KNOTS('',3,(#1875,#1876,#1877,#1878,#1879,#1880,
#1881,#1882,#1883,#1884,#1885,#1886,#1887,#1888,#1889,#1890,#1891,#1892,
#1893),.UNSPECIFIED.,.F.,.F.,(4,3,3,3,3,3,4),(0.,0.0613235896943595,0.183970769083078,
0.245294358777438,0.306617948471797,0.367941538166157,0.429265127860516),
 .UNSPECIFIED.);
#63=B_SPLINE_CURVE_WITH_KNOTS('',3,(#1898,#1899,#1900,#1901),
 .UNSPECIFIED.,.F.,.F.,(4,4),(0.149875526981624,0.368798395067265),
 .UNSPECIFIED.);
#64=B_SPLINE_CURVE_WITH_KNOTS('',3,(#1903,#1904,#1905,#1906,#1907,#1908,
#1909,#1910,#1911,#1912,#1913,#1914,#1915),.UNSPECIFIED.,.F.,.F.,(4,3,3,
3,4),(0.,0.0600592338762579,0.180177701628774,0.300296169381289,0.420414637133805),
 .UNSPECIFIED.);
#65=B_SPLINE_CURVE_WITH_KNOTS('',3,(#1938,#1939,#1940,#1941),
 .UNSPECIFIED.,.F.,.F.,(4,4),(-0.2,-6.98832034448591E-18),.UNSPECIFIED.);
#66=B_SPLINE_CURVE_WITH_KNOTS('',3,(#1955,#1956,#1957,#1958),
 .UNSPECIFIED.,.F.,.F.,(4,4),(-0.2,7.62081086057393E-18),.UNSPECIFIED.);
#67=B_SPLINE_CURVE_WITH_KNOTS('',3,(#2042,#2043,#2044,#2045),
 .UNSPECIFIED.,.F.,.F.,(4,4),(-0.2,3.34385266003936E-31),.UNSPECIFIED.);
#68=B_SPLINE_CURVE_WITH_KNOTS('',3,(#2047,#2048,#2049,#2050,#2051,#2052,
#2053,#2054,#2055,#2056,#2057,#2058,#2059,#2060,#2061,#2062,#2063,#2064,
#2065),.UNSPECIFIED.,.F.,.F.,(4,3,3,3,3,3,4),(0.,0.0613235896943595,0.122647179388719,
0.183970769083078,0.245294358777438,0.367941538166157,0.429265127860516),
 .UNSPECIFIED.);
#69=B_SPLINE_CURVE_WITH_KNOTS('',3,(#2066,#2067,#2068,#2069),
 .UNSPECIFIED.,.F.,.F.,(4,4),(-3.34385266003936E-31,0.2),.UNSPECIFIED.);
#70=B_SPLINE_CURVE_WITH_KNOTS('',3,(#2101,#2102,#2103,#2104),
 .UNSPECIFIED.,.F.,.F.,(4,4),(-0.2,7.97953183926753E-34),.UNSPECIFIED.);
#71=B_SPLINE_CURVE_WITH_KNOTS('',3,(#2106,#2107,#2108,#2109,#2110,#2111,
#2112,#2113,#2114,#2115,#2116,#2117,#2118),.UNSPECIFIED.,.F.,.F.,(4,3,3,
3,4),(0.,0.120118467752516,0.240236935505032,0.360355403257547,0.420414637133805),
 .UNSPECIFIED.);
#72=B_SPLINE_CURVE_WITH_KNOTS('',3,(#2119,#2120,#2121,#2122),
 .UNSPECIFIED.,.F.,.F.,(4,4),(-7.97953183926753E-34,0.2),.UNSPECIFIED.);
#73=B_SPLINE_CURVE_WITH_KNOTS('',3,(#2126,#2127,#2128,#2129),
 .UNSPECIFIED.,.F.,.F.,(4,4),(-0.2,1.98253247703972E-33),.UNSPECIFIED.);
#74=B_SPLINE_CURVE_WITH_KNOTS('',3,(#2147,#2148,#2149,#2150),
 .UNSPECIFIED.,.F.,.F.,(4,4),(-0.2,1.11022302462516E-16),.UNSPECIFIED.);
#75=B_SPLINE_CURVE_WITH_KNOTS('',3,(#2151,#2152,#2153,#2154),
 .UNSPECIFIED.,.F.,.F.,(4,4),(0.,0.117567731497534),.UNSPECIFIED.);
#76=B_SPLINE_CURVE_WITH_KNOTS('',3,(#2171,#2172,#2173,#2174),
 .UNSPECIFIED.,.F.,.F.,(4,4),(0.,0.21892286808564),.UNSPECIFIED.);
#77=B_SPLINE_CURVE_WITH_KNOTS('',3,(#2212,#2213,#2214,#2215),
 .UNSPECIFIED.,.F.,.F.,(4,4),(-0.2,5.41958989115775E-34),.UNSPECIFIED.);
#78=B_SPLINE_CURVE_WITH_KNOTS('',3,(#2217,#2218,#2219,#2220,#2221,#2222,
#2223,#2224,#2225,#2226,#2227,#2228,#2229,#2230,#2231,#2232,#2233,#2234,
#2235),.UNSPECIFIED.,.F.,.F.,(4,3,3,3,3,3,4),(0.,0.0625284077478522,0.125056815495704,
0.187585223243557,0.250113630991409,0.375170446487113,0.437698854234965),
 .UNSPECIFIED.);
#79=B_SPLINE_CURVE_WITH_KNOTS('',3,(#2236,#2237,#2238,#2239),
 .UNSPECIFIED.,.F.,.F.,(4,4),(-5.41958989115775E-34,0.2),.UNSPECIFIED.);
#80=B_SPLINE_CURVE_WITH_KNOTS('',3,(#2257,#2258,#2259,#2260),
 .UNSPECIFIED.,.F.,.F.,(4,4),(0.213413169339109,0.368798395067265),
 .UNSPECIFIED.);
#81=B_SPLINE_CURVE_WITH_KNOTS('',3,(#2261,#2262,#2263,#2264),
 .UNSPECIFIED.,.F.,.F.,(4,4),(-3.02761982465751E-17,0.2),.UNSPECIFIED.);
#82=B_SPLINE_CURVE_WITH_KNOTS('',3,(#2296,#2297,#2298,#2299),
 .UNSPECIFIED.,.F.,.F.,(4,4),(-0.2,5.78025743476814E-31),.UNSPECIFIED.);
#83=B_SPLINE_CURVE_WITH_KNOTS('',3,(#2301,#2302,#2303,#2304,#2305,#2306,
#2307,#2308,#2309,#2310,#2311,#2312,#2313),.UNSPECIFIED.,.F.,.F.,(4,3,3,
3,4),(0.,0.119890485081724,0.239780970163449,0.359671455245173,0.419616697786035),
 .UNSPECIFIED.);
#84=B_SPLINE_CURVE_WITH_KNOTS('',3,(#2314,#2315,#2316,#2317),
 .UNSPECIFIED.,.F.,.F.,(4,4),(-5.78025743476814E-31,0.2),.UNSPECIFIED.);
#85=B_SPLINE_CURVE_WITH_KNOTS('',3,(#2336,#2337,#2338,#2339),
 .UNSPECIFIED.,.F.,.F.,(4,4),(0.,0.221996512113168),.UNSPECIFIED.);
#86=B_SPLINE_CURVE_WITH_KNOTS('',3,(#2377,#2378,#2379,#2380),
 .UNSPECIFIED.,.F.,.F.,(4,4),(-0.2,9.85644354004966E-32),.UNSPECIFIED.);
#87=B_SPLINE_CURVE_WITH_KNOTS('',3,(#2382,#2383,#2384,#2385,#2386,#2387,
#2388,#2389,#2390,#2391,#2392,#2393,#2394,#2395,#2396,#2397,#2398,#2399,
#2400),.UNSPECIFIED.,.F.,.F.,(4,3,3,3,3,3,4),(0.,0.0625284077478522,0.125056815495704,
0.187585223243557,0.250113630991409,0.375170446487113,0.437698854234965),
 .UNSPECIFIED.);
#88=B_SPLINE_CURVE_WITH_KNOTS('',3,(#2401,#2402,#2403,#2404),
 .UNSPECIFIED.,.F.,.F.,(4,4),(-9.85644354004966E-32,0.2),.UNSPECIFIED.);
#89=B_SPLINE_CURVE_WITH_KNOTS('',3,(#2423,#2424,#2425,#2426),
 .UNSPECIFIED.,.F.,.F.,(4,4),(0.,0.155385225728156),.UNSPECIFIED.);
#90=B_SPLINE_CURVE_WITH_KNOTS('',3,(#2456,#2457,#2458,#2459),
 .UNSPECIFIED.,.F.,.F.,(4,4),(-0.2,3.65489511127313E-32),.UNSPECIFIED.);
#91=B_SPLINE_CURVE_WITH_KNOTS('',3,(#2461,#2462,#2463,#2464,#2465,#2466,
#2467,#2468,#2469,#2470,#2471,#2472,#2473),.UNSPECIFIED.,.F.,.F.,(4,3,3,
3,4),(0.,0.116660290644242,0.233320581288483,0.320815799271664,0.408311017254845),
 .UNSPECIFIED.);
#92=B_SPLINE_CURVE_WITH_KNOTS('',3,(#2474,#2475,#2476,#2477),
 .UNSPECIFIED.,.F.,.F.,(4,4),(-3.65489511127313E-32,0.2),.UNSPECIFIED.);
#93=B_SPLINE_CURVE_WITH_KNOTS('',3,(#2497,#2498,#2499,#2500),
 .UNSPECIFIED.,.F.,.F.,(4,4),(-0.2,1.11022302462516E-16),.UNSPECIFIED.);
#94=B_SPLINE_CURVE_WITH_KNOTS('',3,(#2501,#2502,#2503,#2504),
 .UNSPECIFIED.,.F.,.F.,(4,4),(0.,0.176652459277946),.UNSPECIFIED.);
#95=B_SPLINE_CURVE_WITH_KNOTS('',3,(#2542,#2543,#2544,#2545),
 .UNSPECIFIED.,.F.,.F.,(4,4),(-0.2,1.44312410540017E-34),.UNSPECIFIED.);
#96=B_SPLINE_CURVE_WITH_KNOTS('',3,(#2547,#2548,#2549,#2550,#2551,#2552,
#2553,#2554,#2555,#2556,#2557,#2558,#2559,#2560,#2561,#2562,#2563,#2564,
#2565),.UNSPECIFIED.,.F.,.F.,(4,3,3,3,3,3,4),(0.,0.062383545869801,0.124767091739602,
0.187150637609403,0.249534183479204,0.374301275218806,0.436684821088607),
 .UNSPECIFIED.);
#97=B_SPLINE_CURVE_WITH_KNOTS('',3,(#2566,#2567,#2568,#2569),
 .UNSPECIFIED.,.F.,.F.,(4,4),(-1.44312410540017E-34,0.2),.UNSPECIFIED.);
#98=B_SPLINE_CURVE_WITH_KNOTS('',3,(#2589,#2590,#2591,#2592),
 .UNSPECIFIED.,.F.,.F.,(4,4),(-0.2,2.22044604925031E-16),.UNSPECIFIED.);
#99=B_SPLINE_CURVE_WITH_KNOTS('',3,(#2593,#2594,#2595,#2596),
 .UNSPECIFIED.,.F.,.F.,(4,4),(0.,0.158907371736033),.UNSPECIFIED.);
#100=B_SPLINE_CURVE_WITH_KNOTS('',3,(#2626,#2627,#2628,#2629),
 .UNSPECIFIED.,.F.,.F.,(4,4),(-0.2,1.9778908460963E-30),.UNSPECIFIED.);
#101=B_SPLINE_CURVE_WITH_KNOTS('',3,(#2630,#2631,#2632,#2633,#2634,#2635,
#2636,#2637,#2638,#2639,#2640,#2641,#2642),.UNSPECIFIED.,.F.,.F.,(4,3,3,
3,4),(0.,0.116928892587983,0.233857785175967,0.321554454616954,0.409251124057942),
 .UNSPECIFIED.);
#102=B_SPLINE_CURVE_WITH_KNOTS('',3,(#2659,#2660,#2661,#2662),
 .UNSPECIFIED.,.F.,.F.,(4,4),(0.,0.173735724009365),.UNSPECIFIED.);
#103=PLANE('',#1280);
#104=PLANE('',#1281);
#105=PLANE('',#1282);
#106=PLANE('',#1283);
#107=PLANE('',#1284);
#108=PLANE('',#1285);
#109=PLANE('',#1286);
#110=PLANE('',#1287);
#111=PLANE('',#1288);
#112=PLANE('',#1289);
#113=PLANE('',#1293);
#114=PLANE('',#1294);
#115=PLANE('',#1303);
#116=PLANE('',#1304);
#117=PLANE('',#1305);
#118=PLANE('',#1306);
#119=PLANE('',#1307);
#120=PLANE('',#1308);
#121=PLANE('',#1318);
#122=PLANE('',#1322);
#123=PLANE('',#1323);
#124=PLANE('',#1324);
#125=PLANE('',#1325);
#126=PLANE('',#1326);
#127=PLANE('',#1327);
#128=PLANE('',#1328);
#129=PLANE('',#1329);
#130=PLANE('',#1338);
#131=PLANE('',#1339);
#132=PLANE('',#1342);
#133=PLANE('',#1347);
#134=PLANE('',#1350);
#135=FACE_OUTER_BOUND('',#197,.T.);
#136=FACE_OUTER_BOUND('',#198,.T.);
#137=FACE_OUTER_BOUND('',#199,.T.);
#138=FACE_OUTER_BOUND('',#200,.T.);
#139=FACE_OUTER_BOUND('',#201,.T.);
#140=FACE_OUTER_BOUND('',#202,.T.);
#141=FACE_OUTER_BOUND('',#203,.T.);
#142=FACE_OUTER_BOUND('',#204,.T.);
#143=FACE_OUTER_BOUND('',#206,.T.);
#144=FACE_OUTER_BOUND('',#207,.T.);
#145=FACE_OUTER_BOUND('',#208,.T.);
#146=FACE_OUTER_BOUND('',#209,.T.);
#147=FACE_OUTER_BOUND('',#210,.T.);
#148=FACE_OUTER_BOUND('',#211,.T.);
#149=FACE_OUTER_BOUND('',#216,.T.);
#150=FACE_OUTER_BOUND('',#217,.T.);
#151=FACE_OUTER_BOUND('',#218,.T.);
#152=FACE_OUTER_BOUND('',#219,.T.);
#153=FACE_OUTER_BOUND('',#220,.T.);
#154=FACE_OUTER_BOUND('',#221,.T.);
#155=FACE_OUTER_BOUND('',#222,.T.);
#156=FACE_OUTER_BOUND('',#223,.T.);
#157=FACE_OUTER_BOUND('',#224,.T.);
#158=FACE_OUTER_BOUND('',#225,.T.);
#159=FACE_OUTER_BOUND('',#227,.T.);
#160=FACE_OUTER_BOUND('',#228,.T.);
#161=FACE_OUTER_BOUND('',#230,.T.);
#162=FACE_OUTER_BOUND('',#231,.T.);
#163=FACE_OUTER_BOUND('',#232,.T.);
#164=FACE_OUTER_BOUND('',#233,.T.);
#165=FACE_OUTER_BOUND('',#234,.T.);
#166=FACE_OUTER_BOUND('',#235,.T.);
#167=FACE_OUTER_BOUND('',#236,.T.);
#168=FACE_OUTER_BOUND('',#237,.T.);
#169=FACE_OUTER_BOUND('',#238,.T.);
#170=FACE_OUTER_BOUND('',#239,.T.);
#171=FACE_OUTER_BOUND('',#240,.T.);
#172=FACE_OUTER_BOUND('',#241,.T.);
#173=FACE_OUTER_BOUND('',#242,.T.);
#174=FACE_OUTER_BOUND('',#243,.T.);
#175=FACE_OUTER_BOUND('',#244,.T.);
#176=FACE_OUTER_BOUND('',#245,.T.);
#177=FACE_OUTER_BOUND('',#246,.T.);
#178=FACE_OUTER_BOUND('',#247,.T.);
#179=FACE_OUTER_BOUND('',#248,.T.);
#180=FACE_OUTER_BOUND('',#249,.T.);
#181=FACE_OUTER_BOUND('',#250,.T.);
#182=FACE_OUTER_BOUND('',#251,.T.);
#183=FACE_OUTER_BOUND('',#252,.T.);
#184=FACE_OUTER_BOUND('',#253,.T.);
#185=FACE_OUTER_BOUND('',#254,.T.);
#186=FACE_OUTER_BOUND('',#255,.T.);
#187=FACE_OUTER_BOUND('',#256,.T.);
#188=FACE_OUTER_BOUND('',#257,.T.);
#189=FACE_OUTER_BOUND('',#258,.T.);
#190=FACE_OUTER_BOUND('',#259,.T.);
#191=FACE_OUTER_BOUND('',#260,.T.);
#192=FACE_OUTER_BOUND('',#261,.T.);
#193=FACE_OUTER_BOUND('',#262,.T.);
#194=FACE_OUTER_BOUND('',#263,.T.);
#195=FACE_OUTER_BOUND('',#264,.T.);
#196=FACE_OUTER_BOUND('',#265,.T.);
#197=EDGE_LOOP('',(#823,#824,#825,#826));
#198=EDGE_LOOP('',(#827,#828,#829,#830,#831,#832));
#199=EDGE_LOOP('',(#833,#834,#835,#836,#837,#838));
#200=EDGE_LOOP('',(#839,#840,#841,#842));
#201=EDGE_LOOP('',(#843,#844,#845));
#202=EDGE_LOOP('',(#846,#847,#848));
#203=EDGE_LOOP('',(#849,#850,#851,#852,#853));
#204=EDGE_LOOP('',(#854,#855,#856,#857));
#205=EDGE_LOOP('',(#858));
#206=EDGE_LOOP('',(#859,#860,#861,#862,#863));
#207=EDGE_LOOP('',(#864,#865,#866,#867,#868,#869));
#208=EDGE_LOOP('',(#870,#871,#872,#873,#874,#875));
#209=EDGE_LOOP('',(#876,#877,#878,#879));
#210=EDGE_LOOP('',(#880,#881,#882,#883,#884,#885));
#211=EDGE_LOOP('',(#886,#887,#888,#889,#890,#891,#892,#893,#894,#895,#896,
#897,#898,#899,#900,#901,#902,#903,#904,#905,#906,#907,#908,#909,#910,#911,
#912,#913,#914,#915,#916,#917,#918,#919,#920,#921,#922,#923,#924,#925,#926,
#927,#928,#929));
#212=EDGE_LOOP('',(#930));
#213=EDGE_LOOP('',(#931));
#214=EDGE_LOOP('',(#932));
#215=EDGE_LOOP('',(#933));
#216=EDGE_LOOP('',(#934,#935,#936,#937));
#217=EDGE_LOOP('',(#938,#939,#940,#941,#942,#943));
#218=EDGE_LOOP('',(#944,#945,#946,#947));
#219=EDGE_LOOP('',(#948,#949,#950,#951,#952,#953));
#220=EDGE_LOOP('',(#954,#955,#956,#957,#958,#959));
#221=EDGE_LOOP('',(#960,#961,#962,#963,#964,#965));
#222=EDGE_LOOP('',(#966,#967,#968,#969));
#223=EDGE_LOOP('',(#970,#971,#972,#973));
#224=EDGE_LOOP('',(#974,#975,#976,#977));
#225=EDGE_LOOP('',(#978,#979,#980,#981));
#226=EDGE_LOOP('',(#982));
#227=EDGE_LOOP('',(#983,#984,#985,#986));
#228=EDGE_LOOP('',(#987,#988,#989,#990,#991,#992,#993,#994,#995,#996,#997,
#998,#999,#1000));
#229=EDGE_LOOP('',(#1001,#1002));
#230=EDGE_LOOP('',(#1003,#1004,#1005,#1006));
#231=EDGE_LOOP('',(#1007,#1008,#1009,#1010,#1011,#1012));
#232=EDGE_LOOP('',(#1013,#1014,#1015,#1016));
#233=EDGE_LOOP('',(#1017,#1018,#1019,#1020,#1021,#1022));
#234=EDGE_LOOP('',(#1023,#1024,#1025,#1026));
#235=EDGE_LOOP('',(#1027,#1028,#1029,#1030));
#236=EDGE_LOOP('',(#1031,#1032,#1033,#1034));
#237=EDGE_LOOP('',(#1035,#1036,#1037,#1038));
#238=EDGE_LOOP('',(#1039,#1040,#1041,#1042,#1043,#1044));
#239=EDGE_LOOP('',(#1045,#1046,#1047,#1048));
#240=EDGE_LOOP('',(#1049,#1050,#1051,#1052));
#241=EDGE_LOOP('',(#1053,#1054,#1055,#1056));
#242=EDGE_LOOP('',(#1057,#1058,#1059,#1060));
#243=EDGE_LOOP('',(#1061,#1062,#1063,#1064));
#244=EDGE_LOOP('',(#1065,#1066,#1067,#1068));
#245=EDGE_LOOP('',(#1069,#1070,#1071,#1072));
#246=EDGE_LOOP('',(#1073,#1074,#1075,#1076,#1077,#1078));
#247=EDGE_LOOP('',(#1079,#1080,#1081,#1082));
#248=EDGE_LOOP('',(#1083,#1084,#1085,#1086));
#249=EDGE_LOOP('',(#1087,#1088,#1089,#1090));
#250=EDGE_LOOP('',(#1091,#1092,#1093,#1094));
#251=EDGE_LOOP('',(#1095,#1096,#1097,#1098));
#252=EDGE_LOOP('',(#1099,#1100,#1101,#1102));
#253=EDGE_LOOP('',(#1103,#1104,#1105,#1106));
#254=EDGE_LOOP('',(#1107,#1108,#1109,#1110));
#255=EDGE_LOOP('',(#1111,#1112,#1113,#1114));
#256=EDGE_LOOP('',(#1115,#1116,#1117,#1118));
#257=EDGE_LOOP('',(#1119,#1120,#1121,#1122,#1123,#1124));
#258=EDGE_LOOP('',(#1125,#1126,#1127,#1128));
#259=EDGE_LOOP('',(#1129,#1130,#1131,#1132));
#260=EDGE_LOOP('',(#1133,#1134,#1135,#1136));
#261=EDGE_LOOP('',(#1137,#1138,#1139,#1140));
#262=EDGE_LOOP('',(#1141,#1142,#1143,#1144));
#263=EDGE_LOOP('',(#1145,#1146,#1147,#1148));
#264=EDGE_LOOP('',(#1149,#1150,#1151,#1152));
#265=EDGE_LOOP('',(#1153,#1154,#1155,#1156,#1157,#1158,#1159,#1160));
#266=EDGE_LOOP('',(#1161,#1162,#1163,#1164,#1165,#1166,#1167,#1168));
#267=EDGE_LOOP('',(#1169,#1170,#1171,#1172,#1173,#1174,#1175,#1176));
#268=EDGE_LOOP('',(#1177,#1178));
#269=EDGE_LOOP('',(#1179));
#270=EDGE_LOOP('',(#1180));
#271=EDGE_LOOP('',(#1181));
#272=EDGE_LOOP('',(#1182));
#273=EDGE_LOOP('',(#1183,#1184,#1185,#1186,#1187,#1188,#1189,#1190));
#274=EDGE_LOOP('',(#1191,#1192,#1193,#1194,#1195,#1196,#1197,#1198));
#275=LINE('',#1610,#379);
#276=LINE('',#1615,#380);
#277=LINE('',#1617,#381);
#278=LINE('',#1619,#382);
#279=LINE('',#1621,#383);
#280=LINE('',#1623,#384);
#281=LINE('',#1624,#385);
#282=LINE('',#1627,#386);
#283=LINE('',#1629,#387);
#284=LINE('',#1631,#388);
#285=LINE('',#1637,#389);
#286=LINE('',#1641,#390);
#287=LINE('',#1643,#391);
#288=LINE('',#1645,#392);
#289=LINE('',#1646,#393);
#290=LINE('',#1649,#394);
#291=LINE('',#1651,#395);
#292=LINE('',#1652,#396);
#293=LINE('',#1654,#397);
#294=LINE('',#1656,#398);
#295=LINE('',#1657,#399);
#296=LINE('',#1659,#400);
#297=LINE('',#1661,#401);
#298=LINE('',#1662,#402);
#299=LINE('',#1665,#403);
#300=LINE('',#1666,#404);
#301=LINE('',#1668,#405);
#302=LINE('',#1672,#406);
#303=LINE('',#1679,#407);
#304=LINE('',#1680,#408);
#305=LINE('',#1684,#409);
#306=LINE('',#1688,#410);
#307=LINE('',#1692,#411);
#308=LINE('',#1694,#412);
#309=LINE('',#1696,#413);
#310=LINE('',#1698,#414);
#311=LINE('',#1699,#415);
#312=LINE('',#1704,#416);
#313=LINE('',#1708,#417);
#314=LINE('',#1712,#418);
#315=LINE('',#1715,#419);
#316=LINE('',#1735,#420);
#317=LINE('',#1737,#421);
#318=LINE('',#1764,#422);
#319=LINE('',#1785,#423);
#320=LINE('',#1787,#424);
#321=LINE('',#1789,#425);
#322=LINE('',#1816,#426);
#323=LINE('',#1843,#427);
#324=LINE('',#1845,#428);
#325=LINE('',#1847,#429);
#326=LINE('',#1868,#430);
#327=LINE('',#1895,#431);
#328=LINE('',#1896,#432);
#329=LINE('',#1916,#433);
#330=LINE('',#1927,#434);
#331=LINE('',#1929,#435);
#332=LINE('',#1930,#436);
#333=LINE('',#1933,#437);
#334=LINE('',#1935,#438);
#335=LINE('',#1937,#439);
#336=LINE('',#1944,#440);
#337=LINE('',#1946,#441);
#338=LINE('',#1947,#442);
#339=LINE('',#1950,#443);
#340=LINE('',#1952,#444);
#341=LINE('',#1954,#445);
#342=LINE('',#1961,#446);
#343=LINE('',#1962,#447);
#344=LINE('',#1965,#448);
#345=LINE('',#1966,#449);
#346=LINE('',#1970,#450);
#347=LINE('',#1976,#451);
#348=LINE('',#1984,#452);
#349=LINE('',#1987,#453);
#350=LINE('',#1989,#454);
#351=LINE('',#1990,#455);
#352=LINE('',#1996,#456);
#353=LINE('',#1999,#457);
#354=LINE('',#2001,#458);
#355=LINE('',#2002,#459);
#356=LINE('',#2003,#460);
#357=LINE('',#2004,#461);
#358=LINE('',#2071,#462);
#359=LINE('',#2125,#463);
#360=LINE('',#2266,#464);
#361=LINE('',#2319,#465);
#362=LINE('',#2406,#466);
#363=LINE('',#2479,#467);
#364=LINE('',#2571,#468);
#365=LINE('',#2665,#469);
#366=LINE('',#2669,#470);
#367=LINE('',#2673,#471);
#368=LINE('',#2677,#472);
#369=LINE('',#2680,#473);
#370=LINE('',#2684,#474);
#371=LINE('',#2685,#475);
#372=LINE('',#2686,#476);
#373=LINE('',#2690,#477);
#374=LINE('',#2693,#478);
#375=LINE('',#2694,#479);
#376=LINE('',#2700,#480);
#377=LINE('',#2703,#481);
#378=LINE('',#2704,#482);
#379=VECTOR('',#1357,1.25);
#380=VECTOR('',#1362,10.);
#381=VECTOR('',#1363,10.);
#382=VECTOR('',#1364,10.);
#383=VECTOR('',#1365,10.);
#384=VECTOR('',#1366,10.);
#385=VECTOR('',#1367,10.);
#386=VECTOR('',#1370,10.);
#387=VECTOR('',#1371,10.);
#388=VECTOR('',#1372,10.);
#389=VECTOR('',#1373,10.);
#390=VECTOR('',#1376,10.);
#391=VECTOR('',#1377,10.);
#392=VECTOR('',#1378,10.);
#393=VECTOR('',#1379,10.);
#394=VECTOR('',#1382,10.);
#395=VECTOR('',#1383,10.);
#396=VECTOR('',#1384,10.);
#397=VECTOR('',#1387,10.);
#398=VECTOR('',#1388,10.);
#399=VECTOR('',#1389,10.);
#400=VECTOR('',#1392,10.);
#401=VECTOR('',#1393,10.);
#402=VECTOR('',#1394,10.);
#403=VECTOR('',#1397,10.);
#404=VECTOR('',#1398,10.);
#405=VECTOR('',#1401,10.);
#406=VECTOR('',#1406,10.);
#407=VECTOR('',#1407,10.);
#408=VECTOR('',#1408,10.);
#409=VECTOR('',#1411,10.);
#410=VECTOR('',#1414,10.);
#411=VECTOR('',#1419,10.);
#412=VECTOR('',#1420,10.);
#413=VECTOR('',#1421,10.);
#414=VECTOR('',#1422,10.);
#415=VECTOR('',#1423,10.);
#416=VECTOR('',#1428,10.);
#417=VECTOR('',#1431,10.);
#418=VECTOR('',#1434,10.);
#419=VECTOR('',#1437,10.);
#420=VECTOR('',#1438,10.);
#421=VECTOR('',#1439,10.);
#422=VECTOR('',#1440,10.);
#423=VECTOR('',#1441,10.);
#424=VECTOR('',#1442,10.);
#425=VECTOR('',#1443,10.);
#426=VECTOR('',#1444,10.);
#427=VECTOR('',#1445,10.);
#428=VECTOR('',#1446,10.);
#429=VECTOR('',#1447,10.);
#430=VECTOR('',#1448,10.);
#431=VECTOR('',#1449,10.);
#432=VECTOR('',#1450,10.);
#433=VECTOR('',#1451,10.);
#434=VECTOR('',#1462,10.);
#435=VECTOR('',#1463,10.);
#436=VECTOR('',#1464,10.);
#437=VECTOR('',#1467,10.);
#438=VECTOR('',#1468,10.);
#439=VECTOR('',#1469,10.);
#440=VECTOR('',#1472,10.);
#441=VECTOR('',#1473,10.);
#442=VECTOR('',#1474,10.);
#443=VECTOR('',#1477,10.);
#444=VECTOR('',#1478,10.);
#445=VECTOR('',#1479,10.);
#446=VECTOR('',#1482,10.);
#447=VECTOR('',#1483,10.);
#448=VECTOR('',#1486,10.);
#449=VECTOR('',#1487,10.);
#450=VECTOR('',#1490,10.);
#451=VECTOR('',#1497,10.);
#452=VECTOR('',#1506,10.);
#453=VECTOR('',#1509,10.);
#454=VECTOR('',#1512,10.);
#455=VECTOR('',#1513,10.);
#456=VECTOR('',#1518,10.);
#457=VECTOR('',#1521,10.);
#458=VECTOR('',#1524,10.);
#459=VECTOR('',#1525,10.);
#460=VECTOR('',#1526,10.);
#461=VECTOR('',#1527,10.);
#462=VECTOR('',#1530,10.);
#463=VECTOR('',#1533,10.);
#464=VECTOR('',#1536,10.);
#465=VECTOR('',#1539,10.);
#466=VECTOR('',#1542,10.);
#467=VECTOR('',#1545,10.);
#468=VECTOR('',#1548,10.);
#469=VECTOR('',#1551,1.49999999999999);
#470=VECTOR('',#1556,1.49999999999999);
#471=VECTOR('',#1561,1.49999999999999);
#472=VECTOR('',#1566,1.49999999999999);
#473=VECTOR('',#1571,10.);
#474=VECTOR('',#1574,10.);
#475=VECTOR('',#1575,10.);
#476=VECTOR('',#1576,10.);
#477=VECTOR('',#1581,10.);
#478=VECTOR('',#1584,10.);
#479=VECTOR('',#1585,10.);
#480=VECTOR('',#1594,10.);
#481=VECTOR('',#1597,10.);
#482=VECTOR('',#1598,10.);
#483=CIRCLE('',#1278,1.25);
#484=CIRCLE('',#1279,1.25);
#485=CIRCLE('',#1291,3.);
#486=CIRCLE('',#1292,3.);
#487=CIRCLE('',#1295,3.);
#488=CIRCLE('',#1296,3.);
#489=CIRCLE('',#1297,3.);
#490=CIRCLE('',#1298,3.);
#491=CIRCLE('',#1299,1.49999999999999);
#492=CIRCLE('',#1300,1.49999999999999);
#493=CIRCLE('',#1301,1.49999999999999);
#494=CIRCLE('',#1302,1.49999999999999);
#495=CIRCLE('',#1310,5.0000000372529);
#496=CIRCLE('',#1311,5.0000000372529);
#497=CIRCLE('',#1313,5.0000000372529);
#498=CIRCLE('',#1314,5.0000000372529);
#499=CIRCLE('',#1316,2.5000000372529);
#500=CIRCLE('',#1317,2.5000000372529);
#501=CIRCLE('',#1320,5.0000000372529);
#502=CIRCLE('',#1321,5.0000000372529);
#503=CIRCLE('',#1331,1.49999999999999);
#504=CIRCLE('',#1333,1.49999999999999);
#505=CIRCLE('',#1335,1.49999999999999);
#506=CIRCLE('',#1337,1.49999999999999);
#507=CIRCLE('',#1341,3.);
#508=CIRCLE('',#1344,3.);
#509=CIRCLE('',#1346,3.);
#510=CIRCLE('',#1349,3.);
#511=VERTEX_POINT('',#1607);
#512=VERTEX_POINT('',#1609);
#513=VERTEX_POINT('',#1613);
#514=VERTEX_POINT('',#1614);
#515=VERTEX_POINT('',#1616);
#516=VERTEX_POINT('',#1618);
#517=VERTEX_POINT('',#1620);
#518=VERTEX_POINT('',#1622);
#519=VERTEX_POINT('',#1626);
#520=VERTEX_POINT('',#1628);
#521=VERTEX_POINT('',#1630);
#522=VERTEX_POINT('',#1632);
#523=VERTEX_POINT('',#1639);
#524=VERTEX_POINT('',#1640);
#525=VERTEX_POINT('',#1642);
#526=VERTEX_POINT('',#1644);
#527=VERTEX_POINT('',#1648);
#528=VERTEX_POINT('',#1650);
#529=VERTEX_POINT('',#1655);
#530=VERTEX_POINT('',#1660);
#531=VERTEX_POINT('',#1664);
#532=VERTEX_POINT('',#1671);
#533=VERTEX_POINT('',#1673);
#534=VERTEX_POINT('',#1678);
#535=VERTEX_POINT('',#1682);
#536=VERTEX_POINT('',#1683);
#537=VERTEX_POINT('',#1685);
#538=VERTEX_POINT('',#1687);
#539=VERTEX_POINT('',#1691);
#540=VERTEX_POINT('',#1693);
#541=VERTEX_POINT('',#1695);
#542=VERTEX_POINT('',#1697);
#543=VERTEX_POINT('',#1701);
#544=VERTEX_POINT('',#1703);
#545=VERTEX_POINT('',#1705);
#546=VERTEX_POINT('',#1707);
#547=VERTEX_POINT('',#1709);
#548=VERTEX_POINT('',#1711);
#549=VERTEX_POINT('',#1714);
#550=VERTEX_POINT('',#1716);
#551=VERTEX_POINT('',#1734);
#552=VERTEX_POINT('',#1736);
#553=VERTEX_POINT('',#1738);
#554=VERTEX_POINT('',#1743);
#555=VERTEX_POINT('',#1763);
#556=VERTEX_POINT('',#1765);
#557=VERTEX_POINT('',#1770);
#558=VERTEX_POINT('',#1784);
#559=VERTEX_POINT('',#1786);
#560=VERTEX_POINT('',#1788);
#561=VERTEX_POINT('',#1790);
#562=VERTEX_POINT('',#1795);
#563=VERTEX_POINT('',#1815);
#564=VERTEX_POINT('',#1817);
#565=VERTEX_POINT('',#1837);
#566=VERTEX_POINT('',#1842);
#567=VERTEX_POINT('',#1844);
#568=VERTEX_POINT('',#1846);
#569=VERTEX_POINT('',#1848);
#570=VERTEX_POINT('',#1853);
#571=VERTEX_POINT('',#1867);
#572=VERTEX_POINT('',#1869);
#573=VERTEX_POINT('',#1874);
#574=VERTEX_POINT('',#1894);
#575=VERTEX_POINT('',#1897);
#576=VERTEX_POINT('',#1902);
#577=VERTEX_POINT('',#1917);
#578=VERTEX_POINT('',#1919);
#579=VERTEX_POINT('',#1921);
#580=VERTEX_POINT('',#1923);
#581=VERTEX_POINT('',#1926);
#582=VERTEX_POINT('',#1928);
#583=VERTEX_POINT('',#1932);
#584=VERTEX_POINT('',#1934);
#585=VERTEX_POINT('',#1936);
#586=VERTEX_POINT('',#1943);
#587=VERTEX_POINT('',#1945);
#588=VERTEX_POINT('',#1949);
#589=VERTEX_POINT('',#1951);
#590=VERTEX_POINT('',#1953);
#591=VERTEX_POINT('',#1960);
#592=VERTEX_POINT('',#1964);
#593=VERTEX_POINT('',#1968);
#594=VERTEX_POINT('',#1969);
#595=VERTEX_POINT('',#1974);
#596=VERTEX_POINT('',#1975);
#597=VERTEX_POINT('',#1980);
#598=VERTEX_POINT('',#1981);
#599=VERTEX_POINT('',#1983);
#600=VERTEX_POINT('',#1985);
#601=VERTEX_POINT('',#1992);
#602=VERTEX_POINT('',#1993);
#603=VERTEX_POINT('',#1995);
#604=VERTEX_POINT('',#1997);
#605=VERTEX_POINT('',#2041);
#606=VERTEX_POINT('',#2046);
#607=VERTEX_POINT('',#2100);
#608=VERTEX_POINT('',#2105);
#609=VERTEX_POINT('',#2124);
#610=VERTEX_POINT('',#2146);
#611=VERTEX_POINT('',#2211);
#612=VERTEX_POINT('',#2216);
#613=VERTEX_POINT('',#2256);
#614=VERTEX_POINT('',#2295);
#615=VERTEX_POINT('',#2300);
#616=VERTEX_POINT('',#2376);
#617=VERTEX_POINT('',#2381);
#618=VERTEX_POINT('',#2455);
#619=VERTEX_POINT('',#2460);
#620=VERTEX_POINT('',#2496);
#621=VERTEX_POINT('',#2541);
#622=VERTEX_POINT('',#2546);
#623=VERTEX_POINT('',#2588);
#624=VERTEX_POINT('',#2625);
#625=VERTEX_POINT('',#2664);
#626=VERTEX_POINT('',#2668);
#627=VERTEX_POINT('',#2672);
#628=VERTEX_POINT('',#2676);
#629=VERTEX_POINT('',#2682);
#630=VERTEX_POINT('',#2683);
#631=VERTEX_POINT('',#2688);
#632=VERTEX_POINT('',#2692);
#633=VERTEX_POINT('',#2698);
#634=VERTEX_POINT('',#2702);
#635=EDGE_CURVE('',#511,#511,#483,.T.);
#636=EDGE_CURVE('',#511,#512,#275,.T.);
#637=EDGE_CURVE('',#512,#512,#484,.T.);
#638=EDGE_CURVE('',#513,#514,#276,.T.);
#639=EDGE_CURVE('',#513,#515,#277,.T.);
#640=EDGE_CURVE('',#516,#515,#278,.T.);
#641=EDGE_CURVE('',#517,#516,#279,.F.);
#642=EDGE_CURVE('',#517,#518,#280,.T.);
#643=EDGE_CURVE('',#518,#514,#281,.T.);
#644=EDGE_CURVE('',#514,#519,#282,.T.);
#645=EDGE_CURVE('',#520,#519,#283,.T.);
#646=EDGE_CURVE('',#521,#520,#284,.T.);
#647=EDGE_CURVE('',#522,#521,#47,.T.);
#648=EDGE_CURVE('',#522,#513,#285,.T.);
#649=EDGE_CURVE('',#523,#524,#286,.T.);
#650=EDGE_CURVE('',#523,#525,#287,.T.);
#651=EDGE_CURVE('',#526,#525,#288,.T.);
#652=EDGE_CURVE('',#524,#526,#289,.T.);
#653=EDGE_CURVE('',#524,#527,#290,.T.);
#654=EDGE_CURVE('',#528,#524,#291,.F.);
#655=EDGE_CURVE('',#527,#528,#292,.F.);
#656=EDGE_CURVE('',#519,#526,#293,.T.);
#657=EDGE_CURVE('',#519,#529,#294,.T.);
#658=EDGE_CURVE('',#526,#529,#295,.F.);
#659=EDGE_CURVE('',#527,#516,#296,.T.);
#660=EDGE_CURVE('',#530,#528,#297,.T.);
#661=EDGE_CURVE('',#517,#530,#298,.T.);
#662=EDGE_CURVE('',#531,#530,#299,.T.);
#663=EDGE_CURVE('',#518,#531,#300,.T.);
#664=EDGE_CURVE('',#529,#531,#301,.T.);
#665=EDGE_CURVE('',#515,#532,#302,.T.);
#666=EDGE_CURVE('',#533,#532,#48,.T.);
#667=EDGE_CURVE('',#534,#533,#303,.T.);
#668=EDGE_CURVE('',#527,#534,#304,.T.);
#669=EDGE_CURVE('',#535,#536,#305,.T.);
#670=EDGE_CURVE('',#537,#535,#485,.T.);
#671=EDGE_CURVE('',#538,#537,#306,.T.);
#672=EDGE_CURVE('',#536,#538,#486,.T.);
#673=EDGE_CURVE('',#539,#535,#307,.T.);
#674=EDGE_CURVE('',#540,#539,#308,.T.);
#675=EDGE_CURVE('',#540,#541,#309,.T.);
#676=EDGE_CURVE('',#541,#542,#310,.T.);
#677=EDGE_CURVE('',#537,#542,#311,.T.);
#678=EDGE_CURVE('',#542,#543,#487,.T.);
#679=EDGE_CURVE('',#543,#544,#312,.T.);
#680=EDGE_CURVE('',#544,#545,#488,.T.);
#681=EDGE_CURVE('',#545,#546,#313,.T.);
#682=EDGE_CURVE('',#546,#547,#489,.T.);
#683=EDGE_CURVE('',#547,#548,#314,.T.);
#684=EDGE_CURVE('',#548,#539,#490,.T.);
#685=EDGE_CURVE('',#536,#549,#315,.T.);
#686=EDGE_CURVE('',#550,#549,#49,.T.);
#687=EDGE_CURVE('',#521,#550,#50,.T.);
#688=EDGE_CURVE('',#520,#551,#316,.T.);
#689=EDGE_CURVE('',#551,#552,#317,.T.);
#690=EDGE_CURVE('',#553,#552,#51,.T.);
#691=EDGE_CURVE('',#554,#553,#52,.T.);
#692=EDGE_CURVE('',#554,#555,#318,.T.);
#693=EDGE_CURVE('',#556,#555,#53,.T.);
#694=EDGE_CURVE('',#557,#556,#54,.T.);
#695=EDGE_CURVE('',#557,#558,#319,.T.);
#696=EDGE_CURVE('',#558,#559,#320,.T.);
#697=EDGE_CURVE('',#559,#560,#321,.T.);
#698=EDGE_CURVE('',#561,#560,#55,.T.);
#699=EDGE_CURVE('',#562,#561,#56,.T.);
#700=EDGE_CURVE('',#562,#563,#322,.T.);
#701=EDGE_CURVE('',#564,#563,#57,.T.);
#702=EDGE_CURVE('',#565,#564,#58,.T.);
#703=EDGE_CURVE('',#565,#566,#323,.T.);
#704=EDGE_CURVE('',#566,#567,#324,.T.);
#705=EDGE_CURVE('',#567,#568,#325,.T.);
#706=EDGE_CURVE('',#569,#568,#59,.T.);
#707=EDGE_CURVE('',#570,#569,#60,.T.);
#708=EDGE_CURVE('',#570,#571,#326,.T.);
#709=EDGE_CURVE('',#572,#571,#61,.T.);
#710=EDGE_CURVE('',#573,#572,#62,.T.);
#711=EDGE_CURVE('',#573,#574,#327,.T.);
#712=EDGE_CURVE('',#574,#534,#328,.T.);
#713=EDGE_CURVE('',#575,#533,#63,.T.);
#714=EDGE_CURVE('',#576,#575,#64,.T.);
#715=EDGE_CURVE('',#576,#538,#329,.T.);
#716=EDGE_CURVE('',#577,#577,#491,.T.);
#717=EDGE_CURVE('',#578,#578,#492,.T.);
#718=EDGE_CURVE('',#579,#579,#493,.T.);
#719=EDGE_CURVE('',#580,#580,#494,.T.);
#720=EDGE_CURVE('',#558,#581,#330,.T.);
#721=EDGE_CURVE('',#581,#582,#331,.T.);
#722=EDGE_CURVE('',#582,#559,#332,.T.);
#723=EDGE_CURVE('',#583,#582,#333,.T.);
#724=EDGE_CURVE('',#584,#583,#334,.T.);
#725=EDGE_CURVE('',#584,#585,#335,.T.);
#726=EDGE_CURVE('',#560,#585,#65,.T.);
#727=EDGE_CURVE('',#566,#586,#336,.T.);
#728=EDGE_CURVE('',#586,#587,#337,.T.);
#729=EDGE_CURVE('',#587,#567,#338,.T.);
#730=EDGE_CURVE('',#588,#587,#339,.T.);
#731=EDGE_CURVE('',#589,#588,#340,.T.);
#732=EDGE_CURVE('',#590,#589,#341,.T.);
#733=EDGE_CURVE('',#568,#590,#66,.T.);
#734=EDGE_CURVE('',#574,#591,#342,.T.);
#735=EDGE_CURVE('',#591,#523,#343,.T.);
#736=EDGE_CURVE('',#525,#592,#344,.T.);
#737=EDGE_CURVE('',#592,#551,#345,.T.);
#738=EDGE_CURVE('',#593,#594,#346,.T.);
#739=EDGE_CURVE('',#594,#584,#495,.T.);
#740=EDGE_CURVE('',#593,#583,#496,.T.);
#741=EDGE_CURVE('',#595,#596,#347,.T.);
#742=EDGE_CURVE('',#596,#589,#497,.T.);
#743=EDGE_CURVE('',#595,#588,#498,.T.);
#744=EDGE_CURVE('',#597,#598,#499,.T.);
#745=EDGE_CURVE('',#598,#599,#348,.T.);
#746=EDGE_CURVE('',#600,#599,#500,.T.);
#747=EDGE_CURVE('',#597,#600,#349,.T.);
#748=EDGE_CURVE('',#598,#597,#350,.T.);
#749=EDGE_CURVE('',#599,#600,#351,.T.);
#750=EDGE_CURVE('',#601,#602,#501,.T.);
#751=EDGE_CURVE('',#602,#603,#352,.T.);
#752=EDGE_CURVE('',#604,#603,#502,.T.);
#753=EDGE_CURVE('',#601,#604,#353,.T.);
#754=EDGE_CURVE('',#591,#595,#354,.T.);
#755=EDGE_CURVE('',#586,#593,#355,.T.);
#756=EDGE_CURVE('',#581,#604,#356,.T.);
#757=EDGE_CURVE('',#603,#592,#357,.T.);
#758=EDGE_CURVE('',#572,#605,#67,.T.);
#759=EDGE_CURVE('',#606,#605,#68,.F.);
#760=EDGE_CURVE('',#606,#573,#69,.T.);
#761=EDGE_CURVE('',#606,#596,#358,.T.);
#762=EDGE_CURVE('',#575,#607,#70,.T.);
#763=EDGE_CURVE('',#608,#607,#71,.F.);
#764=EDGE_CURVE('',#608,#576,#72,.T.);
#765=EDGE_CURVE('',#608,#609,#359,.T.);
#766=EDGE_CURVE('',#549,#609,#73,.T.);
#767=EDGE_CURVE('',#571,#610,#74,.T.);
#768=EDGE_CURVE('',#610,#605,#75,.T.);
#769=EDGE_CURVE('',#532,#607,#76,.T.);
#770=EDGE_CURVE('',#563,#611,#77,.T.);
#771=EDGE_CURVE('',#612,#611,#78,.F.);
#772=EDGE_CURVE('',#612,#564,#79,.T.);
#773=EDGE_CURVE('',#612,#613,#80,.T.);
#774=EDGE_CURVE('',#613,#565,#81,.T.);
#775=EDGE_CURVE('',#613,#594,#360,.T.);
#776=EDGE_CURVE('',#569,#614,#82,.T.);
#777=EDGE_CURVE('',#615,#614,#83,.F.);
#778=EDGE_CURVE('',#615,#570,#84,.T.);
#779=EDGE_CURVE('',#615,#610,#361,.T.);
#780=EDGE_CURVE('',#590,#614,#85,.T.);
#781=EDGE_CURVE('',#561,#616,#86,.T.);
#782=EDGE_CURVE('',#617,#616,#87,.F.);
#783=EDGE_CURVE('',#617,#562,#88,.T.);
#784=EDGE_CURVE('',#617,#611,#362,.T.);
#785=EDGE_CURVE('',#585,#616,#89,.T.);
#786=EDGE_CURVE('',#556,#618,#90,.T.);
#787=EDGE_CURVE('',#619,#618,#91,.F.);
#788=EDGE_CURVE('',#619,#557,#92,.T.);
#789=EDGE_CURVE('',#619,#601,#363,.T.);
#790=EDGE_CURVE('',#555,#620,#93,.T.);
#791=EDGE_CURVE('',#620,#618,#94,.T.);
#792=EDGE_CURVE('',#553,#621,#95,.T.);
#793=EDGE_CURVE('',#622,#621,#96,.F.);
#794=EDGE_CURVE('',#622,#554,#97,.T.);
#795=EDGE_CURVE('',#622,#620,#364,.T.);
#796=EDGE_CURVE('',#552,#623,#98,.T.);
#797=EDGE_CURVE('',#623,#621,#99,.T.);
#798=EDGE_CURVE('',#550,#624,#100,.T.);
#799=EDGE_CURVE('',#522,#624,#101,.F.);
#800=EDGE_CURVE('',#609,#624,#102,.T.);
#801=EDGE_CURVE('',#580,#625,#365,.T.);
#802=EDGE_CURVE('',#625,#625,#503,.T.);
#803=EDGE_CURVE('',#579,#626,#366,.T.);
#804=EDGE_CURVE('',#626,#626,#504,.T.);
#805=EDGE_CURVE('',#578,#627,#367,.T.);
#806=EDGE_CURVE('',#627,#627,#505,.T.);
#807=EDGE_CURVE('',#577,#628,#368,.T.);
#808=EDGE_CURVE('',#628,#628,#506,.T.);
#809=EDGE_CURVE('',#602,#623,#369,.T.);
#810=EDGE_CURVE('',#629,#630,#370,.T.);
#811=EDGE_CURVE('',#630,#546,#371,.T.);
#812=EDGE_CURVE('',#629,#545,#372,.T.);
#813=EDGE_CURVE('',#631,#629,#507,.T.);
#814=EDGE_CURVE('',#631,#544,#373,.T.);
#815=EDGE_CURVE('',#632,#631,#374,.T.);
#816=EDGE_CURVE('',#632,#543,#375,.T.);
#817=EDGE_CURVE('',#541,#632,#508,.T.);
#818=EDGE_CURVE('',#633,#540,#509,.T.);
#819=EDGE_CURVE('',#633,#548,#376,.T.);
#820=EDGE_CURVE('',#634,#633,#377,.T.);
#821=EDGE_CURVE('',#634,#547,#378,.T.);
#822=EDGE_CURVE('',#630,#634,#510,.T.);
#823=ORIENTED_EDGE('',*,*,#635,.F.);
#824=ORIENTED_EDGE('',*,*,#636,.T.);
#825=ORIENTED_EDGE('',*,*,#637,.F.);
#826=ORIENTED_EDGE('',*,*,#636,.F.);
#827=ORIENTED_EDGE('',*,*,#638,.F.);
#828=ORIENTED_EDGE('',*,*,#639,.T.);
#829=ORIENTED_EDGE('',*,*,#640,.F.);
#830=ORIENTED_EDGE('',*,*,#641,.F.);
#831=ORIENTED_EDGE('',*,*,#642,.T.);
#832=ORIENTED_EDGE('',*,*,#643,.T.);
#833=ORIENTED_EDGE('',*,*,#638,.T.);
#834=ORIENTED_EDGE('',*,*,#644,.T.);
#835=ORIENTED_EDGE('',*,*,#645,.F.);
#836=ORIENTED_EDGE('',*,*,#646,.F.);
#837=ORIENTED_EDGE('',*,*,#647,.F.);
#838=ORIENTED_EDGE('',*,*,#648,.T.);
#839=ORIENTED_EDGE('',*,*,#649,.F.);
#840=ORIENTED_EDGE('',*,*,#650,.T.);
#841=ORIENTED_EDGE('',*,*,#651,.F.);
#842=ORIENTED_EDGE('',*,*,#652,.F.);
#843=ORIENTED_EDGE('',*,*,#653,.F.);
#844=ORIENTED_EDGE('',*,*,#654,.F.);
#845=ORIENTED_EDGE('',*,*,#655,.F.);
#846=ORIENTED_EDGE('',*,*,#656,.F.);
#847=ORIENTED_EDGE('',*,*,#657,.T.);
#848=ORIENTED_EDGE('',*,*,#658,.F.);
#849=ORIENTED_EDGE('',*,*,#659,.F.);
#850=ORIENTED_EDGE('',*,*,#655,.T.);
#851=ORIENTED_EDGE('',*,*,#660,.F.);
#852=ORIENTED_EDGE('',*,*,#661,.F.);
#853=ORIENTED_EDGE('',*,*,#641,.T.);
#854=ORIENTED_EDGE('',*,*,#642,.F.);
#855=ORIENTED_EDGE('',*,*,#661,.T.);
#856=ORIENTED_EDGE('',*,*,#662,.F.);
#857=ORIENTED_EDGE('',*,*,#663,.F.);
#858=ORIENTED_EDGE('',*,*,#637,.T.);
#859=ORIENTED_EDGE('',*,*,#663,.T.);
#860=ORIENTED_EDGE('',*,*,#664,.F.);
#861=ORIENTED_EDGE('',*,*,#657,.F.);
#862=ORIENTED_EDGE('',*,*,#644,.F.);
#863=ORIENTED_EDGE('',*,*,#643,.F.);
#864=ORIENTED_EDGE('',*,*,#652,.T.);
#865=ORIENTED_EDGE('',*,*,#658,.T.);
#866=ORIENTED_EDGE('',*,*,#664,.T.);
#867=ORIENTED_EDGE('',*,*,#662,.T.);
#868=ORIENTED_EDGE('',*,*,#660,.T.);
#869=ORIENTED_EDGE('',*,*,#654,.T.);
#870=ORIENTED_EDGE('',*,*,#640,.T.);
#871=ORIENTED_EDGE('',*,*,#665,.T.);
#872=ORIENTED_EDGE('',*,*,#666,.F.);
#873=ORIENTED_EDGE('',*,*,#667,.F.);
#874=ORIENTED_EDGE('',*,*,#668,.F.);
#875=ORIENTED_EDGE('',*,*,#659,.T.);
#876=ORIENTED_EDGE('',*,*,#669,.F.);
#877=ORIENTED_EDGE('',*,*,#670,.F.);
#878=ORIENTED_EDGE('',*,*,#671,.F.);
#879=ORIENTED_EDGE('',*,*,#672,.F.);
#880=ORIENTED_EDGE('',*,*,#670,.T.);
#881=ORIENTED_EDGE('',*,*,#673,.F.);
#882=ORIENTED_EDGE('',*,*,#674,.F.);
#883=ORIENTED_EDGE('',*,*,#675,.T.);
#884=ORIENTED_EDGE('',*,*,#676,.T.);
#885=ORIENTED_EDGE('',*,*,#677,.F.);
#886=ORIENTED_EDGE('',*,*,#671,.T.);
#887=ORIENTED_EDGE('',*,*,#677,.T.);
#888=ORIENTED_EDGE('',*,*,#678,.T.);
#889=ORIENTED_EDGE('',*,*,#679,.T.);
#890=ORIENTED_EDGE('',*,*,#680,.T.);
#891=ORIENTED_EDGE('',*,*,#681,.T.);
#892=ORIENTED_EDGE('',*,*,#682,.T.);
#893=ORIENTED_EDGE('',*,*,#683,.T.);
#894=ORIENTED_EDGE('',*,*,#684,.T.);
#895=ORIENTED_EDGE('',*,*,#673,.T.);
#896=ORIENTED_EDGE('',*,*,#669,.T.);
#897=ORIENTED_EDGE('',*,*,#685,.T.);
#898=ORIENTED_EDGE('',*,*,#686,.F.);
#899=ORIENTED_EDGE('',*,*,#687,.F.);
#900=ORIENTED_EDGE('',*,*,#646,.T.);
#901=ORIENTED_EDGE('',*,*,#688,.T.);
#902=ORIENTED_EDGE('',*,*,#689,.T.);
#903=ORIENTED_EDGE('',*,*,#690,.F.);
#904=ORIENTED_EDGE('',*,*,#691,.F.);
#905=ORIENTED_EDGE('',*,*,#692,.T.);
#906=ORIENTED_EDGE('',*,*,#693,.F.);
#907=ORIENTED_EDGE('',*,*,#694,.F.);
#908=ORIENTED_EDGE('',*,*,#695,.T.);
#909=ORIENTED_EDGE('',*,*,#696,.T.);
#910=ORIENTED_EDGE('',*,*,#697,.T.);
#911=ORIENTED_EDGE('',*,*,#698,.F.);
#912=ORIENTED_EDGE('',*,*,#699,.F.);
#913=ORIENTED_EDGE('',*,*,#700,.T.);
#914=ORIENTED_EDGE('',*,*,#701,.F.);
#915=ORIENTED_EDGE('',*,*,#702,.F.);
#916=ORIENTED_EDGE('',*,*,#703,.T.);
#917=ORIENTED_EDGE('',*,*,#704,.T.);
#918=ORIENTED_EDGE('',*,*,#705,.T.);
#919=ORIENTED_EDGE('',*,*,#706,.F.);
#920=ORIENTED_EDGE('',*,*,#707,.F.);
#921=ORIENTED_EDGE('',*,*,#708,.T.);
#922=ORIENTED_EDGE('',*,*,#709,.F.);
#923=ORIENTED_EDGE('',*,*,#710,.F.);
#924=ORIENTED_EDGE('',*,*,#711,.T.);
#925=ORIENTED_EDGE('',*,*,#712,.T.);
#926=ORIENTED_EDGE('',*,*,#667,.T.);
#927=ORIENTED_EDGE('',*,*,#713,.F.);
#928=ORIENTED_EDGE('',*,*,#714,.F.);
#929=ORIENTED_EDGE('',*,*,#715,.T.);
#930=ORIENTED_EDGE('',*,*,#716,.T.);
#931=ORIENTED_EDGE('',*,*,#717,.T.);
#932=ORIENTED_EDGE('',*,*,#718,.T.);
#933=ORIENTED_EDGE('',*,*,#719,.T.);
#934=ORIENTED_EDGE('',*,*,#720,.T.);
#935=ORIENTED_EDGE('',*,*,#721,.T.);
#936=ORIENTED_EDGE('',*,*,#722,.T.);
#937=ORIENTED_EDGE('',*,*,#696,.F.);
#938=ORIENTED_EDGE('',*,*,#723,.F.);
#939=ORIENTED_EDGE('',*,*,#724,.F.);
#940=ORIENTED_EDGE('',*,*,#725,.T.);
#941=ORIENTED_EDGE('',*,*,#726,.F.);
#942=ORIENTED_EDGE('',*,*,#697,.F.);
#943=ORIENTED_EDGE('',*,*,#722,.F.);
#944=ORIENTED_EDGE('',*,*,#727,.T.);
#945=ORIENTED_EDGE('',*,*,#728,.T.);
#946=ORIENTED_EDGE('',*,*,#729,.T.);
#947=ORIENTED_EDGE('',*,*,#704,.F.);
#948=ORIENTED_EDGE('',*,*,#730,.F.);
#949=ORIENTED_EDGE('',*,*,#731,.F.);
#950=ORIENTED_EDGE('',*,*,#732,.F.);
#951=ORIENTED_EDGE('',*,*,#733,.F.);
#952=ORIENTED_EDGE('',*,*,#705,.F.);
#953=ORIENTED_EDGE('',*,*,#729,.F.);
#954=ORIENTED_EDGE('',*,*,#734,.T.);
#955=ORIENTED_EDGE('',*,*,#735,.T.);
#956=ORIENTED_EDGE('',*,*,#649,.T.);
#957=ORIENTED_EDGE('',*,*,#653,.T.);
#958=ORIENTED_EDGE('',*,*,#668,.T.);
#959=ORIENTED_EDGE('',*,*,#712,.F.);
#960=ORIENTED_EDGE('',*,*,#645,.T.);
#961=ORIENTED_EDGE('',*,*,#656,.T.);
#962=ORIENTED_EDGE('',*,*,#651,.T.);
#963=ORIENTED_EDGE('',*,*,#736,.T.);
#964=ORIENTED_EDGE('',*,*,#737,.T.);
#965=ORIENTED_EDGE('',*,*,#688,.F.);
#966=ORIENTED_EDGE('',*,*,#738,.T.);
#967=ORIENTED_EDGE('',*,*,#739,.T.);
#968=ORIENTED_EDGE('',*,*,#724,.T.);
#969=ORIENTED_EDGE('',*,*,#740,.F.);
#970=ORIENTED_EDGE('',*,*,#741,.T.);
#971=ORIENTED_EDGE('',*,*,#742,.T.);
#972=ORIENTED_EDGE('',*,*,#731,.T.);
#973=ORIENTED_EDGE('',*,*,#743,.F.);
#974=ORIENTED_EDGE('',*,*,#744,.T.);
#975=ORIENTED_EDGE('',*,*,#745,.T.);
#976=ORIENTED_EDGE('',*,*,#746,.F.);
#977=ORIENTED_EDGE('',*,*,#747,.F.);
#978=ORIENTED_EDGE('',*,*,#748,.T.);
#979=ORIENTED_EDGE('',*,*,#747,.T.);
#980=ORIENTED_EDGE('',*,*,#749,.F.);
#981=ORIENTED_EDGE('',*,*,#745,.F.);
#982=ORIENTED_EDGE('',*,*,#635,.T.);
#983=ORIENTED_EDGE('',*,*,#750,.T.);
#984=ORIENTED_EDGE('',*,*,#751,.T.);
#985=ORIENTED_EDGE('',*,*,#752,.F.);
#986=ORIENTED_EDGE('',*,*,#753,.F.);
#987=ORIENTED_EDGE('',*,*,#650,.F.);
#988=ORIENTED_EDGE('',*,*,#735,.F.);
#989=ORIENTED_EDGE('',*,*,#754,.T.);
#990=ORIENTED_EDGE('',*,*,#743,.T.);
#991=ORIENTED_EDGE('',*,*,#730,.T.);
#992=ORIENTED_EDGE('',*,*,#728,.F.);
#993=ORIENTED_EDGE('',*,*,#755,.T.);
#994=ORIENTED_EDGE('',*,*,#740,.T.);
#995=ORIENTED_EDGE('',*,*,#723,.T.);
#996=ORIENTED_EDGE('',*,*,#721,.F.);
#997=ORIENTED_EDGE('',*,*,#756,.T.);
#998=ORIENTED_EDGE('',*,*,#752,.T.);
#999=ORIENTED_EDGE('',*,*,#757,.T.);
#1000=ORIENTED_EDGE('',*,*,#736,.F.);
#1001=ORIENTED_EDGE('',*,*,#749,.T.);
#1002=ORIENTED_EDGE('',*,*,#746,.T.);
#1003=ORIENTED_EDGE('',*,*,#710,.T.);
#1004=ORIENTED_EDGE('',*,*,#758,.T.);
#1005=ORIENTED_EDGE('',*,*,#759,.F.);
#1006=ORIENTED_EDGE('',*,*,#760,.T.);
#1007=ORIENTED_EDGE('',*,*,#761,.T.);
#1008=ORIENTED_EDGE('',*,*,#741,.F.);
#1009=ORIENTED_EDGE('',*,*,#754,.F.);
#1010=ORIENTED_EDGE('',*,*,#734,.F.);
#1011=ORIENTED_EDGE('',*,*,#711,.F.);
#1012=ORIENTED_EDGE('',*,*,#760,.F.);
#1013=ORIENTED_EDGE('',*,*,#714,.T.);
#1014=ORIENTED_EDGE('',*,*,#762,.T.);
#1015=ORIENTED_EDGE('',*,*,#763,.F.);
#1016=ORIENTED_EDGE('',*,*,#764,.T.);
#1017=ORIENTED_EDGE('',*,*,#672,.T.);
#1018=ORIENTED_EDGE('',*,*,#715,.F.);
#1019=ORIENTED_EDGE('',*,*,#764,.F.);
#1020=ORIENTED_EDGE('',*,*,#765,.T.);
#1021=ORIENTED_EDGE('',*,*,#766,.F.);
#1022=ORIENTED_EDGE('',*,*,#685,.F.);
#1023=ORIENTED_EDGE('',*,*,#758,.F.);
#1024=ORIENTED_EDGE('',*,*,#709,.T.);
#1025=ORIENTED_EDGE('',*,*,#767,.T.);
#1026=ORIENTED_EDGE('',*,*,#768,.T.);
#1027=ORIENTED_EDGE('',*,*,#762,.F.);
#1028=ORIENTED_EDGE('',*,*,#713,.T.);
#1029=ORIENTED_EDGE('',*,*,#666,.T.);
#1030=ORIENTED_EDGE('',*,*,#769,.T.);
#1031=ORIENTED_EDGE('',*,*,#701,.T.);
#1032=ORIENTED_EDGE('',*,*,#770,.T.);
#1033=ORIENTED_EDGE('',*,*,#771,.F.);
#1034=ORIENTED_EDGE('',*,*,#772,.T.);
#1035=ORIENTED_EDGE('',*,*,#772,.F.);
#1036=ORIENTED_EDGE('',*,*,#773,.T.);
#1037=ORIENTED_EDGE('',*,*,#774,.T.);
#1038=ORIENTED_EDGE('',*,*,#702,.T.);
#1039=ORIENTED_EDGE('',*,*,#775,.T.);
#1040=ORIENTED_EDGE('',*,*,#738,.F.);
#1041=ORIENTED_EDGE('',*,*,#755,.F.);
#1042=ORIENTED_EDGE('',*,*,#727,.F.);
#1043=ORIENTED_EDGE('',*,*,#703,.F.);
#1044=ORIENTED_EDGE('',*,*,#774,.F.);
#1045=ORIENTED_EDGE('',*,*,#707,.T.);
#1046=ORIENTED_EDGE('',*,*,#776,.T.);
#1047=ORIENTED_EDGE('',*,*,#777,.F.);
#1048=ORIENTED_EDGE('',*,*,#778,.T.);
#1049=ORIENTED_EDGE('',*,*,#767,.F.);
#1050=ORIENTED_EDGE('',*,*,#708,.F.);
#1051=ORIENTED_EDGE('',*,*,#778,.F.);
#1052=ORIENTED_EDGE('',*,*,#779,.T.);
#1053=ORIENTED_EDGE('',*,*,#776,.F.);
#1054=ORIENTED_EDGE('',*,*,#706,.T.);
#1055=ORIENTED_EDGE('',*,*,#733,.T.);
#1056=ORIENTED_EDGE('',*,*,#780,.T.);
#1057=ORIENTED_EDGE('',*,*,#699,.T.);
#1058=ORIENTED_EDGE('',*,*,#781,.T.);
#1059=ORIENTED_EDGE('',*,*,#782,.F.);
#1060=ORIENTED_EDGE('',*,*,#783,.T.);
#1061=ORIENTED_EDGE('',*,*,#770,.F.);
#1062=ORIENTED_EDGE('',*,*,#700,.F.);
#1063=ORIENTED_EDGE('',*,*,#783,.F.);
#1064=ORIENTED_EDGE('',*,*,#784,.T.);
#1065=ORIENTED_EDGE('',*,*,#781,.F.);
#1066=ORIENTED_EDGE('',*,*,#698,.T.);
#1067=ORIENTED_EDGE('',*,*,#726,.T.);
#1068=ORIENTED_EDGE('',*,*,#785,.T.);
#1069=ORIENTED_EDGE('',*,*,#694,.T.);
#1070=ORIENTED_EDGE('',*,*,#786,.T.);
#1071=ORIENTED_EDGE('',*,*,#787,.F.);
#1072=ORIENTED_EDGE('',*,*,#788,.T.);
#1073=ORIENTED_EDGE('',*,*,#789,.T.);
#1074=ORIENTED_EDGE('',*,*,#753,.T.);
#1075=ORIENTED_EDGE('',*,*,#756,.F.);
#1076=ORIENTED_EDGE('',*,*,#720,.F.);
#1077=ORIENTED_EDGE('',*,*,#695,.F.);
#1078=ORIENTED_EDGE('',*,*,#788,.F.);
#1079=ORIENTED_EDGE('',*,*,#786,.F.);
#1080=ORIENTED_EDGE('',*,*,#693,.T.);
#1081=ORIENTED_EDGE('',*,*,#790,.T.);
#1082=ORIENTED_EDGE('',*,*,#791,.T.);
#1083=ORIENTED_EDGE('',*,*,#691,.T.);
#1084=ORIENTED_EDGE('',*,*,#792,.T.);
#1085=ORIENTED_EDGE('',*,*,#793,.F.);
#1086=ORIENTED_EDGE('',*,*,#794,.T.);
#1087=ORIENTED_EDGE('',*,*,#790,.F.);
#1088=ORIENTED_EDGE('',*,*,#692,.F.);
#1089=ORIENTED_EDGE('',*,*,#794,.F.);
#1090=ORIENTED_EDGE('',*,*,#795,.T.);
#1091=ORIENTED_EDGE('',*,*,#792,.F.);
#1092=ORIENTED_EDGE('',*,*,#690,.T.);
#1093=ORIENTED_EDGE('',*,*,#796,.T.);
#1094=ORIENTED_EDGE('',*,*,#797,.T.);
#1095=ORIENTED_EDGE('',*,*,#687,.T.);
#1096=ORIENTED_EDGE('',*,*,#798,.T.);
#1097=ORIENTED_EDGE('',*,*,#799,.F.);
#1098=ORIENTED_EDGE('',*,*,#647,.T.);
#1099=ORIENTED_EDGE('',*,*,#798,.F.);
#1100=ORIENTED_EDGE('',*,*,#686,.T.);
#1101=ORIENTED_EDGE('',*,*,#766,.T.);
#1102=ORIENTED_EDGE('',*,*,#800,.T.);
#1103=ORIENTED_EDGE('',*,*,#719,.F.);
#1104=ORIENTED_EDGE('',*,*,#801,.T.);
#1105=ORIENTED_EDGE('',*,*,#802,.T.);
#1106=ORIENTED_EDGE('',*,*,#801,.F.);
#1107=ORIENTED_EDGE('',*,*,#718,.F.);
#1108=ORIENTED_EDGE('',*,*,#803,.T.);
#1109=ORIENTED_EDGE('',*,*,#804,.T.);
#1110=ORIENTED_EDGE('',*,*,#803,.F.);
#1111=ORIENTED_EDGE('',*,*,#717,.F.);
#1112=ORIENTED_EDGE('',*,*,#805,.T.);
#1113=ORIENTED_EDGE('',*,*,#806,.T.);
#1114=ORIENTED_EDGE('',*,*,#805,.F.);
#1115=ORIENTED_EDGE('',*,*,#716,.F.);
#1116=ORIENTED_EDGE('',*,*,#807,.T.);
#1117=ORIENTED_EDGE('',*,*,#808,.T.);
#1118=ORIENTED_EDGE('',*,*,#807,.F.);
#1119=ORIENTED_EDGE('',*,*,#757,.F.);
#1120=ORIENTED_EDGE('',*,*,#751,.F.);
#1121=ORIENTED_EDGE('',*,*,#809,.T.);
#1122=ORIENTED_EDGE('',*,*,#796,.F.);
#1123=ORIENTED_EDGE('',*,*,#689,.F.);
#1124=ORIENTED_EDGE('',*,*,#737,.F.);
#1125=ORIENTED_EDGE('',*,*,#810,.T.);
#1126=ORIENTED_EDGE('',*,*,#811,.T.);
#1127=ORIENTED_EDGE('',*,*,#681,.F.);
#1128=ORIENTED_EDGE('',*,*,#812,.F.);
#1129=ORIENTED_EDGE('',*,*,#813,.T.);
#1130=ORIENTED_EDGE('',*,*,#812,.T.);
#1131=ORIENTED_EDGE('',*,*,#680,.F.);
#1132=ORIENTED_EDGE('',*,*,#814,.F.);
#1133=ORIENTED_EDGE('',*,*,#815,.T.);
#1134=ORIENTED_EDGE('',*,*,#814,.T.);
#1135=ORIENTED_EDGE('',*,*,#679,.F.);
#1136=ORIENTED_EDGE('',*,*,#816,.F.);
#1137=ORIENTED_EDGE('',*,*,#817,.T.);
#1138=ORIENTED_EDGE('',*,*,#816,.T.);
#1139=ORIENTED_EDGE('',*,*,#678,.F.);
#1140=ORIENTED_EDGE('',*,*,#676,.F.);
#1141=ORIENTED_EDGE('',*,*,#818,.T.);
#1142=ORIENTED_EDGE('',*,*,#674,.T.);
#1143=ORIENTED_EDGE('',*,*,#684,.F.);
#1144=ORIENTED_EDGE('',*,*,#819,.F.);
#1145=ORIENTED_EDGE('',*,*,#820,.T.);
#1146=ORIENTED_EDGE('',*,*,#819,.T.);
#1147=ORIENTED_EDGE('',*,*,#683,.F.);
#1148=ORIENTED_EDGE('',*,*,#821,.F.);
#1149=ORIENTED_EDGE('',*,*,#822,.T.);
#1150=ORIENTED_EDGE('',*,*,#821,.T.);
#1151=ORIENTED_EDGE('',*,*,#682,.F.);
#1152=ORIENTED_EDGE('',*,*,#811,.F.);
#1153=ORIENTED_EDGE('',*,*,#822,.F.);
#1154=ORIENTED_EDGE('',*,*,#810,.F.);
#1155=ORIENTED_EDGE('',*,*,#813,.F.);
#1156=ORIENTED_EDGE('',*,*,#815,.F.);
#1157=ORIENTED_EDGE('',*,*,#817,.F.);
#1158=ORIENTED_EDGE('',*,*,#675,.F.);
#1159=ORIENTED_EDGE('',*,*,#818,.F.);
#1160=ORIENTED_EDGE('',*,*,#820,.F.);
#1161=ORIENTED_EDGE('',*,*,#725,.F.);
#1162=ORIENTED_EDGE('',*,*,#739,.F.);
#1163=ORIENTED_EDGE('',*,*,#775,.F.);
#1164=ORIENTED_EDGE('',*,*,#773,.F.);
#1165=ORIENTED_EDGE('',*,*,#771,.T.);
#1166=ORIENTED_EDGE('',*,*,#784,.F.);
#1167=ORIENTED_EDGE('',*,*,#782,.T.);
#1168=ORIENTED_EDGE('',*,*,#785,.F.);
#1169=ORIENTED_EDGE('',*,*,#665,.F.);
#1170=ORIENTED_EDGE('',*,*,#639,.F.);
#1171=ORIENTED_EDGE('',*,*,#648,.F.);
#1172=ORIENTED_EDGE('',*,*,#799,.T.);
#1173=ORIENTED_EDGE('',*,*,#800,.F.);
#1174=ORIENTED_EDGE('',*,*,#765,.F.);
#1175=ORIENTED_EDGE('',*,*,#763,.T.);
#1176=ORIENTED_EDGE('',*,*,#769,.F.);
#1177=ORIENTED_EDGE('',*,*,#748,.F.);
#1178=ORIENTED_EDGE('',*,*,#744,.F.);
#1179=ORIENTED_EDGE('',*,*,#808,.F.);
#1180=ORIENTED_EDGE('',*,*,#806,.F.);
#1181=ORIENTED_EDGE('',*,*,#804,.F.);
#1182=ORIENTED_EDGE('',*,*,#802,.F.);
#1183=ORIENTED_EDGE('',*,*,#732,.T.);
#1184=ORIENTED_EDGE('',*,*,#742,.F.);
#1185=ORIENTED_EDGE('',*,*,#761,.F.);
#1186=ORIENTED_EDGE('',*,*,#759,.T.);
#1187=ORIENTED_EDGE('',*,*,#768,.F.);
#1188=ORIENTED_EDGE('',*,*,#779,.F.);
#1189=ORIENTED_EDGE('',*,*,#777,.T.);
#1190=ORIENTED_EDGE('',*,*,#780,.F.);
#1191=ORIENTED_EDGE('',*,*,#789,.F.);
#1192=ORIENTED_EDGE('',*,*,#787,.T.);
#1193=ORIENTED_EDGE('',*,*,#791,.F.);
#1194=ORIENTED_EDGE('',*,*,#795,.F.);
#1195=ORIENTED_EDGE('',*,*,#793,.T.);
#1196=ORIENTED_EDGE('',*,*,#797,.F.);
#1197=ORIENTED_EDGE('',*,*,#809,.F.);
#1198=ORIENTED_EDGE('',*,*,#750,.F.);
#1199=CYLINDRICAL_SURFACE('',#1277,1.25);
#1200=CYLINDRICAL_SURFACE('',#1290,3.);
#1201=CYLINDRICAL_SURFACE('',#1309,5.0000000372529);
#1202=CYLINDRICAL_SURFACE('',#1312,5.0000000372529);
#1203=CYLINDRICAL_SURFACE('',#1315,2.5000000372529);
#1204=CYLINDRICAL_SURFACE('',#1319,5.0000000372529);
#1205=CYLINDRICAL_SURFACE('',#1330,1.49999999999999);
#1206=CYLINDRICAL_SURFACE('',#1332,1.49999999999999);
#1207=CYLINDRICAL_SURFACE('',#1334,1.49999999999999);
#1208=CYLINDRICAL_SURFACE('',#1336,1.49999999999999);
#1209=CYLINDRICAL_SURFACE('',#1340,3.);
#1210=CYLINDRICAL_SURFACE('',#1343,3.);
#1211=CYLINDRICAL_SURFACE('',#1345,3.);
#1212=CYLINDRICAL_SURFACE('',#1348,3.);
#1213=ADVANCED_FACE('',(#135),#1199,.F.);
#1214=ADVANCED_FACE('',(#136),#103,.T.);
#1215=ADVANCED_FACE('',(#137),#104,.T.);
#1216=ADVANCED_FACE('',(#138),#105,.F.);
#1217=ADVANCED_FACE('',(#139),#106,.T.);
#1218=ADVANCED_FACE('',(#140),#107,.T.);
#1219=ADVANCED_FACE('',(#141),#108,.T.);
#1220=ADVANCED_FACE('',(#142,#31),#109,.T.);
#1221=ADVANCED_FACE('',(#143),#110,.T.);
#1222=ADVANCED_FACE('',(#144),#111,.T.);
#1223=ADVANCED_FACE('',(#145),#112,.T.);
#1224=ADVANCED_FACE('',(#146),#1200,.F.);
#1225=ADVANCED_FACE('',(#147),#113,.T.);
#1226=ADVANCED_FACE('',(#148,#32,#33,#34,#35),#114,.T.);
#1227=ADVANCED_FACE('',(#149),#115,.T.);
#1228=ADVANCED_FACE('',(#150),#116,.T.);
#1229=ADVANCED_FACE('',(#151),#117,.T.);
#1230=ADVANCED_FACE('',(#152),#118,.T.);
#1231=ADVANCED_FACE('',(#153),#119,.T.);
#1232=ADVANCED_FACE('',(#154),#120,.T.);
#1233=ADVANCED_FACE('',(#155),#1201,.T.);
#1234=ADVANCED_FACE('',(#156),#1202,.T.);
#1235=ADVANCED_FACE('',(#157),#1203,.F.);
#1236=ADVANCED_FACE('',(#158,#36),#121,.T.);
#1237=ADVANCED_FACE('',(#159),#1204,.T.);
#1238=ADVANCED_FACE('',(#160,#37),#122,.T.);
#1239=ADVANCED_FACE('',(#161),#15,.T.);
#1240=ADVANCED_FACE('',(#162),#123,.T.);
#1241=ADVANCED_FACE('',(#163),#16,.T.);
#1242=ADVANCED_FACE('',(#164),#124,.T.);
#1243=ADVANCED_FACE('',(#165),#17,.T.);
#1244=ADVANCED_FACE('',(#166),#18,.T.);
#1245=ADVANCED_FACE('',(#167),#19,.T.);
#1246=ADVANCED_FACE('',(#168),#20,.T.);
#1247=ADVANCED_FACE('',(#169),#125,.T.);
#1248=ADVANCED_FACE('',(#170),#21,.T.);
#1249=ADVANCED_FACE('',(#171),#126,.T.);
#1250=ADVANCED_FACE('',(#172),#22,.T.);
#1251=ADVANCED_FACE('',(#173),#23,.T.);
#1252=ADVANCED_FACE('',(#174),#127,.T.);
#1253=ADVANCED_FACE('',(#175),#24,.T.);
#1254=ADVANCED_FACE('',(#176),#25,.T.);
#1255=ADVANCED_FACE('',(#177),#128,.T.);
#1256=ADVANCED_FACE('',(#178),#26,.T.);
#1257=ADVANCED_FACE('',(#179),#27,.T.);
#1258=ADVANCED_FACE('',(#180),#129,.T.);
#1259=ADVANCED_FACE('',(#181),#28,.T.);
#1260=ADVANCED_FACE('',(#182),#29,.T.);
#1261=ADVANCED_FACE('',(#183),#30,.T.);
#1262=ADVANCED_FACE('',(#184),#1205,.F.);
#1263=ADVANCED_FACE('',(#185),#1206,.F.);
#1264=ADVANCED_FACE('',(#186),#1207,.F.);
#1265=ADVANCED_FACE('',(#187),#1208,.F.);
#1266=ADVANCED_FACE('',(#188),#130,.T.);
#1267=ADVANCED_FACE('',(#189),#131,.T.);
#1268=ADVANCED_FACE('',(#190),#1209,.T.);
#1269=ADVANCED_FACE('',(#191),#132,.T.);
#1270=ADVANCED_FACE('',(#192),#1210,.T.);
#1271=ADVANCED_FACE('',(#193),#1211,.T.);
#1272=ADVANCED_FACE('',(#194),#133,.T.);
#1273=ADVANCED_FACE('',(#195),#1212,.T.);
#1274=ADVANCED_FACE('',(#196,#38,#39,#40,#41,#42,#43,#44,#45,#46),#134,
 .F.);
#1275=CLOSED_SHELL('',(#1213,#1214,#1215,#1216,#1217,#1218,#1219,#1220,
#1221,#1222,#1223,#1224,#1225,#1226,#1227,#1228,#1229,#1230,#1231,#1232,
#1233,#1234,#1235,#1236,#1237,#1238,#1239,#1240,#1241,#1242,#1243,#1244,
#1245,#1246,#1247,#1248,#1249,#1250,#1251,#1252,#1253,#1254,#1255,#1256,
#1257,#1258,#1259,#1260,#1261,#1262,#1263,#1264,#1265,#1266,#1267,#1268,
#1269,#1270,#1271,#1272,#1273,#1274));
#1276=AXIS2_PLACEMENT_3D('',#1605,#1351,#1352);
#1277=AXIS2_PLACEMENT_3D('',#1606,#1353,#1354);
#1278=AXIS2_PLACEMENT_3D('',#1608,#1355,#1356);
#1279=AXIS2_PLACEMENT_3D('',#1611,#1358,#1359);
#1280=AXIS2_PLACEMENT_3D('',#1612,#1360,#1361);
#1281=AXIS2_PLACEMENT_3D('',#1625,#1368,#1369);
#1282=AXIS2_PLACEMENT_3D('',#1638,#1374,#1375);
#1283=AXIS2_PLACEMENT_3D('',#1647,#1380,#1381);
#1284=AXIS2_PLACEMENT_3D('',#1653,#1385,#1386);
#1285=AXIS2_PLACEMENT_3D('',#1658,#1390,#1391);
#1286=AXIS2_PLACEMENT_3D('',#1663,#1395,#1396);
#1287=AXIS2_PLACEMENT_3D('',#1667,#1399,#1400);
#1288=AXIS2_PLACEMENT_3D('',#1669,#1402,#1403);
#1289=AXIS2_PLACEMENT_3D('',#1670,#1404,#1405);
#1290=AXIS2_PLACEMENT_3D('',#1681,#1409,#1410);
#1291=AXIS2_PLACEMENT_3D('',#1686,#1412,#1413);
#1292=AXIS2_PLACEMENT_3D('',#1689,#1415,#1416);
#1293=AXIS2_PLACEMENT_3D('',#1690,#1417,#1418);
#1294=AXIS2_PLACEMENT_3D('',#1700,#1424,#1425);
#1295=AXIS2_PLACEMENT_3D('',#1702,#1426,#1427);
#1296=AXIS2_PLACEMENT_3D('',#1706,#1429,#1430);
#1297=AXIS2_PLACEMENT_3D('',#1710,#1432,#1433);
#1298=AXIS2_PLACEMENT_3D('',#1713,#1435,#1436);
#1299=AXIS2_PLACEMENT_3D('',#1918,#1452,#1453);
#1300=AXIS2_PLACEMENT_3D('',#1920,#1454,#1455);
#1301=AXIS2_PLACEMENT_3D('',#1922,#1456,#1457);
#1302=AXIS2_PLACEMENT_3D('',#1924,#1458,#1459);
#1303=AXIS2_PLACEMENT_3D('',#1925,#1460,#1461);
#1304=AXIS2_PLACEMENT_3D('',#1931,#1465,#1466);
#1305=AXIS2_PLACEMENT_3D('',#1942,#1470,#1471);
#1306=AXIS2_PLACEMENT_3D('',#1948,#1475,#1476);
#1307=AXIS2_PLACEMENT_3D('',#1959,#1480,#1481);
#1308=AXIS2_PLACEMENT_3D('',#1963,#1484,#1485);
#1309=AXIS2_PLACEMENT_3D('',#1967,#1488,#1489);
#1310=AXIS2_PLACEMENT_3D('',#1971,#1491,#1492);
#1311=AXIS2_PLACEMENT_3D('',#1972,#1493,#1494);
#1312=AXIS2_PLACEMENT_3D('',#1973,#1495,#1496);
#1313=AXIS2_PLACEMENT_3D('',#1977,#1498,#1499);
#1314=AXIS2_PLACEMENT_3D('',#1978,#1500,#1501);
#1315=AXIS2_PLACEMENT_3D('',#1979,#1502,#1503);
#1316=AXIS2_PLACEMENT_3D('',#1982,#1504,#1505);
#1317=AXIS2_PLACEMENT_3D('',#1986,#1507,#1508);
#1318=AXIS2_PLACEMENT_3D('',#1988,#1510,#1511);
#1319=AXIS2_PLACEMENT_3D('',#1991,#1514,#1515);
#1320=AXIS2_PLACEMENT_3D('',#1994,#1516,#1517);
#1321=AXIS2_PLACEMENT_3D('',#1998,#1519,#1520);
#1322=AXIS2_PLACEMENT_3D('',#2000,#1522,#1523);
#1323=AXIS2_PLACEMENT_3D('',#2070,#1528,#1529);
#1324=AXIS2_PLACEMENT_3D('',#2123,#1531,#1532);
#1325=AXIS2_PLACEMENT_3D('',#2265,#1534,#1535);
#1326=AXIS2_PLACEMENT_3D('',#2318,#1537,#1538);
#1327=AXIS2_PLACEMENT_3D('',#2405,#1540,#1541);
#1328=AXIS2_PLACEMENT_3D('',#2478,#1543,#1544);
#1329=AXIS2_PLACEMENT_3D('',#2570,#1546,#1547);
#1330=AXIS2_PLACEMENT_3D('',#2663,#1549,#1550);
#1331=AXIS2_PLACEMENT_3D('',#2666,#1552,#1553);
#1332=AXIS2_PLACEMENT_3D('',#2667,#1554,#1555);
#1333=AXIS2_PLACEMENT_3D('',#2670,#1557,#1558);
#1334=AXIS2_PLACEMENT_3D('',#2671,#1559,#1560);
#1335=AXIS2_PLACEMENT_3D('',#2674,#1562,#1563);
#1336=AXIS2_PLACEMENT_3D('',#2675,#1564,#1565);
#1337=AXIS2_PLACEMENT_3D('',#2678,#1567,#1568);
#1338=AXIS2_PLACEMENT_3D('',#2679,#1569,#1570);
#1339=AXIS2_PLACEMENT_3D('',#2681,#1572,#1573);
#1340=AXIS2_PLACEMENT_3D('',#2687,#1577,#1578);
#1341=AXIS2_PLACEMENT_3D('',#2689,#1579,#1580);
#1342=AXIS2_PLACEMENT_3D('',#2691,#1582,#1583);
#1343=AXIS2_PLACEMENT_3D('',#2695,#1586,#1587);
#1344=AXIS2_PLACEMENT_3D('',#2696,#1588,#1589);
#1345=AXIS2_PLACEMENT_3D('',#2697,#1590,#1591);
#1346=AXIS2_PLACEMENT_3D('',#2699,#1592,#1593);
#1347=AXIS2_PLACEMENT_3D('',#2701,#1595,#1596);
#1348=AXIS2_PLACEMENT_3D('',#2705,#1599,#1600);
#1349=AXIS2_PLACEMENT_3D('',#2706,#1601,#1602);
#1350=AXIS2_PLACEMENT_3D('',#2707,#1603,#1604);
#1351=DIRECTION('axis',(0.,0.,1.));
#1352=DIRECTION('refdir',(1.,0.,0.));
#1353=DIRECTION('center_axis',(1.,0.,0.));
#1354=DIRECTION('ref_axis',(0.,0.,-1.));
#1355=DIRECTION('center_axis',(1.,0.,1.19391854901124E-16));
#1356=DIRECTION('ref_axis',(0.,0.,-1.));
#1357=DIRECTION('',(1.,0.,0.));
#1358=DIRECTION('center_axis',(-1.,0.,1.20997927588966E-16));
#1359=DIRECTION('ref_axis',(0.,0.,-1.));
#1360=DIRECTION('center_axis',(0.514495755427527,-0.857492925712544,0.));
#1361=DIRECTION('ref_axis',(0.,0.,-1.));
#1362=DIRECTION('',(0.677018744952113,0.406211246971268,0.613708433881686));
#1363=DIRECTION('',(0.,0.,-1.));
#1364=DIRECTION('',(-0.677018744952114,-0.406211246971268,0.613708433881686));
#1365=DIRECTION('',(0.622939613148922,0.373763767889353,0.687202214914231));
#1366=DIRECTION('',(1.20997927588966E-16,0.,1.));
#1367=DIRECTION('',(-0.622939613148922,-0.373763767889353,0.687202214914231));
#1368=DIRECTION('center_axis',(0.671615676056914,0.,-0.740899712292166));
#1369=DIRECTION('ref_axis',(-0.740899712292166,0.,-0.671615676056914));
#1370=DIRECTION('',(0.,1.,0.));
#1371=DIRECTION('',(-0.677042713462007,0.406138466053448,-0.61373016101521));
#1372=DIRECTION('',(0.740899712292166,0.,0.671615676056914));
#1373=DIRECTION('',(-0.740899712292166,0.,-0.671615676056914));
#1374=DIRECTION('center_axis',(-0.514414577142278,-0.857541627458126,1.48489876014004E-15));
#1375=DIRECTION('ref_axis',(2.88657986402541E-15,0.,1.));
#1376=DIRECTION('',(0.677042713462007,-0.406138466053448,-0.613730161015209));
#1377=DIRECTION('',(2.90260712960511E-15,0.,1.));
#1378=DIRECTION('',(-0.677042713462007,0.406138466053448,-0.61373016101521));
#1379=DIRECTION('',(2.88657986402541E-15,0.,1.));
#1380=DIRECTION('center_axis',(-0.0752139761150138,0.791384015376741,-0.606674705260699));
#1381=DIRECTION('ref_axis',(-0.916019430496088,0.185567010309278,0.355630830551148));
#1382=DIRECTION('',(0.677042713462007,-0.406138466053448,-0.613730161015209));
#1383=DIRECTION('',(0.992402271138155,0.,-0.123035491789287));
#1384=DIRECTION('',(-0.567785768337559,-0.534129307983618,-0.626358686078726));
#1385=DIRECTION('center_axis',(-0.0752139761150142,0.791384015376741,0.606674705260699));
#1386=DIRECTION('ref_axis',(0.916019430496087,-0.185567010309278,0.355630830551148));
#1387=DIRECTION('',(-0.677042713462007,0.406138466053448,-0.61373016101521));
#1388=DIRECTION('',(0.567785768337559,0.534129307983618,-0.626358686078726));
#1389=DIRECTION('',(-0.992402271138155,0.,-0.123035491789287));
#1390=DIRECTION('center_axis',(0.740899712292166,0.,-0.671615676056914));
#1391=DIRECTION('ref_axis',(-0.671615676056914,0.,-0.740899712292166));
#1392=DIRECTION('',(0.,-1.,0.));
#1393=DIRECTION('',(-0.671615676056914,0.,-0.740899712292166));
#1394=DIRECTION('',(0.,1.,0.));
#1395=DIRECTION('center_axis',(1.,0.,-1.20997927588966E-16));
#1396=DIRECTION('ref_axis',(-1.20997927588966E-16,0.,-1.));
#1397=DIRECTION('',(-1.20997927588966E-16,0.,-1.));
#1398=DIRECTION('',(0.,1.,0.));
#1399=DIRECTION('center_axis',(0.740899712292166,0.,0.671615676056914));
#1400=DIRECTION('ref_axis',(0.671615676056914,0.,-0.740899712292166));
#1401=DIRECTION('',(0.671615676056914,0.,-0.740899712292166));
#1402=DIRECTION('center_axis',(0.,1.,0.));
#1403=DIRECTION('ref_axis',(0.,0.,1.));
#1404=DIRECTION('center_axis',(0.671615676056914,0.,0.740899712292166));
#1405=DIRECTION('ref_axis',(0.740899712292166,0.,-0.671615676056914));
#1406=DIRECTION('',(0.740899712292166,0.,-0.671615676056914));
#1407=DIRECTION('',(-0.740899712292166,0.,0.671615676056914));
#1408=DIRECTION('',(0.677042713462007,-0.406138466053448,-0.613730161015209));
#1409=DIRECTION('center_axis',(1.,0.,0.));
#1410=DIRECTION('ref_axis',(0.,0.,-1.));
#1411=DIRECTION('',(-1.,0.,0.));
#1412=DIRECTION('center_axis',(-1.,0.,3.0626842058625E-16));
#1413=DIRECTION('ref_axis',(0.,0.,-1.));
#1414=DIRECTION('',(1.,0.,0.));
#1415=DIRECTION('center_axis',(1.,0.,-3.0626842058625E-16));
#1416=DIRECTION('ref_axis',(0.,0.,-1.));
#1417=DIRECTION('center_axis',(1.,0.,-3.0626842058625E-16));
#1418=DIRECTION('ref_axis',(-3.0626842058625E-16,0.,-1.));
#1419=DIRECTION('',(-3.0626842058625E-16,0.,-1.));
#1420=DIRECTION('',(0.,1.,0.));
#1421=DIRECTION('',(-3.0626842058625E-16,0.,-1.));
#1422=DIRECTION('',(0.,1.,0.));
#1423=DIRECTION('',(-3.0626842058625E-16,0.,-1.));
#1424=DIRECTION('center_axis',(0.,1.,0.));
#1425=DIRECTION('ref_axis',(-1.,0.,0.));
#1426=DIRECTION('center_axis',(0.,1.,0.));
#1427=DIRECTION('ref_axis',(-1.,0.,0.));
#1428=DIRECTION('',(-1.,0.,3.0626842058625E-16));
#1429=DIRECTION('center_axis',(0.,1.,0.));
#1430=DIRECTION('ref_axis',(-1.,0.,0.));
#1431=DIRECTION('',(3.0626842058625E-16,0.,1.));
#1432=DIRECTION('center_axis',(0.,1.,0.));
#1433=DIRECTION('ref_axis',(-1.,0.,0.));
#1434=DIRECTION('',(1.,0.,-3.0626842058625E-16));
#1435=DIRECTION('center_axis',(0.,1.,0.));
#1436=DIRECTION('ref_axis',(-1.,0.,0.));
#1437=DIRECTION('',(3.0626842058625E-16,0.,1.));
#1438=DIRECTION('',(-0.671615676056914,0.,0.740899712292166));
#1439=DIRECTION('',(-0.740899712292166,0.,-0.671615676056914));
#1440=DIRECTION('',(-1.,0.,3.0626842058625E-16));
#1441=DIRECTION('',(-0.667663883667953,0.,0.744462852293803));
#1442=DIRECTION('',(-0.744462852293804,0.,-0.667663883667953));
#1443=DIRECTION('',(0.667663883667953,0.,-0.744462852293803));
#1444=DIRECTION('',(-3.0626842058625E-16,0.,-1.));
#1445=DIRECTION('',(-0.667663883667955,0.,-0.744462852293802));
#1446=DIRECTION('',(0.744462852293802,0.,-0.667663883667955));
#1447=DIRECTION('',(0.667663883667955,0.,0.744462852293802));
#1448=DIRECTION('',(1.,0.,-3.0626842058625E-16));
#1449=DIRECTION('',(0.740899712292166,0.,-0.671615676056914));
#1450=DIRECTION('',(0.671615676056914,0.,0.740899712292166));
#1451=DIRECTION('',(3.0626842058625E-16,0.,1.));
#1452=DIRECTION('center_axis',(0.,-1.,0.));
#1453=DIRECTION('ref_axis',(-1.48029736616688E-15,0.,1.));
#1454=DIRECTION('center_axis',(0.,-1.,0.));
#1455=DIRECTION('ref_axis',(1.,0.,1.48029736616688E-15));
#1456=DIRECTION('center_axis',(0.,-1.,0.));
#1457=DIRECTION('ref_axis',(1.48029736616688E-15,0.,-1.));
#1458=DIRECTION('center_axis',(0.,-1.,0.));
#1459=DIRECTION('ref_axis',(-1.,0.,-1.48029736616688E-15));
#1460=DIRECTION('center_axis',(-0.310962072149524,0.884918222381982,0.346730917832239));
#1461=DIRECTION('ref_axis',(0.,-0.364817734071182,0.931078955248785));
#1462=DIRECTION('',(0.590827937084096,0.465746432832622,-0.658788743881253));
#1463=DIRECTION('',(-0.744462852293804,0.,-0.667663883667953));
#1464=DIRECTION('',(-0.590827937084096,-0.465746432832622,0.658788743881253));
#1465=DIRECTION('center_axis',(-0.744462852293803,0.,-0.667663883667953));
#1466=DIRECTION('ref_axis',(-0.667663883667953,0.,0.744462852293803));
#1467=DIRECTION('',(-0.667663883667953,0.,0.744462852293803));
#1468=DIRECTION('',(0.,1.,0.));
#1469=DIRECTION('',(-0.667663883667953,0.,0.744462852293803));
#1470=DIRECTION('center_axis',(-0.310962072149525,0.884918222381982,-0.346730917832238));
#1471=DIRECTION('ref_axis',(0.,0.364817734071181,0.931078955248785));
#1472=DIRECTION('',(0.590827937084097,0.465746432832622,0.658788743881252));
#1473=DIRECTION('',(0.744462852293802,0.,-0.667663883667955));
#1474=DIRECTION('',(-0.590827937084097,-0.465746432832622,-0.658788743881252));
#1475=DIRECTION('center_axis',(0.744462852293802,0.,-0.667663883667955));
#1476=DIRECTION('ref_axis',(-0.667663883667955,0.,-0.744462852293802));
#1477=DIRECTION('',(-0.667663883667955,0.,-0.744462852293802));
#1478=DIRECTION('',(0.,1.,0.));
#1479=DIRECTION('',(0.667663883667955,0.,0.744462852293802));
#1480=DIRECTION('center_axis',(0.300907872649781,0.913811548620257,-0.272768960451204));
#1481=DIRECTION('ref_axis',(0.,0.286025314554711,0.958222061650575));
#1482=DIRECTION('',(-0.677042713462008,0.406138466053448,0.613730161015209));
#1483=DIRECTION('',(0.671615676056914,0.,0.740899712292166));
#1484=DIRECTION('center_axis',(0.300907872649781,0.913811548620257,0.272768960451204));
#1485=DIRECTION('ref_axis',(0.,-0.286025314554711,0.958222061650575));
#1486=DIRECTION('',(-0.671615676056914,0.,0.740899712292166));
#1487=DIRECTION('',(0.677042713462007,-0.406138466053448,0.61373016101521));
#1488=DIRECTION('center_axis',(0.,1.,0.));
#1489=DIRECTION('ref_axis',(-1.,0.,0.));
#1490=DIRECTION('',(0.,-1.,0.));
#1491=DIRECTION('center_axis',(0.,1.,0.));
#1492=DIRECTION('ref_axis',(-1.,0.,0.));
#1493=DIRECTION('center_axis',(0.,1.,0.));
#1494=DIRECTION('ref_axis',(-1.,0.,0.));
#1495=DIRECTION('center_axis',(0.,1.,0.));
#1496=DIRECTION('ref_axis',(-1.,0.,0.));
#1497=DIRECTION('',(0.,-1.,0.));
#1498=DIRECTION('center_axis',(0.,1.,0.));
#1499=DIRECTION('ref_axis',(-1.,0.,0.));
#1500=DIRECTION('center_axis',(0.,1.,0.));
#1501=DIRECTION('ref_axis',(-1.,0.,0.));
#1502=DIRECTION('center_axis',(0.,1.,0.));
#1503=DIRECTION('ref_axis',(-1.,0.,0.));
#1504=DIRECTION('center_axis',(0.,-1.,0.));
#1505=DIRECTION('ref_axis',(-1.,0.,0.));
#1506=DIRECTION('',(0.,1.,0.));
#1507=DIRECTION('center_axis',(0.,-1.,0.));
#1508=DIRECTION('ref_axis',(-1.,0.,0.));
#1509=DIRECTION('',(0.,1.,0.));
#1510=DIRECTION('center_axis',(-1.,0.,-1.19391854901124E-16));
#1511=DIRECTION('ref_axis',(-1.19391854901124E-16,0.,1.));
#1512=DIRECTION('',(-1.19391854901124E-16,0.,1.));
#1513=DIRECTION('',(-1.19391854901124E-16,0.,1.));
#1514=DIRECTION('center_axis',(0.,1.,0.));
#1515=DIRECTION('ref_axis',(-1.,0.,0.));
#1516=DIRECTION('center_axis',(0.,1.,0.));
#1517=DIRECTION('ref_axis',(-1.,0.,0.));
#1518=DIRECTION('',(0.,1.,0.));
#1519=DIRECTION('center_axis',(0.,1.,0.));
#1520=DIRECTION('ref_axis',(-1.,0.,0.));
#1521=DIRECTION('',(0.,1.,0.));
#1522=DIRECTION('center_axis',(0.,1.,0.));
#1523=DIRECTION('ref_axis',(-1.,0.,0.));
#1524=DIRECTION('',(-0.740899712292166,0.,0.671615676056914));
#1525=DIRECTION('',(0.667663883667955,0.,0.744462852293802));
#1526=DIRECTION('',(0.667663883667953,0.,-0.744462852293803));
#1527=DIRECTION('',(0.740899712292166,0.,0.671615676056914));
#1528=DIRECTION('center_axis',(-0.671615676056914,0.,-0.740899712292166));
#1529=DIRECTION('ref_axis',(-0.740899712292166,0.,0.671615676056914));
#1530=DIRECTION('',(-0.740899712292166,0.,0.671615676056914));
#1531=DIRECTION('center_axis',(-1.,0.,3.0626842058625E-16));
#1532=DIRECTION('ref_axis',(3.0626842058625E-16,0.,1.));
#1533=DIRECTION('',(3.0626842058625E-16,0.,1.));
#1534=DIRECTION('center_axis',(-0.744462852293802,0.,0.667663883667955));
#1535=DIRECTION('ref_axis',(0.667663883667955,0.,0.744462852293802));
#1536=DIRECTION('',(0.667663883667955,0.,0.744462852293802));
#1537=DIRECTION('center_axis',(3.0626842058625E-16,0.,1.));
#1538=DIRECTION('ref_axis',(1.,0.,-3.0626842058625E-16));
#1539=DIRECTION('',(1.,0.,-3.0626842058625E-16));
#1540=DIRECTION('center_axis',(1.,0.,-3.0626842058625E-16));
#1541=DIRECTION('ref_axis',(-3.0626842058625E-16,0.,-1.));
#1542=DIRECTION('',(-3.0626842058625E-16,0.,-1.));
#1543=DIRECTION('center_axis',(0.744462852293803,0.,0.667663883667953));
#1544=DIRECTION('ref_axis',(0.667663883667953,0.,-0.744462852293803));
#1545=DIRECTION('',(0.667663883667953,0.,-0.744462852293803));
#1546=DIRECTION('center_axis',(-3.0626842058625E-16,0.,-1.));
#1547=DIRECTION('ref_axis',(-1.,0.,3.0626842058625E-16));
#1548=DIRECTION('',(-1.,0.,3.0626842058625E-16));
#1549=DIRECTION('center_axis',(0.,1.,0.));
#1550=DIRECTION('ref_axis',(-1.,0.,-1.48029736616688E-15));
#1551=DIRECTION('',(0.,-1.,0.));
#1552=DIRECTION('center_axis',(0.,-1.,0.));
#1553=DIRECTION('ref_axis',(-1.,0.,-1.48029736616688E-15));
#1554=DIRECTION('center_axis',(0.,1.,0.));
#1555=DIRECTION('ref_axis',(1.48029736616688E-15,0.,-1.));
#1556=DIRECTION('',(0.,-1.,0.));
#1557=DIRECTION('center_axis',(0.,-1.,0.));
#1558=DIRECTION('ref_axis',(1.48029736616688E-15,0.,-1.));
#1559=DIRECTION('center_axis',(0.,1.,0.));
#1560=DIRECTION('ref_axis',(1.,0.,1.48029736616688E-15));
#1561=DIRECTION('',(0.,-1.,0.));
#1562=DIRECTION('center_axis',(0.,-1.,0.));
#1563=DIRECTION('ref_axis',(1.,0.,1.48029736616688E-15));
#1564=DIRECTION('center_axis',(0.,1.,0.));
#1565=DIRECTION('ref_axis',(-1.48029736616688E-15,0.,1.));
#1566=DIRECTION('',(0.,-1.,0.));
#1567=DIRECTION('center_axis',(0.,-1.,0.));
#1568=DIRECTION('ref_axis',(-1.48029736616688E-15,0.,1.));
#1569=DIRECTION('center_axis',(-0.671615676056914,0.,0.740899712292166));
#1570=DIRECTION('ref_axis',(0.740899712292166,0.,0.671615676056914));
#1571=DIRECTION('',(0.740899712292166,0.,0.671615676056914));
#1572=DIRECTION('center_axis',(-1.,0.,3.0626842058625E-16));
#1573=DIRECTION('ref_axis',(3.0626842058625E-16,0.,1.));
#1574=DIRECTION('',(3.0626842058625E-16,0.,1.));
#1575=DIRECTION('',(0.,1.,0.));
#1576=DIRECTION('',(0.,1.,0.));
#1577=DIRECTION('center_axis',(0.,1.,0.));
#1578=DIRECTION('ref_axis',(-1.,0.,0.));
#1579=DIRECTION('center_axis',(0.,1.,0.));
#1580=DIRECTION('ref_axis',(-1.,0.,0.));
#1581=DIRECTION('',(0.,1.,0.));
#1582=DIRECTION('center_axis',(-3.0626842058625E-16,0.,-1.));
#1583=DIRECTION('ref_axis',(-1.,0.,3.0626842058625E-16));
#1584=DIRECTION('',(-1.,0.,3.0626842058625E-16));
#1585=DIRECTION('',(0.,1.,0.));
#1586=DIRECTION('center_axis',(0.,1.,0.));
#1587=DIRECTION('ref_axis',(-1.,0.,0.));
#1588=DIRECTION('center_axis',(0.,1.,0.));
#1589=DIRECTION('ref_axis',(-1.,0.,0.));
#1590=DIRECTION('center_axis',(0.,1.,0.));
#1591=DIRECTION('ref_axis',(-1.,0.,0.));
#1592=DIRECTION('center_axis',(0.,1.,0.));
#1593=DIRECTION('ref_axis',(-1.,0.,0.));
#1594=DIRECTION('',(0.,1.,0.));
#1595=DIRECTION('center_axis',(3.0626842058625E-16,0.,1.));
#1596=DIRECTION('ref_axis',(1.,0.,-3.0626842058625E-16));
#1597=DIRECTION('',(1.,0.,-3.0626842058625E-16));
#1598=DIRECTION('',(0.,1.,0.));
#1599=DIRECTION('center_axis',(0.,1.,0.));
#1600=DIRECTION('ref_axis',(-1.,0.,0.));
#1601=DIRECTION('center_axis',(0.,1.,0.));
#1602=DIRECTION('ref_axis',(-1.,0.,0.));
#1603=DIRECTION('center_axis',(0.,1.,0.));
#1604=DIRECTION('ref_axis',(-1.,0.,0.));
#1605=CARTESIAN_POINT('',(0.,0.,0.));
#1606=CARTESIAN_POINT('Origin',(2.55417647886167,4.5,0.));
#1607=CARTESIAN_POINT('',(0.0541764788616708,4.5,1.25));
#1608=CARTESIAN_POINT('Origin',(0.0541764788616708,4.5,0.));
#1609=CARTESIAN_POINT('',(5.05417647886167,4.5,1.25));
#1610=CARTESIAN_POINT('',(2.55417647886167,4.5,1.25));
#1611=CARTESIAN_POINT('Origin',(5.05417647886167,4.5,0.));
#1612=CARTESIAN_POINT('Origin',(3.80417647886167,0.75,1.16078023752302));
#1613=CARTESIAN_POINT('',(2.55417647886167,0.,2.32156047504606));
#1614=CARTESIAN_POINT('',(4.015298920891,0.876673465217598,3.64604841912895));
#1615=CARTESIAN_POINT('',(7.0954661854847,2.72477382397382,6.43817883227008));
#1616=CARTESIAN_POINT('',(2.55417647886167,0.,-2.32156047504609));
#1617=CARTESIAN_POINT('',(2.55417647886167,0.,2.93214944580404));
#1618=CARTESIAN_POINT('',(4.015298920891,0.876673465217598,-3.64604841912898));
#1619=CARTESIAN_POINT('',(2.35648662130408,-0.118613914534552,-2.14235726423316));
#1620=CARTESIAN_POINT('',(5.05417647886167,1.5,-2.50000000000001));
#1621=CARTESIAN_POINT('',(5.50789421755626,1.77223064321675,-1.99947662920218));
#1622=CARTESIAN_POINT('',(5.05417647886167,1.5,2.49999999999999));
#1623=CARTESIAN_POINT('',(5.05417647886167,1.5,-4.58777702539099));
#1624=CARTESIAN_POINT('',(4.56410753315877,1.20595863257826,3.04062457714854));
#1625=CARTESIAN_POINT('Origin',(13.0760348330931,0.,11.8594842921437));
#1626=CARTESIAN_POINT('',(4.015298920891,7.35902046304752,3.64604841912896));
#1627=CARTESIAN_POINT('',(4.015298920891,0.75,3.64604841912895));
#1628=CARTESIAN_POINT('',(12.9489165391804,2.,11.7442532595371));
#1629=CARTESIAN_POINT('',(10.7233530992925,3.33505154639175,9.72680977901044));
#1630=CARTESIAN_POINT('',(11.9274662522058,2.,10.8183222412585));
#1631=CARTESIAN_POINT('',(6.47290733255701,2.,5.8738375618427));
#1632=CARTESIAN_POINT('',(11.9274662522058,0.,10.8183222412585));
#1633=CARTESIAN_POINT('Ctrl Pts',(11.9274662522058,-1.9778908460963E-29,
10.8183222412585));
#1634=CARTESIAN_POINT('Ctrl Pts',(11.9274662522058,0.666666666666667,10.8183222412585));
#1635=CARTESIAN_POINT('Ctrl Pts',(11.9274662522058,1.33333333333333,10.8183222412585));
#1636=CARTESIAN_POINT('Ctrl Pts',(11.9274662522058,2.,10.8183222412585));
#1637=CARTESIAN_POINT('',(15.1716156760569,0.,13.7591002877078));
#1638=CARTESIAN_POINT('Origin',(2.94677042323615,8.,-2.67744163276874));
#1639=CARTESIAN_POINT('',(2.94677042323615,8.,-2.67744163276874));
#1640=CARTESIAN_POINT('',(3.78028259956484,7.5,-3.43300926833277));
#1641=CARTESIAN_POINT('',(6.5194423291315,5.85685679984206,-5.91602091360567));
#1642=CARTESIAN_POINT('',(2.94677042323617,8.,2.67744163276873));
#1643=CARTESIAN_POINT('',(2.94677042323615,8.,-2.67744163276874));
#1644=CARTESIAN_POINT('',(3.78028259956485,7.5,3.43300926833276));
#1645=CARTESIAN_POINT('',(10.7233530992925,3.33505154639175,9.72680977901044));
#1646=CARTESIAN_POINT('',(3.78028259956485,7.5,-1.33872081638438));
#1647=CARTESIAN_POINT('Origin',(1.70673139290125,3.94629204900437,-7.81161218974915));
#1648=CARTESIAN_POINT('',(4.015298920891,7.35902046304751,-3.64604841912898));
#1649=CARTESIAN_POINT('',(6.5194423291315,5.85685679984206,-5.91602091360567));
#1650=CARTESIAN_POINT('',(4.16516183519282,7.5,-3.4807256101955));
#1651=CARTESIAN_POINT('',(2.82869634196336,7.5,-3.31503404136191));
#1652=CARTESIAN_POINT('',(1.86778427874961,5.33880337826541,-6.01510119324996));
#1653=CARTESIAN_POINT('Origin',(-0.0997432554584149,4.31224727717466,7.11027545149041));
#1654=CARTESIAN_POINT('',(10.7233530992925,3.33505154639175,9.72680977901044));
#1655=CARTESIAN_POINT('',(4.16516183519282,7.5,3.48072561019548));
#1656=CARTESIAN_POINT('',(1.38555471273882,4.88515878421943,6.54707767839364));
#1657=CARTESIAN_POINT('',(1.89631512868764,7.5,3.19943980659769));
#1658=CARTESIAN_POINT('Origin',(5.05417647886167,1.5,-2.50000000000001));
#1659=CARTESIAN_POINT('',(4.015298920891,0.75,-3.64604841912898));
#1660=CARTESIAN_POINT('',(5.05417647886167,7.5,-2.50000000000001));
#1661=CARTESIAN_POINT('',(4.015298920891,7.5,-3.64604841912898));
#1662=CARTESIAN_POINT('',(5.05417647886167,1.5,-2.50000000000001));
#1663=CARTESIAN_POINT('Origin',(5.05417647886167,1.5,2.49999999999999));
#1664=CARTESIAN_POINT('',(5.05417647886167,7.5,2.49999999999999));
#1665=CARTESIAN_POINT('',(5.05417647886167,7.5,-4.58777702539099));
#1666=CARTESIAN_POINT('',(5.05417647886167,1.5,2.49999999999999));
#1667=CARTESIAN_POINT('Origin',(4.015298920891,1.5,3.64604841912896));
#1668=CARTESIAN_POINT('',(4.015298920891,7.5,3.64604841912896));
#1669=CARTESIAN_POINT('Origin',(3.80417647886167,7.5,-1.16573417585641E-14));
#1670=CARTESIAN_POINT('Origin',(2.88029074398008,0.,-2.61717869301205));
#1671=CARTESIAN_POINT('',(11.2139461041376,7.74951599373962E-19,-10.1715257738359));
#1672=CARTESIAN_POINT('',(-0.78589047547878,0.,0.706165529428481));
#1673=CARTESIAN_POINT('',(11.2139461041376,2.,-10.1715257738359));
#1674=CARTESIAN_POINT('Ctrl Pts',(11.2139461041376,2.,-10.1715257738359));
#1675=CARTESIAN_POINT('Ctrl Pts',(11.2139461041376,1.33333210033482,-10.1715257738359));
#1676=CARTESIAN_POINT('Ctrl Pts',(11.2139461041376,0.6666678996662,-10.1715257738359));
#1677=CARTESIAN_POINT('Ctrl Pts',(11.2139461041376,-1.59433723877689E-15,
-10.1715257738359));
#1678=CARTESIAN_POINT('',(12.9489165391804,2.,-11.7442532595371));
#1679=CARTESIAN_POINT('',(1.43859443495684,2.,-1.3103002785802));
#1680=CARTESIAN_POINT('',(6.5194423291315,5.85685679984206,-5.91602091360567));
#1681=CARTESIAN_POINT('Origin',(2.55417647886167,4.5,0.));
#1682=CARTESIAN_POINT('',(17.5,2.,1.6583123951777));
#1683=CARTESIAN_POINT('',(16.,2.,1.6583123951777));
#1684=CARTESIAN_POINT('',(2.55417647886167,2.,1.6583123951777));
#1685=CARTESIAN_POINT('',(17.5,2.,-1.6583123951777));
#1686=CARTESIAN_POINT('Origin',(17.5,4.5,0.));
#1687=CARTESIAN_POINT('',(16.,2.,-1.6583123951777));
#1688=CARTESIAN_POINT('',(2.55417647886167,2.,-1.6583123951777));
#1689=CARTESIAN_POINT('Origin',(16.,4.5,0.));
#1690=CARTESIAN_POINT('Origin',(17.5,0.,14.5));
#1691=CARTESIAN_POINT('',(17.5,2.,14.5));
#1692=CARTESIAN_POINT('',(17.5,2.,14.5));
#1693=CARTESIAN_POINT('',(17.5,0.,14.5));
#1694=CARTESIAN_POINT('',(17.5,0.,14.5));
#1695=CARTESIAN_POINT('',(17.5,0.,-14.5));
#1696=CARTESIAN_POINT('',(17.5,0.,14.5));
#1697=CARTESIAN_POINT('',(17.5,2.,-14.5));
#1698=CARTESIAN_POINT('',(17.5,0.,-14.5));
#1699=CARTESIAN_POINT('',(17.5,2.,14.5));
#1700=CARTESIAN_POINT('Origin',(0.,2.,-2.22044604925031E-15));
#1701=CARTESIAN_POINT('',(14.5,2.,-17.5));
#1702=CARTESIAN_POINT('Origin',(14.5,2.,-14.5));
#1703=CARTESIAN_POINT('',(-14.5,2.,-17.5));
#1704=CARTESIAN_POINT('',(14.5,2.,-17.5));
#1705=CARTESIAN_POINT('',(-17.5,2.,-14.5));
#1706=CARTESIAN_POINT('Origin',(-14.5,2.,-14.5));
#1707=CARTESIAN_POINT('',(-17.5,2.,14.5));
#1708=CARTESIAN_POINT('',(-17.5,2.,-14.5));
#1709=CARTESIAN_POINT('',(-14.5,2.,17.5));
#1710=CARTESIAN_POINT('Origin',(-14.5,2.,14.5));
#1711=CARTESIAN_POINT('',(14.5,2.,17.5));
#1712=CARTESIAN_POINT('',(-14.5,2.,17.5));
#1713=CARTESIAN_POINT('Origin',(14.5,2.,14.5));
#1714=CARTESIAN_POINT('',(16.,2.,8.75311153734393));
#1715=CARTESIAN_POINT('',(16.,2.,14.5));
#1716=CARTESIAN_POINT('',(15.5013023103768,2.,10.3850834741602));
#1717=CARTESIAN_POINT('Ctrl Pts',(15.5013023103768,2.,10.3850834741602));
#1718=CARTESIAN_POINT('Ctrl Pts',(15.837424137042,2.,9.88646563589133));
#1719=CARTESIAN_POINT('Ctrl Pts',(16.,2.,9.29118405871033));
#1720=CARTESIAN_POINT('Ctrl Pts',(16.,2.,8.75311153734393));
#1721=CARTESIAN_POINT('Ctrl Pts',(11.9274662522058,2.,10.8183222412585));
#1722=CARTESIAN_POINT('Ctrl Pts',(12.117983321081,2.,10.9910234151017));
#1723=CARTESIAN_POINT('Ctrl Pts',(12.3518623938356,2.,11.1459341733787));
#1724=CARTESIAN_POINT('Ctrl Pts',(12.621026244807,2.,11.2565526875536));
#1725=CARTESIAN_POINT('Ctrl Pts',(12.8901900957785,2.,11.3671712017286));
#1726=CARTESIAN_POINT('Ctrl Pts',(13.1946387249668,2.,11.4334974718016));
#1727=CARTESIAN_POINT('Ctrl Pts',(13.5035194505392,2.,11.4359410789803));
#1728=CARTESIAN_POINT('Ctrl Pts',(13.915360417969,2.,11.4391992218852));
#1729=CARTESIAN_POINT('Ctrl Pts',(14.3350806678593,2.,11.3288881863114));
#1730=CARTESIAN_POINT('Ctrl Pts',(14.6836549311777,2.,11.1364328362643));
#1731=CARTESIAN_POINT('Ctrl Pts',(15.032229194496,2.,10.9439774862172));
#1732=CARTESIAN_POINT('Ctrl Pts',(15.3096574712423,2.,10.6693778216968));
#1733=CARTESIAN_POINT('Ctrl Pts',(15.5013023103768,2.,10.3850834741602));
#1734=CARTESIAN_POINT('',(11.6056851870666,2.,13.2260526841214));
#1735=CARTESIAN_POINT('',(12.4467557191709,2.,12.298217111682));
#1736=CARTESIAN_POINT('',(9.87071475202382,2.,11.6533251984202));
#1737=CARTESIAN_POINT('',(0.0953630828430127,2.,2.79209970316451));
#1738=CARTESIAN_POINT('',(10.863146703727,2.,12.8803635499157));
#1739=CARTESIAN_POINT('Ctrl Pts',(10.8631467037271,2.,12.8803635499159));
#1740=CARTESIAN_POINT('Ctrl Pts',(10.5949271158364,2.,12.418105716338));
#1741=CARTESIAN_POINT('Ctrl Pts',(10.2543458447412,2.,12.0010816510374));
#1742=CARTESIAN_POINT('Ctrl Pts',(9.87071475202382,2.,11.6533251984202));
#1743=CARTESIAN_POINT('',(9.06651974764913,2.,16.));
#1744=CARTESIAN_POINT('Ctrl Pts',(9.06651974764913,2.,16.));
#1745=CARTESIAN_POINT('Ctrl Pts',(9.2379483190777,2.,16.));
#1746=CARTESIAN_POINT('Ctrl Pts',(9.42180652994719,2.,15.9811600632229));
#1747=CARTESIAN_POINT('Ctrl Pts',(9.61044682215897,2.,15.9295198297629));
#1748=CARTESIAN_POINT('Ctrl Pts',(9.98772740658252,2.,15.8262393628431));
#1749=CARTESIAN_POINT('Ctrl Pts',(10.3841363163752,2.,15.5917577091919));
#1750=CARTESIAN_POINT('Ctrl Pts',(10.6720042487601,2.,15.2417904339312));
#1751=CARTESIAN_POINT('Ctrl Pts',(10.8159382149525,2.,15.0668067963009));
#1752=CARTESIAN_POINT('Ctrl Pts',(10.932736936793,2.,14.8629517532681));
#1753=CARTESIAN_POINT('Ctrl Pts',(11.0123486956316,2.,14.6498762466149));
#1754=CARTESIAN_POINT('Ctrl Pts',(11.0919604544701,2.,14.4368007399616));
#1755=CARTESIAN_POINT('Ctrl Pts',(11.1343852503068,2.,14.2145047696878));
#1756=CARTESIAN_POINT('Ctrl Pts',(11.1423626050027,2.,13.9993872007479));
#1757=CARTESIAN_POINT('Ctrl Pts',(11.1503399596986,2.,13.784269631808));
#1758=CARTESIAN_POINT('Ctrl Pts',(11.1238698732537,2.,13.5763304642019));
#1759=CARTESIAN_POINT('Ctrl Pts',(11.0735803660115,2.,13.3874228785131));
#1760=CARTESIAN_POINT('Ctrl Pts',(11.0232908587692,2.,13.1985152928243));
#1761=CARTESIAN_POINT('Ctrl Pts',(10.9491819307295,2.,13.0286392890529));
#1762=CARTESIAN_POINT('Ctrl Pts',(10.863146703727,2.,12.8803635499157));
#1763=CARTESIAN_POINT('',(-8.75311153734393,2.,16.));
#1764=CARTESIAN_POINT('',(-14.5,2.,16.));
#1765=CARTESIAN_POINT('',(-10.4090713444791,2.,15.4849579019433));
#1766=CARTESIAN_POINT('Ctrl Pts',(-10.4090713444791,2.,15.4849579019433));
#1767=CARTESIAN_POINT('Ctrl Pts',(-9.90568665364985,2.,15.8316213028723));
#1768=CARTESIAN_POINT('Ctrl Pts',(-9.29984041426266,2.,16.));
#1769=CARTESIAN_POINT('Ctrl Pts',(-8.75311153734393,2.,16.));
#1770=CARTESIAN_POINT('',(-10.8340515943951,2.,11.9101303834214));
#1771=CARTESIAN_POINT('Ctrl Pts',(-10.8340515943951,2.,11.9101303834214));
#1772=CARTESIAN_POINT('Ctrl Pts',(-11.0057365930526,2.,12.101563688297));
#1773=CARTESIAN_POINT('Ctrl Pts',(-11.1593669730746,2.,12.3358220592159));
#1774=CARTESIAN_POINT('Ctrl Pts',(-11.2690415969607,2.,12.6046789341462));
#1775=CARTESIAN_POINT('Ctrl Pts',(-11.3787162208468,2.,12.8735358090765));
#1776=CARTESIAN_POINT('Ctrl Pts',(-11.4444350885969,2.,13.1769911880181));
#1777=CARTESIAN_POINT('Ctrl Pts',(-11.4471959749527,2.,13.4848494224693));
#1778=CARTESIAN_POINT('Ctrl Pts',(-11.4508771567605,2.,13.8953270684043));
#1779=CARTESIAN_POINT('Ctrl Pts',(-11.3426330383115,2.,14.313632013023));
#1780=CARTESIAN_POINT('Ctrl Pts',(-11.1527753352093,2.,14.6624242789954));
#1781=CARTESIAN_POINT('Ctrl Pts',(-10.9629176321071,2.,15.0112165449678));
#1782=CARTESIAN_POINT('Ctrl Pts',(-10.6914463443516,2.,15.2904961322938));
#1783=CARTESIAN_POINT('Ctrl Pts',(-10.4090713444791,2.,15.4849579019433));
#1784=CARTESIAN_POINT('',(-11.7525454967023,2.,12.9342753267865));
#1785=CARTESIAN_POINT('',(-5.91855267166831,2.,6.42921934723265));
#1786=CARTESIAN_POINT('',(-13.2414712012899,2.,11.5989475594506));
#1787=CARTESIAN_POINT('',(-12.2686127126055,2.,12.4714457301962));
#1788=CARTESIAN_POINT('',(-11.6779976575818,2.,9.85563329263659));
#1789=CARTESIAN_POINT('',(-3.57604568393312,2.,0.821743002938647));
#1790=CARTESIAN_POINT('',(-12.8694904344947,2.,10.8366740598817));
#1791=CARTESIAN_POINT('Ctrl Pts',(-12.869490434495,2.,10.8366740598819));
#1792=CARTESIAN_POINT('Ctrl Pts',(-12.4206749558038,2.,10.5689019632598));
#1793=CARTESIAN_POINT('Ctrl Pts',(-12.0161280348799,2.,10.2326575877768));
#1794=CARTESIAN_POINT('Ctrl Pts',(-11.6779976575818,2.,9.85563329263659));
#1795=CARTESIAN_POINT('',(-16.,2.,9.05906053037656));
#1796=CARTESIAN_POINT('Ctrl Pts',(-16.,2.,9.05906053037656));
#1797=CARTESIAN_POINT('Ctrl Pts',(-16.,2.,9.23048910180513));
#1798=CARTESIAN_POINT('Ctrl Pts',(-15.9811452618169,2.,9.41447198033524));
#1799=CARTESIAN_POINT('Ctrl Pts',(-15.9292065656418,2.,9.60333580260371));
#1800=CARTESIAN_POINT('Ctrl Pts',(-15.8253291732917,2.,9.98106344714066));
#1801=CARTESIAN_POINT('Ctrl Pts',(-15.5891159489739,2.,10.378314866631));
#1802=CARTESIAN_POINT('Ctrl Pts',(-15.2365473824515,2.,10.665420767165));
#1803=CARTESIAN_POINT('Ctrl Pts',(-15.0602630991903,2.,10.808973717432));
#1804=CARTESIAN_POINT('Ctrl Pts',(-14.8548899803779,2.,10.9249902879599));
#1805=CARTESIAN_POINT('Ctrl Pts',(-14.6405047324057,2.,11.0033312436668));
#1806=CARTESIAN_POINT('Ctrl Pts',(-14.4261194844336,2.,11.0816721993737));
#1807=CARTESIAN_POINT('Ctrl Pts',(-14.2027221073016,2.,11.1223375402597));
#1808=CARTESIAN_POINT('Ctrl Pts',(-13.9869583866835,2.,11.1283160595868));
#1809=CARTESIAN_POINT('Ctrl Pts',(-13.7711946660654,2.,11.134294578914));
#1810=CARTESIAN_POINT('Ctrl Pts',(-13.5630646019612,2.,11.1055862766824));
#1811=CARTESIAN_POINT('Ctrl Pts',(-13.3744430160122,2.,11.0531394150442));
#1812=CARTESIAN_POINT('Ctrl Pts',(-13.1858214300632,2.,11.000692553406));
#1813=CARTESIAN_POINT('Ctrl Pts',(-13.0167083222695,2.,10.9245071323611));
#1814=CARTESIAN_POINT('Ctrl Pts',(-12.8694904344947,2.,10.8366740598817));
#1815=CARTESIAN_POINT('',(-16.,2.,-9.05906053037656));
#1816=CARTESIAN_POINT('',(-16.,2.,-14.5));
#1817=CARTESIAN_POINT('',(-12.8694904344947,2.,-10.8366740598817));
#1818=CARTESIAN_POINT('Ctrl Pts',(-12.8694904344947,2.,-10.8366740598817));
#1819=CARTESIAN_POINT('Ctrl Pts',(-13.0167083222695,2.,-10.9245071323611));
#1820=CARTESIAN_POINT('Ctrl Pts',(-13.184367890974,2.,-11.0025806218821));
#1821=CARTESIAN_POINT('Ctrl Pts',(-13.3731699558069,2.,-11.0547433656468));
#1822=CARTESIAN_POINT('Ctrl Pts',(-13.7507740854727,2.,-11.1590688531761));
#1823=CARTESIAN_POINT('Ctrl Pts',(-14.2129481996519,2.,-11.1597513576799));
#1824=CARTESIAN_POINT('Ctrl Pts',(-14.6401483104113,2.,-11.0040771543311));
#1825=CARTESIAN_POINT('Ctrl Pts',(-14.853748365791,2.,-10.9262400526567));
#1826=CARTESIAN_POINT('Ctrl Pts',(-15.0586049203157,2.,-10.8093137740192));
#1827=CARTESIAN_POINT('Ctrl Pts',(-15.2357241997687,2.,-10.6653446775602));
#1828=CARTESIAN_POINT('Ctrl Pts',(-15.4128434792216,2.,-10.5213755811012));
#1829=CARTESIAN_POINT('Ctrl Pts',(-15.5622254836028,2.,-10.3503636668207));
#1830=CARTESIAN_POINT('Ctrl Pts',(-15.6779082740127,2.,-10.1681351898164));
#1831=CARTESIAN_POINT('Ctrl Pts',(-15.7935910644225,2.,-9.98590671281211));
#1832=CARTESIAN_POINT('Ctrl Pts',(-15.8755746408611,2.,-9.79246167308406));
#1833=CARTESIAN_POINT('Ctrl Pts',(-15.9271768747554,2.,-9.60360727033231));
#1834=CARTESIAN_POINT('Ctrl Pts',(-15.9787791086498,2.,-9.41475286758057));
#1835=CARTESIAN_POINT('Ctrl Pts',(-16.,2.,-9.23048910180513));
#1836=CARTESIAN_POINT('Ctrl Pts',(-16.,2.,-9.05906053037656));
#1837=CARTESIAN_POINT('',(-11.6779976575818,2.,-9.85563329263658));
#1838=CARTESIAN_POINT('Ctrl Pts',(-11.6779976575818,2.,-9.85563329263658));
#1839=CARTESIAN_POINT('Ctrl Pts',(-12.0161280348799,2.,-10.2326575877768));
#1840=CARTESIAN_POINT('Ctrl Pts',(-12.4206749558038,2.,-10.5689019632598));
#1841=CARTESIAN_POINT('Ctrl Pts',(-12.869490434495,2.,-10.8366740598819));
#1842=CARTESIAN_POINT('',(-13.2414712012899,2.,-11.5989475594506));
#1843=CARTESIAN_POINT('',(-7.40747837625591,2.,-5.09389157989674));
#1844=CARTESIAN_POINT('',(-11.7525454967023,2.,-12.9342753267865));
#1845=CARTESIAN_POINT('',(-11.8963812864586,2.,-12.8052776720302));
#1846=CARTESIAN_POINT('',(-10.1890719529942,2.,-11.1909610599725));
#1847=CARTESIAN_POINT('',(-2.08711997934551,2.,-2.15707077027458));
#1848=CARTESIAN_POINT('',(-11.2720760743496,2.,-13.1029396088611));
#1849=CARTESIAN_POINT('Ctrl Pts',(-11.2720760743492,2.,-13.10293960886));
#1850=CARTESIAN_POINT('Ctrl Pts',(-11.0524758032193,2.,-12.3922135513047));
#1851=CARTESIAN_POINT('Ctrl Pts',(-10.6706101715637,2.,-11.7278888831689));
#1852=CARTESIAN_POINT('Ctrl Pts',(-10.1890719529942,2.,-11.1909610599725));
#1853=CARTESIAN_POINT('',(-9.13501241360046,2.,-16.));
#1854=CARTESIAN_POINT('Ctrl Pts',(-9.13501241360046,2.,-16.));
#1855=CARTESIAN_POINT('Ctrl Pts',(-9.30644098502903,2.,-16.));
#1856=CARTESIAN_POINT('Ctrl Pts',(-9.48718055126686,2.,-15.9817594107685));
#1857=CARTESIAN_POINT('Ctrl Pts',(-9.67200228093891,2.,-15.9357674148623));
#1858=CARTESIAN_POINT('Ctrl Pts',(-10.041645740283,2.,-15.84378342305));
#1859=CARTESIAN_POINT('Ctrl Pts',(-10.4276178533639,2.,-15.6407938045388));
#1860=CARTESIAN_POINT('Ctrl Pts',(-10.7265949950288,2.,-15.3372955872267));
#1861=CARTESIAN_POINT('Ctrl Pts',(-11.0255721366937,2.,-15.0337973699146));
#1862=CARTESIAN_POINT('Ctrl Pts',(-11.2375543069425,2.,-14.6297905538015));
#1863=CARTESIAN_POINT('Ctrl Pts',(-11.3244839806409,2.,-14.2289703263014));
#1864=CARTESIAN_POINT('Ctrl Pts',(-11.4114136543393,2.,-13.8281500988012));
#1865=CARTESIAN_POINT('Ctrl Pts',(-11.3732908314874,2.,-13.4305164599139));
#1866=CARTESIAN_POINT('Ctrl Pts',(-11.2720760743495,2.,-13.1029396088611));
#1867=CARTESIAN_POINT('',(8.75311153734393,2.,-16.));
#1868=CARTESIAN_POINT('',(14.5,2.,-16.));
#1869=CARTESIAN_POINT('',(9.89382297788701,2.,-15.767937615128));
#1870=CARTESIAN_POINT('Ctrl Pts',(9.89382297789384,2.,-15.7679376151251));
#1871=CARTESIAN_POINT('Ctrl Pts',(9.51924706176986,2.,-15.9269222760246));
#1872=CARTESIAN_POINT('Ctrl Pts',(9.12312098193132,2.,-16.));
#1873=CARTESIAN_POINT('Ctrl Pts',(8.75311153734393,2.,-16.));
#1874=CARTESIAN_POINT('',(10.4939928611421,2.,-12.2183184649608));
#1875=CARTESIAN_POINT('Ctrl Pts',(10.4939928611421,2.,-12.2183184649608));
#1876=CARTESIAN_POINT('Ctrl Pts',(10.6210042403922,2.,-12.3334525808563));
#1877=CARTESIAN_POINT('Ctrl Pts',(10.7439015454862,2.,-12.4701614356545));
#1878=CARTESIAN_POINT('Ctrl Pts',(10.849269801243,2.,-12.63234473649));
#1879=CARTESIAN_POINT('Ctrl Pts',(11.0600063127566,2.,-12.9567113381609));
#1880=CARTESIAN_POINT('Ctrl Pts',(11.2006266269213,2.,-13.3829757239805));
#1881=CARTESIAN_POINT('Ctrl Pts',(11.1960662233203,2.,-13.8248102087981));
#1882=CARTESIAN_POINT('Ctrl Pts',(11.1937860215198,2.,-14.0457274512068));
#1883=CARTESIAN_POINT('Ctrl Pts',(11.1552106402779,2.,-14.2705372183651));
#1884=CARTESIAN_POINT('Ctrl Pts',(11.084635362536,2.,-14.4807493638171));
#1885=CARTESIAN_POINT('Ctrl Pts',(11.0140600847942,2.,-14.6909615092691));
#1886=CARTESIAN_POINT('Ctrl Pts',(10.9114849105524,2.,-14.8865760330149));
#1887=CARTESIAN_POINT('Ctrl Pts',(10.7874902282781,2.,-15.0573234131199));
#1888=CARTESIAN_POINT('Ctrl Pts',(10.6634955460037,2.,-15.2280707932249));
#1889=CARTESIAN_POINT('Ctrl Pts',(10.5180813556969,2.,-15.3739510296891));
#1890=CARTESIAN_POINT('Ctrl Pts',(10.3651139285852,2.,-15.4921733096336));
#1891=CARTESIAN_POINT('Ctrl Pts',(10.2121465014736,2.,-15.6103955895781));
#1892=CARTESIAN_POINT('Ctrl Pts',(10.0516258375571,2.,-15.7009599130027));
#1893=CARTESIAN_POINT('Ctrl Pts',(9.89382297788701,2.,-15.767937615128));
#1894=CARTESIAN_POINT('',(11.6056851870666,2.,-13.2260526841214));
#1895=CARTESIAN_POINT('',(5.12967598044317,2.,-7.35563698642705));
#1896=CARTESIAN_POINT('',(12.9512429447302,2.,-11.7416868614258));
#1897=CARTESIAN_POINT('',(13.090918533497,2.,-11.2553942203285));
#1898=CARTESIAN_POINT('Ctrl Pts',(13.0909185334963,2.,-11.2553942203283));
#1899=CARTESIAN_POINT('Ctrl Pts',(12.3922998829542,2.,-11.0308612786279));
#1900=CARTESIAN_POINT('Ctrl Pts',(11.7409636521201,2.,-10.6492601296599));
#1901=CARTESIAN_POINT('Ctrl Pts',(11.2139461041376,2.,-10.1715257738359));
#1902=CARTESIAN_POINT('',(16.,2.,-9.13472333090483));
#1903=CARTESIAN_POINT('Ctrl Pts',(16.,2.,-9.13472333090483));
#1904=CARTESIAN_POINT('Ctrl Pts',(16.,2.,-9.3061519023334));
#1905=CARTESIAN_POINT('Ctrl Pts',(15.9817200482686,2.,-9.48698036074746));
#1906=CARTESIAN_POINT('Ctrl Pts',(15.9354509623981,2.,-9.67198061186388));
#1907=CARTESIAN_POINT('Ctrl Pts',(15.8429127906571,2.,-10.0419811140967));
#1908=CARTESIAN_POINT('Ctrl Pts',(15.6384180823594,2.,-10.428668787139));
#1909=CARTESIAN_POINT('Ctrl Pts',(15.3327079628239,2.,-10.7270128832057));
#1910=CARTESIAN_POINT('Ctrl Pts',(15.0269978432883,2.,-11.0253569792725));
#1911=CARTESIAN_POINT('Ctrl Pts',(14.6200723125148,2.,-11.2353574983637));
#1912=CARTESIAN_POINT('Ctrl Pts',(14.2176557176196,2.,-11.3190937263361));
#1913=CARTESIAN_POINT('Ctrl Pts',(13.8152391227244,2.,-11.4028299543084));
#1914=CARTESIAN_POINT('Ctrl Pts',(13.4173314637073,2.,-11.3603018911619));
#1915=CARTESIAN_POINT('Ctrl Pts',(13.090918533497,2.,-11.2553942203285));
#1916=CARTESIAN_POINT('',(16.,2.,14.5));
#1917=CARTESIAN_POINT('',(14.5,2.,13.));
#1918=CARTESIAN_POINT('Origin',(14.5,2.,14.5));
#1919=CARTESIAN_POINT('',(13.,2.,-14.5));
#1920=CARTESIAN_POINT('Origin',(14.5,2.,-14.5));
#1921=CARTESIAN_POINT('',(-14.5,2.,-13.));
#1922=CARTESIAN_POINT('Origin',(-14.5,2.,-14.5));
#1923=CARTESIAN_POINT('',(-13.,2.,14.5));
#1924=CARTESIAN_POINT('Origin',(-14.5,2.,14.5));
#1925=CARTESIAN_POINT('Origin',(-9.06355563823568,5.,7.68934124320992));
#1926=CARTESIAN_POINT('',(-4.14117722288764,8.,4.44739881063718));
#1927=CARTESIAN_POINT('',(-10.1248794323634,3.28308026030369,11.1193847052022));
#1928=CARTESIAN_POINT('',(-5.63010292747525,8.,3.11207104330127));
#1929=CARTESIAN_POINT('',(-5.25787150132835,8.,3.44590298513524));
#1930=CARTESIAN_POINT('',(-8.61348582691083,5.6482155700972,6.4386217181659));
#1931=CARTESIAN_POINT('Origin',(-5.57860581664432,0.,3.05465040553445));
#1932=CARTESIAN_POINT('',(-5.5111580681603,8.,2.97944438579087));
#1933=CARTESIAN_POINT('',(-2.20575656679788,8.,-0.706165529428506));
#1934=CARTESIAN_POINT('',(-5.5111580681603,0.,2.97944438579087));
#1935=CARTESIAN_POINT('',(-5.5111580681603,0.,2.97944438579087));
#1936=CARTESIAN_POINT('',(-11.6779976575818,-2.17407584380215E-19,9.85563329263658));
#1937=CARTESIAN_POINT('',(-2.20575656679788,0.,-0.706165529428506));
#1938=CARTESIAN_POINT('Ctrl Pts',(-11.6779976575818,2.,9.85563329263659));
#1939=CARTESIAN_POINT('Ctrl Pts',(-11.6779976575818,1.3333321003354,9.85563329263659));
#1940=CARTESIAN_POINT('Ctrl Pts',(-11.6779976575818,0.666667899666787,9.85563329263658));
#1941=CARTESIAN_POINT('Ctrl Pts',(-11.6779976575818,5.94501511684725E-20,
9.85563329263658));
#1942=CARTESIAN_POINT('Origin',(-8.31909278594188,5.,-8.35700512687789));
#1943=CARTESIAN_POINT('',(-5.63010292747524,8.,-3.11207104330127));
#1944=CARTESIAN_POINT('',(-11.613805136951,3.28308026030369,-9.78405693786626));
#1945=CARTESIAN_POINT('',(-4.14117722288764,8.,-4.44739881063719));
#1946=CARTESIAN_POINT('',(-4.51340864903453,8.,-4.11356686880321));
#1947=CARTESIAN_POINT('',(-7.12456012232323,5.6482155700972,-7.77394948550182));
#1948=CARTESIAN_POINT('Origin',(-4.08968011205672,0.,-4.38997817287039));
#1949=CARTESIAN_POINT('',(-4.02223236357271,8.,-4.31477215312681));
#1950=CARTESIAN_POINT('',(-13.7555371477062,8.,-15.1676638836679));
#1951=CARTESIAN_POINT('',(-4.02223236357271,0.,-4.31477215312681));
#1952=CARTESIAN_POINT('',(-4.02223236357271,0.,-4.31477215312681));
#1953=CARTESIAN_POINT('',(-10.1890719529942,3.11407379126653E-18,-11.1909610599725));
#1954=CARTESIAN_POINT('',(-13.7555371477062,0.,-15.1676638836679));
#1955=CARTESIAN_POINT('Ctrl Pts',(-10.1890719529942,2.,-11.1909610599725));
#1956=CARTESIAN_POINT('Ctrl Pts',(-10.1890719529942,1.33333210033466,-11.1909610599725));
#1957=CARTESIAN_POINT('Ctrl Pts',(-10.1890719529942,0.666667899670145,-11.1909610599725));
#1958=CARTESIAN_POINT('Ctrl Pts',(-10.1890719529942,3.85442804542978E-20,
-11.1909610599725));
#1959=CARTESIAN_POINT('Origin',(7.94939441824148,5.,-7.20913651407874));
#1960=CARTESIAN_POINT('',(1.60353907112233,8.,-4.15924105735308));
#1961=CARTESIAN_POINT('',(9.38012174717864,3.33505154639175,-11.2086092035948));
#1962=CARTESIAN_POINT('',(2.94832136026936,8.,-2.67573070069457));
#1963=CARTESIAN_POINT('Origin',(6.94041996712292,5.,8.32219701459115));
#1964=CARTESIAN_POINT('',(1.60353907112234,8.,4.15924105735307));
#1965=CARTESIAN_POINT('',(1.9393469091508,8.,3.78879120120698));
#1966=CARTESIAN_POINT('',(5.17621097701768,5.85685679984206,7.39782033818998));
#1967=CARTESIAN_POINT('Origin',(-1.49582352113833,0.,-1.71390679426509E-14));
#1968=CARTESIAN_POINT('',(-5.51115806816031,8.,-2.9794443857909));
#1969=CARTESIAN_POINT('',(-5.51115806816031,0.,-2.9794443857909));
#1970=CARTESIAN_POINT('',(-5.51115806816031,0.,-2.9794443857909));
#1971=CARTESIAN_POINT('Origin',(-1.49582352113833,0.,-1.71390679426509E-14));
#1972=CARTESIAN_POINT('Origin',(-1.49582352113833,8.,-1.71390679426509E-14));
#1973=CARTESIAN_POINT('Origin',(-1.49582352113833,0.,-1.71390679426509E-14));
#1974=CARTESIAN_POINT('',(1.46221332235591,8.,-4.03113115701534));
#1975=CARTESIAN_POINT('',(1.46221332235591,0.,-4.03113115701534));
#1976=CARTESIAN_POINT('',(1.46221332235591,0.,-4.03113115701534));
#1977=CARTESIAN_POINT('Origin',(-1.49582352113833,0.,-1.71390679426509E-14));
#1978=CARTESIAN_POINT('Origin',(-1.49582352113833,8.,-1.71390679426509E-14));
#1979=CARTESIAN_POINT('Origin',(-1.49582352113833,0.,-1.71390679426509E-14));
#1980=CARTESIAN_POINT('',(0.0541764788616703,0.,1.9615045720733));
#1981=CARTESIAN_POINT('',(0.0541764788616708,0.,-1.96150457207333));
#1982=CARTESIAN_POINT('Origin',(-1.49582352113833,0.,-1.71390679426509E-14));
#1983=CARTESIAN_POINT('',(0.0541764788616708,8.,-1.96150457207333));
#1984=CARTESIAN_POINT('',(0.0541764788616708,0.,-1.96150457207333));
#1985=CARTESIAN_POINT('',(0.0541764788616703,8.,1.9615045720733));
#1986=CARTESIAN_POINT('Origin',(-1.49582352113833,8.,-1.71390679426509E-14));
#1987=CARTESIAN_POINT('',(0.0541764788616703,0.,1.9615045720733));
#1988=CARTESIAN_POINT('Origin',(0.0541764788616708,0.,-1.96150457207333));
#1989=CARTESIAN_POINT('',(0.0541764788616703,0.,1.9615045720733));
#1990=CARTESIAN_POINT('',(0.0541764788616703,8.,1.9615045720733));
#1991=CARTESIAN_POINT('Origin',(-1.49582352113833,0.,-1.71390679426509E-14));
#1992=CARTESIAN_POINT('',(-4.0222323635727,0.,4.31477215312678));
#1993=CARTESIAN_POINT('',(1.4622133223559,0.,4.03113115701531));
#1994=CARTESIAN_POINT('Origin',(-1.49582352113833,0.,-1.71390679426509E-14));
#1995=CARTESIAN_POINT('',(1.4622133223559,8.,4.03113115701531));
#1996=CARTESIAN_POINT('',(1.4622133223559,0.,4.03113115701531));
#1997=CARTESIAN_POINT('',(-4.0222323635727,8.,4.31477215312678));
#1998=CARTESIAN_POINT('Origin',(-1.49582352113833,8.,-1.71390679426509E-14));
#1999=CARTESIAN_POINT('',(-4.0222323635727,0.,4.31477215312678));
#2000=CARTESIAN_POINT('Origin',(-1.80776640720558,8.,-1.66533453693773E-14));
#2001=CARTESIAN_POINT('',(-2.20575656679788,8.,-0.706165529428506));
#2002=CARTESIAN_POINT('',(-15.2444628522938,8.,-13.832336116332));
#2003=CARTESIAN_POINT('',(-0.78589047547878,8.,0.706165529428481));
#2004=CARTESIAN_POINT('',(13.8283843239431,8.,15.2408997122922));
#2005=CARTESIAN_POINT('Ctrl Pts',(9.89382297788701,-3.34340820000948E-30,
-15.767937615128));
#2006=CARTESIAN_POINT('Ctrl Pts',(9.89382297788701,0.666666666666667,-15.767937615128));
#2007=CARTESIAN_POINT('Ctrl Pts',(9.89382297788701,1.33333333333333,-15.767937615128));
#2008=CARTESIAN_POINT('Ctrl Pts',(9.89382297788701,2.,-15.767937615128));
#2009=CARTESIAN_POINT('Ctrl Pts',(10.0516258375571,-6.34938406742242E-30,
-15.7009599130027));
#2010=CARTESIAN_POINT('Ctrl Pts',(10.0516258375571,0.666666666666667,-15.7009599130027));
#2011=CARTESIAN_POINT('Ctrl Pts',(10.0516258375571,1.33333333333333,-15.7009599130027));
#2012=CARTESIAN_POINT('Ctrl Pts',(10.0516258375571,2.,-15.7009599130027));
#2013=CARTESIAN_POINT('Ctrl Pts',(10.3726671653901,-1.23092076858998E-29,
-15.5198312661534));
#2014=CARTESIAN_POINT('Ctrl Pts',(10.3726671653901,0.666666666666667,-15.5198312661534));
#2015=CARTESIAN_POINT('Ctrl Pts',(10.3726671653901,1.33333333333333,-15.5198312661534));
#2016=CARTESIAN_POINT('Ctrl Pts',(10.3726671653901,2.,-15.5198312661534));
#2017=CARTESIAN_POINT('Ctrl Pts',(10.8089097363106,-1.97431328784697E-29,
-15.0821905567606));
#2018=CARTESIAN_POINT('Ctrl Pts',(10.8089097363106,0.666666666666667,-15.0821905567606));
#2019=CARTESIAN_POINT('Ctrl Pts',(10.8089097363106,1.33333333333334,-15.0821905567606));
#2020=CARTESIAN_POINT('Ctrl Pts',(10.8089097363106,2.,-15.0821905567606));
#2021=CARTESIAN_POINT('Ctrl Pts',(11.116635259036,-2.40219990586955E-29,
-14.4953469855233));
#2022=CARTESIAN_POINT('Ctrl Pts',(11.116635259036,0.666666666666668,-14.4953469855233));
#2023=CARTESIAN_POINT('Ctrl Pts',(11.116635259036,1.33333333333333,-14.4953469855233));
#2024=CARTESIAN_POINT('Ctrl Pts',(11.116635259036,2.,-14.4953469855233));
#2025=CARTESIAN_POINT('Ctrl Pts',(11.2709367840037,-2.40684517334333E-29,
-13.5961079168904));
#2026=CARTESIAN_POINT('Ctrl Pts',(11.2709367840037,0.666666666666666,-13.5961079168904));
#2027=CARTESIAN_POINT('Ctrl Pts',(11.2709367840037,1.33333333333334,-13.5961079168904));
#2028=CARTESIAN_POINT('Ctrl Pts',(11.2709367840037,2.,-13.5961079168904));
#2029=CARTESIAN_POINT('Ctrl Pts',(10.9896961556742,-1.53389543510983E-29,
-12.743579145251));
#2030=CARTESIAN_POINT('Ctrl Pts',(10.9896961556742,0.666666666666668,-12.743579145251));
#2031=CARTESIAN_POINT('Ctrl Pts',(10.9896961556742,1.33333333333333,-12.743579145251));
#2032=CARTESIAN_POINT('Ctrl Pts',(10.9896961556742,2.,-12.743579145251));
#2033=CARTESIAN_POINT('Ctrl Pts',(10.6210042403922,-6.34980572460483E-30,
-12.3334525808563));
#2034=CARTESIAN_POINT('Ctrl Pts',(10.6210042403922,0.666666666666666,-12.3334525808563));
#2035=CARTESIAN_POINT('Ctrl Pts',(10.6210042403922,1.33333333333333,-12.3334525808563));
#2036=CARTESIAN_POINT('Ctrl Pts',(10.6210042403922,2.,-12.3334525808563));
#2037=CARTESIAN_POINT('Ctrl Pts',(10.4939928611421,-3.34385266003936E-30,
-12.2183184649608));
#2038=CARTESIAN_POINT('Ctrl Pts',(10.4939928611421,0.666666666666667,-12.2183184649608));
#2039=CARTESIAN_POINT('Ctrl Pts',(10.4939928611421,1.33333333333333,-12.2183184649608));
#2040=CARTESIAN_POINT('Ctrl Pts',(10.4939928611421,2.,-12.2183184649608));
#2041=CARTESIAN_POINT('',(9.89382297788701,-5.03095429448092E-16,-15.767937615128));
#2042=CARTESIAN_POINT('Ctrl Pts',(9.89382297788701,2.,-15.767937615128));
#2043=CARTESIAN_POINT('Ctrl Pts',(9.89382297788701,1.33333333333333,-15.767937615128));
#2044=CARTESIAN_POINT('Ctrl Pts',(9.89382297788701,0.666666666666667,-15.767937615128));
#2045=CARTESIAN_POINT('Ctrl Pts',(9.89382297788701,-3.34340820000948E-30,
-15.767937615128));
#2046=CARTESIAN_POINT('',(10.4939928611421,7.77876909732643E-61,-12.2183184649608));
#2047=CARTESIAN_POINT('Ctrl Pts',(9.89382297788701,4.44460029879123E-34,
-15.767937615128));
#2048=CARTESIAN_POINT('Ctrl Pts',(10.0516258375571,-3.00553140738306E-30,
-15.7009599130027));
#2049=CARTESIAN_POINT('Ctrl Pts',(10.2121465014736,-5.98544321662173E-30,
-15.6103955895781));
#2050=CARTESIAN_POINT('Ctrl Pts',(10.3651139285852,-8.71438665333607E-30,
-15.4921733096336));
#2051=CARTESIAN_POINT('Ctrl Pts',(10.5180813556969,-1.14433300900504E-29,
-15.3739510296891));
#2052=CARTESIAN_POINT('Ctrl Pts',(10.6634955460037,-1.39213051542404E-29,
-15.2280707932249));
#2053=CARTESIAN_POINT('Ctrl Pts',(10.7874902282781,-1.58734370497064E-29,
-15.0573234131199));
#2054=CARTESIAN_POINT('Ctrl Pts',(10.9114849105524,-1.78255689451723E-29,
-14.8865760330149));
#2055=CARTESIAN_POINT('Ctrl Pts',(11.0140600847942,-1.92518576719142E-29,
-14.6909615092691));
#2056=CARTESIAN_POINT('Ctrl Pts',(11.084635362536,-1.99708086196274E-29,
-14.4807493638171));
#2057=CARTESIAN_POINT('Ctrl Pts',(11.1552106402779,-2.06897595673406E-29,
-14.2705372183651));
#2058=CARTESIAN_POINT('Ctrl Pts',(11.1937860215198,-2.0701372736025E-29,
-14.0457274512068));
#2059=CARTESIAN_POINT('Ctrl Pts',(11.1960662233203,-1.99816567332867E-29,
-13.8248102087981));
#2060=CARTESIAN_POINT('Ctrl Pts',(11.2006266269213,-1.85422247278102E-29,
-13.3829757239805));
#2061=CARTESIAN_POINT('Ctrl Pts',(11.0600063127566,-1.41774760366426E-29,
-12.9567113381609));
#2062=CARTESIAN_POINT('Ctrl Pts',(10.849269801243,-8.72738263892306E-30,
-12.63234473649));
#2063=CARTESIAN_POINT('Ctrl Pts',(10.7439015454862,-6.00233594006328E-30,
-12.4701614356545));
#2064=CARTESIAN_POINT('Ctrl Pts',(10.6210042403922,-3.00595306456547E-30,
-12.3334525808563));
#2065=CARTESIAN_POINT('Ctrl Pts',(10.4939928611421,0.,-12.2183184649608));
#2066=CARTESIAN_POINT('Ctrl Pts',(10.4939928611421,-3.34385266003936E-30,
-12.2183184649608));
#2067=CARTESIAN_POINT('Ctrl Pts',(10.4939928611421,0.666666666666667,-12.2183184649608));
#2068=CARTESIAN_POINT('Ctrl Pts',(10.4939928611421,1.33333333333333,-12.2183184649608));
#2069=CARTESIAN_POINT('Ctrl Pts',(10.4939928611421,2.,-12.2183184649608));
#2070=CARTESIAN_POINT('Origin',(11.7328034809793,0.,-13.341283716728));
#2071=CARTESIAN_POINT('',(-2.20575656679788,0.,-0.706165529428506));
#2072=CARTESIAN_POINT('Ctrl Pts',(13.090918533497,-1.73333374414896E-32,
-11.2553942203285));
#2073=CARTESIAN_POINT('Ctrl Pts',(13.090918533497,0.666666666666667,-11.2553942203285));
#2074=CARTESIAN_POINT('Ctrl Pts',(13.090918533497,1.33333333333333,-11.2553942203285));
#2075=CARTESIAN_POINT('Ctrl Pts',(13.090918533497,2.,-11.2553942203285));
#2076=CARTESIAN_POINT('Ctrl Pts',(13.4173314637073,-1.68085664561468E-32,
-11.3603018911619));
#2077=CARTESIAN_POINT('Ctrl Pts',(13.4173314637073,0.666666666666666,-11.3603018911619));
#2078=CARTESIAN_POINT('Ctrl Pts',(13.4173314637073,1.33333333333334,-11.3603018911619));
#2079=CARTESIAN_POINT('Ctrl Pts',(13.4173314637073,2.,-11.3603018911619));
#2080=CARTESIAN_POINT('Ctrl Pts',(14.2131467817414,-1.52678477685839E-32,
-11.4453580174549));
#2081=CARTESIAN_POINT('Ctrl Pts',(14.2131467817414,0.666666666666668,-11.4453580174549));
#2082=CARTESIAN_POINT('Ctrl Pts',(14.2131467817414,1.33333333333333,-11.4453580174549));
#2083=CARTESIAN_POINT('Ctrl Pts',(14.2131467817414,2.,-11.4453580174549));
#2084=CARTESIAN_POINT('Ctrl Pts',(15.4339233740617,-1.17404204808963E-32,
-10.8153564601813));
#2085=CARTESIAN_POINT('Ctrl Pts',(15.4339233740617,0.666666666666666,-10.8153564601813));
#2086=CARTESIAN_POINT('Ctrl Pts',(15.4339233740617,1.33333333333334,-10.8153564601813));
#2087=CARTESIAN_POINT('Ctrl Pts',(15.4339233740617,2.,-10.8153564601813));
#2088=CARTESIAN_POINT('Ctrl Pts',(15.9451601448059,-9.18737816914811E-33,
-9.84863727757559));
#2089=CARTESIAN_POINT('Ctrl Pts',(15.9451601448059,0.666666666666668,-9.84863727757559));
#2090=CARTESIAN_POINT('Ctrl Pts',(15.9451601448059,1.33333333333333,-9.84863727757559));
#2091=CARTESIAN_POINT('Ctrl Pts',(15.9451601448059,2.,-9.84863727757559));
#2092=CARTESIAN_POINT('Ctrl Pts',(16.,-8.24191733193897E-33,-9.3061519023334));
#2093=CARTESIAN_POINT('Ctrl Pts',(16.,0.666666666666667,-9.3061519023334));
#2094=CARTESIAN_POINT('Ctrl Pts',(16.,1.33333333333333,-9.3061519023334));
#2095=CARTESIAN_POINT('Ctrl Pts',(16.,2.,-9.3061519023334));
#2096=CARTESIAN_POINT('Ctrl Pts',(16.,-7.97953183926753E-33,-9.13472333090483));
#2097=CARTESIAN_POINT('Ctrl Pts',(16.,0.666666666666667,-9.13472333090483));
#2098=CARTESIAN_POINT('Ctrl Pts',(16.,1.33333333333333,-9.13472333090483));
#2099=CARTESIAN_POINT('Ctrl Pts',(16.,2.,-9.13472333090483));
#2100=CARTESIAN_POINT('',(13.090918533497,-1.21430643318377E-16,-11.2553942203285));
#2101=CARTESIAN_POINT('Ctrl Pts',(13.090918533497,2.,-11.2553942203285));
#2102=CARTESIAN_POINT('Ctrl Pts',(13.090918533497,1.33333333333333,-11.2553942203285));
#2103=CARTESIAN_POINT('Ctrl Pts',(13.090918533497,0.666666666666667,-11.2553942203285));
#2104=CARTESIAN_POINT('Ctrl Pts',(13.090918533497,-1.73333374414896E-32,
-11.2553942203285));
#2105=CARTESIAN_POINT('',(16.,0.,-9.13472333090483));
#2106=CARTESIAN_POINT('Ctrl Pts',(13.090918533497,-9.35380560222211E-33,
-11.2553942203285));
#2107=CARTESIAN_POINT('Ctrl Pts',(13.4173314637073,-8.82903461687925E-33,
-11.3603018911619));
#2108=CARTESIAN_POINT('Ctrl Pts',(13.8152391227244,-8.05867527309778E-33,
-11.4028299543084));
#2109=CARTESIAN_POINT('Ctrl Pts',(14.2176557176196,-7.08559105325912E-33,
-11.3190937263361));
#2110=CARTESIAN_POINT('Ctrl Pts',(14.6200723125148,-6.11250683342045E-33,
-11.2353574983637));
#2111=CARTESIAN_POINT('Ctrl Pts',(15.0269978432883,-4.93669773752459E-33,
-11.0253569792725));
#2112=CARTESIAN_POINT('Ctrl Pts',(15.3327079628238,-3.83818472722703E-33,
-10.7270128832057));
#2113=CARTESIAN_POINT('Ctrl Pts',(15.6384180823594,-2.73967171692947E-33,
-10.428668787139));
#2114=CARTESIAN_POINT('Ctrl Pts',(15.8429127906571,-1.7184547922302E-33,
-10.0419811140967));
#2115=CARTESIAN_POINT('Ctrl Pts',(15.9354509623981,-9.57844334126386E-34,
-9.67198061186388));
#2116=CARTESIAN_POINT('Ctrl Pts',(15.9817200482686,-5.77539105074484E-34,
-9.48698036074746));
#2117=CARTESIAN_POINT('Ctrl Pts',(16.,-2.62385492671441E-34,-9.3061519023334));
#2118=CARTESIAN_POINT('Ctrl Pts',(16.,1.06910588403688E-49,-9.13472333090483));
#2119=CARTESIAN_POINT('Ctrl Pts',(16.,-7.97953183926753E-33,-9.13472333090483));
#2120=CARTESIAN_POINT('Ctrl Pts',(16.,0.666666666666667,-9.13472333090483));
#2121=CARTESIAN_POINT('Ctrl Pts',(16.,1.33333333333333,-9.13472333090483));
#2122=CARTESIAN_POINT('Ctrl Pts',(16.,2.,-9.13472333090483));
#2123=CARTESIAN_POINT('Origin',(16.,0.,-11.9019237886467));
#2124=CARTESIAN_POINT('',(16.,6.45391541274301E-19,8.75311153734393));
#2125=CARTESIAN_POINT('',(16.,0.,14.5));
#2126=CARTESIAN_POINT('Ctrl Pts',(16.,2.,8.75311153734393));
#2127=CARTESIAN_POINT('Ctrl Pts',(16.,1.33333210033523,8.75311153734393));
#2128=CARTESIAN_POINT('Ctrl Pts',(16.,0.6666678996463,8.75311153734393));
#2129=CARTESIAN_POINT('Ctrl Pts',(16.,-2.76352617195751E-16,8.75311153734393));
#2130=CARTESIAN_POINT('Ctrl Pts',(8.75311153734393,-1.02416214552598E-15,
-16.));
#2131=CARTESIAN_POINT('Ctrl Pts',(8.75311153734393,0.666667899629438,-16.));
#2132=CARTESIAN_POINT('Ctrl Pts',(8.75311153734393,1.33333210033559,-16.));
#2133=CARTESIAN_POINT('Ctrl Pts',(8.75311153734393,2.,-16.));
#2134=CARTESIAN_POINT('Ctrl Pts',(9.12312098193132,-1.02416214552598E-15,
-16.));
#2135=CARTESIAN_POINT('Ctrl Pts',(9.12312098193132,0.666667899629437,-16.));
#2136=CARTESIAN_POINT('Ctrl Pts',(9.12312098193132,1.33333210033559,-16.));
#2137=CARTESIAN_POINT('Ctrl Pts',(9.12312098193132,2.,-16.));
#2138=CARTESIAN_POINT('Ctrl Pts',(9.51924706176986,-1.02416214552598E-15,
-15.9269222760246));
#2139=CARTESIAN_POINT('Ctrl Pts',(9.51924706176986,0.666667899629438,-15.9269222760246));
#2140=CARTESIAN_POINT('Ctrl Pts',(9.51924706176986,1.33333210033559,-15.9269222760246));
#2141=CARTESIAN_POINT('Ctrl Pts',(9.51924706176986,2.,-15.9269222760246));
#2142=CARTESIAN_POINT('Ctrl Pts',(9.89382297789384,-1.02416214552598E-15,
-15.7679376151251));
#2143=CARTESIAN_POINT('Ctrl Pts',(9.89382297789384,0.666667899629438,-15.7679376151251));
#2144=CARTESIAN_POINT('Ctrl Pts',(9.89382297789384,1.33333210033559,-15.7679376151251));
#2145=CARTESIAN_POINT('Ctrl Pts',(9.89382297789384,2.,-15.7679376151251));
#2146=CARTESIAN_POINT('',(8.75311153734393,-4.4797450384975E-19,-16.));
#2147=CARTESIAN_POINT('Ctrl Pts',(8.75311153734393,2.,-16.));
#2148=CARTESIAN_POINT('Ctrl Pts',(8.75311153734393,1.33333210033559,-16.));
#2149=CARTESIAN_POINT('Ctrl Pts',(8.75311153734393,0.666667899629438,-16.));
#2150=CARTESIAN_POINT('Ctrl Pts',(8.75311153734393,-1.02416214552598E-15,
-16.));
#2151=CARTESIAN_POINT('Ctrl Pts',(8.75311153734393,-1.02416214552598E-15,
-16.));
#2152=CARTESIAN_POINT('Ctrl Pts',(9.12312098192908,-1.02416214552598E-15,
-16.));
#2153=CARTESIAN_POINT('Ctrl Pts',(9.51924706176504,-1.02416214552598E-15,
-15.9269222760255));
#2154=CARTESIAN_POINT('Ctrl Pts',(9.89382297788701,-1.02416214552598E-15,
-15.767937615128));
#2155=CARTESIAN_POINT('Ctrl Pts',(11.2139461041376,-1.59433723877689E-15,
-10.1715257738359));
#2156=CARTESIAN_POINT('Ctrl Pts',(11.2139461041376,0.6666678996662,-10.1715257738359));
#2157=CARTESIAN_POINT('Ctrl Pts',(11.2139461041376,1.33333210033482,-10.1715257738359));
#2158=CARTESIAN_POINT('Ctrl Pts',(11.2139461041376,2.,-10.1715257738359));
#2159=CARTESIAN_POINT('Ctrl Pts',(11.7409636521202,-1.59433723877689E-15,
-10.64926012966));
#2160=CARTESIAN_POINT('Ctrl Pts',(11.7409636521202,0.6666678996662,-10.64926012966));
#2161=CARTESIAN_POINT('Ctrl Pts',(11.7409636521202,1.33333210033482,-10.64926012966));
#2162=CARTESIAN_POINT('Ctrl Pts',(11.7409636521202,2.,-10.64926012966));
#2163=CARTESIAN_POINT('Ctrl Pts',(12.3922998829547,-1.59433723877689E-15,
-11.0308612786281));
#2164=CARTESIAN_POINT('Ctrl Pts',(12.3922998829547,0.666667899666201,-11.0308612786281));
#2165=CARTESIAN_POINT('Ctrl Pts',(12.3922998829547,1.33333210033482,-11.0308612786281));
#2166=CARTESIAN_POINT('Ctrl Pts',(12.3922998829547,2.,-11.0308612786281));
#2167=CARTESIAN_POINT('Ctrl Pts',(13.090918533497,-1.59433723877689E-15,
-11.2553942203285));
#2168=CARTESIAN_POINT('Ctrl Pts',(13.090918533497,0.6666678996662,-11.2553942203285));
#2169=CARTESIAN_POINT('Ctrl Pts',(13.090918533497,1.33333210033482,-11.2553942203285));
#2170=CARTESIAN_POINT('Ctrl Pts',(13.090918533497,2.,-11.2553942203285));
#2171=CARTESIAN_POINT('Ctrl Pts',(11.2139461041376,-2.06555891299555E-16,
-10.1715257738359));
#2172=CARTESIAN_POINT('Ctrl Pts',(11.7409636521201,-2.06555891299555E-16,
-10.6492601296599));
#2173=CARTESIAN_POINT('Ctrl Pts',(12.3922998829542,-2.06555891299554E-16,
-11.0308612786279));
#2174=CARTESIAN_POINT('Ctrl Pts',(13.0909185334963,-2.06555891299555E-16,
-11.2553942203283));
#2175=CARTESIAN_POINT('Ctrl Pts',(-16.,-5.41958989115775E-33,-9.05906053037656));
#2176=CARTESIAN_POINT('Ctrl Pts',(-16.,0.666666666666667,-9.05906053037656));
#2177=CARTESIAN_POINT('Ctrl Pts',(-16.,1.33333333333333,-9.05906053037656));
#2178=CARTESIAN_POINT('Ctrl Pts',(-16.,2.,-9.05906053037656));
#2179=CARTESIAN_POINT('Ctrl Pts',(-16.,-5.08837396669966E-33,-9.23048910180513));
#2180=CARTESIAN_POINT('Ctrl Pts',(-16.,0.666666666666668,-9.23048910180513));
#2181=CARTESIAN_POINT('Ctrl Pts',(-16.,1.33333333333333,-9.23048910180513));
#2182=CARTESIAN_POINT('Ctrl Pts',(-16.,2.,-9.23048910180513));
#2183=CARTESIAN_POINT('Ctrl Pts',(-15.9575582172996,-4.23193386373328E-33,
-9.59901663335602));
#2184=CARTESIAN_POINT('Ctrl Pts',(-15.9575582172996,0.666666666666666,-9.59901663335602));
#2185=CARTESIAN_POINT('Ctrl Pts',(-15.9575582172996,1.33333333333333,-9.59901663335601));
#2186=CARTESIAN_POINT('Ctrl Pts',(-15.9575582172996,2.,-9.59901663335601));
#2187=CARTESIAN_POINT('Ctrl Pts',(-15.711607487984,-2.27381058600565E-33,
-10.1793517525402));
#2188=CARTESIAN_POINT('Ctrl Pts',(-15.711607487984,0.666666666666668,-10.1793517525402));
#2189=CARTESIAN_POINT('Ctrl Pts',(-15.711607487984,1.33333333333333,-10.1793517525402));
#2190=CARTESIAN_POINT('Ctrl Pts',(-15.711607487984,2.,-10.1793517525402));
#2191=CARTESIAN_POINT('Ctrl Pts',(-15.2634614748404,2.42265469677872E-34,
-10.6923874953816));
#2192=CARTESIAN_POINT('Ctrl Pts',(-15.2634614748404,0.666666666666666,-10.6923874953816));
#2193=CARTESIAN_POINT('Ctrl Pts',(-15.2634614748404,1.33333333333334,-10.6923874953816));
#2194=CARTESIAN_POINT('Ctrl Pts',(-15.2634614748404,2.,-10.6923874953816));
#2195=CARTESIAN_POINT('Ctrl Pts',(-14.4440352567415,3.93406142049176E-33,
-11.1600926099319));
#2196=CARTESIAN_POINT('Ctrl Pts',(-14.4440352567415,0.666666666666669,-11.1600926099319));
#2197=CARTESIAN_POINT('Ctrl Pts',(-14.4440352567415,1.33333333333333,-11.1600926099319));
#2198=CARTESIAN_POINT('Ctrl Pts',(-14.4440352567415,2.,-11.1600926099319));
#2199=CARTESIAN_POINT('Ctrl Pts',(-13.5196870283831,7.07657367147564E-33,
-11.1587276009242));
#2200=CARTESIAN_POINT('Ctrl Pts',(-13.5196870283831,0.666666666666665,-11.1587276009242));
#2201=CARTESIAN_POINT('Ctrl Pts',(-13.5196870283831,1.33333333333333,-11.1587276009242));
#2202=CARTESIAN_POINT('Ctrl Pts',(-13.5196870283831,2.,-11.1587276009242));
#2203=CARTESIAN_POINT('Ctrl Pts',(-13.0167083222695,8.33545279642728E-33,
-10.9245071323611));
#2204=CARTESIAN_POINT('Ctrl Pts',(-13.0167083222695,0.666666666666668,-10.9245071323611));
#2205=CARTESIAN_POINT('Ctrl Pts',(-13.0167083222695,1.33333333333333,-10.9245071323611));
#2206=CARTESIAN_POINT('Ctrl Pts',(-13.0167083222695,2.,-10.9245071323611));
#2207=CARTESIAN_POINT('Ctrl Pts',(-12.8694904344947,8.66666872088106E-33,
-10.8366740598817));
#2208=CARTESIAN_POINT('Ctrl Pts',(-12.8694904344947,0.666666666666667,-10.8366740598817));
#2209=CARTESIAN_POINT('Ctrl Pts',(-12.8694904344947,1.33333333333333,-10.8366740598817));
#2210=CARTESIAN_POINT('Ctrl Pts',(-12.8694904344947,2.,-10.8366740598817));
#2211=CARTESIAN_POINT('',(-16.,0.,-9.05906053037656));
#2212=CARTESIAN_POINT('Ctrl Pts',(-16.,2.,-9.05906053037656));
#2213=CARTESIAN_POINT('Ctrl Pts',(-16.,1.33333333333333,-9.05906053037656));
#2214=CARTESIAN_POINT('Ctrl Pts',(-16.,0.666666666666667,-9.05906053037656));
#2215=CARTESIAN_POINT('Ctrl Pts',(-16.,-5.41958989115775E-33,-9.05906053037656));
#2216=CARTESIAN_POINT('',(-12.8694904344947,1.56123794892439E-16,-10.8366740598817));
#2217=CARTESIAN_POINT('Ctrl Pts',(-16.,1.71056941445901E-48,-9.05906053037656));
#2218=CARTESIAN_POINT('Ctrl Pts',(-16.,3.31215924458097E-34,-9.23048910180513));
#2219=CARTESIAN_POINT('Ctrl Pts',(-15.9787791086498,7.59435975941284E-34,
-9.41475286758057));
#2220=CARTESIAN_POINT('Ctrl Pts',(-15.9271768747554,1.29989988130415E-33,
-9.60360727033232));
#2221=CARTESIAN_POINT('Ctrl Pts',(-15.8755746408611,1.84036378666702E-33,
-9.79246167308406));
#2222=CARTESIAN_POINT('Ctrl Pts',(-15.7935910644225,2.49307154590956E-33,
-9.98590671281211));
#2223=CARTESIAN_POINT('Ctrl Pts',(-15.6779082740127,3.23877143481142E-33,
-10.1681351898164));
#2224=CARTESIAN_POINT('Ctrl Pts',(-15.5622254836028,3.98447132371328E-33,
-10.3503636668207));
#2225=CARTESIAN_POINT('Ctrl Pts',(-15.4128434792216,4.82316334227445E-33,
-10.5213755811012));
#2226=CARTESIAN_POINT('Ctrl Pts',(-15.2357241997687,5.70398384540677E-33,
-10.6653446775602));
#2227=CARTESIAN_POINT('Ctrl Pts',(-15.0586049203157,6.58480434853909E-33,
-10.8093137740192));
#2228=CARTESIAN_POINT('Ctrl Pts',(-14.853748365791,7.50775333624257E-33,
-10.9262400526567));
#2229=CARTESIAN_POINT('Ctrl Pts',(-14.6401483104113,8.38492868229354E-33,
-11.0040771543311));
#2230=CARTESIAN_POINT('Ctrl Pts',(-14.2129481996519,1.01392793743955E-32,
-11.1597513576799));
#2231=CARTESIAN_POINT('Ctrl Pts',(-13.7507740854727,1.17105354998874E-32,
-11.1590688531761));
#2232=CARTESIAN_POINT('Ctrl Pts',(-13.3731699558069,1.27937893750299E-32,
-11.0547433656468));
#2233=CARTESIAN_POINT('Ctrl Pts',(-13.184367890974,1.33354163126011E-32,
-11.0025806218821));
#2234=CARTESIAN_POINT('Ctrl Pts',(-13.0167083222695,1.3755042687585E-32,
-10.9245071323611));
#2235=CARTESIAN_POINT('Ctrl Pts',(-12.8694904344947,1.40862586120388E-32,
-10.8366740598817));
#2236=CARTESIAN_POINT('Ctrl Pts',(-12.8694904344947,8.66666872088106E-33,
-10.8366740598817));
#2237=CARTESIAN_POINT('Ctrl Pts',(-12.8694904344947,0.666666666666667,-10.8366740598817));
#2238=CARTESIAN_POINT('Ctrl Pts',(-12.8694904344947,1.33333333333333,-10.8366740598817));
#2239=CARTESIAN_POINT('Ctrl Pts',(-12.8694904344947,2.,-10.8366740598817));
#2240=CARTESIAN_POINT('Ctrl Pts',(-12.869490434495,-1.92077143236828E-20,
-10.8366740598819));
#2241=CARTESIAN_POINT('Ctrl Pts',(-12.869490434495,0.666667899655721,-10.8366740598819));
#2242=CARTESIAN_POINT('Ctrl Pts',(-12.869490434495,1.33333210033567,-10.8366740598819));
#2243=CARTESIAN_POINT('Ctrl Pts',(-12.869490434495,2.,-10.8366740598819));
#2244=CARTESIAN_POINT('Ctrl Pts',(-12.4206749558039,-1.92077143236828E-20,
-10.5689019632598));
#2245=CARTESIAN_POINT('Ctrl Pts',(-12.4206749558039,0.66666789965572,-10.5689019632598));
#2246=CARTESIAN_POINT('Ctrl Pts',(-12.4206749558039,1.33333210033567,-10.5689019632598));
#2247=CARTESIAN_POINT('Ctrl Pts',(-12.4206749558039,2.,-10.5689019632598));
#2248=CARTESIAN_POINT('Ctrl Pts',(-12.0161280348799,-1.92077143236828E-20,
-10.2326575877768));
#2249=CARTESIAN_POINT('Ctrl Pts',(-12.0161280348799,0.666667899655721,-10.2326575877768));
#2250=CARTESIAN_POINT('Ctrl Pts',(-12.0161280348799,1.33333210033567,-10.2326575877768));
#2251=CARTESIAN_POINT('Ctrl Pts',(-12.0161280348799,2.,-10.2326575877768));
#2252=CARTESIAN_POINT('Ctrl Pts',(-11.6779976575818,-1.92077143236828E-20,
-9.85563329263658));
#2253=CARTESIAN_POINT('Ctrl Pts',(-11.6779976575818,0.66666789965572,-9.85563329263658));
#2254=CARTESIAN_POINT('Ctrl Pts',(-11.6779976575818,1.33333210033567,-9.85563329263658));
#2255=CARTESIAN_POINT('Ctrl Pts',(-11.6779976575818,2.,-9.85563329263658));
#2256=CARTESIAN_POINT('',(-11.6779976575818,1.5137995326406E-16,-9.85563329263658));
#2257=CARTESIAN_POINT('Ctrl Pts',(-12.869490434495,-1.65718233773137E-20,
-10.8366740598819));
#2258=CARTESIAN_POINT('Ctrl Pts',(-12.4206749558039,-1.65718233773137E-20,
-10.5689019632598));
#2259=CARTESIAN_POINT('Ctrl Pts',(-12.0161280348799,-1.65718233773137E-20,
-10.2326575877768));
#2260=CARTESIAN_POINT('Ctrl Pts',(-11.6779976575818,-1.65718233773137E-20,
-9.85563329263658));
#2261=CARTESIAN_POINT('Ctrl Pts',(-11.6779976575818,-1.92077143236828E-20,
-9.85563329263658));
#2262=CARTESIAN_POINT('Ctrl Pts',(-11.6779976575818,0.66666789965572,-9.85563329263658));
#2263=CARTESIAN_POINT('Ctrl Pts',(-11.6779976575818,1.33333210033567,-9.85563329263658));
#2264=CARTESIAN_POINT('Ctrl Pts',(-11.6779976575818,2.,-9.85563329263658));
#2265=CARTESIAN_POINT('Origin',(-13.356024213514,0.,-11.7266771915383));
#2266=CARTESIAN_POINT('',(-15.2444628522938,0.,-13.832336116332));
#2267=CARTESIAN_POINT('Ctrl Pts',(-11.2720760743496,-5.78477304377177E-30,
-13.1029396088611));
#2268=CARTESIAN_POINT('Ctrl Pts',(-11.2720760743496,0.666666666666667,-13.1029396088611));
#2269=CARTESIAN_POINT('Ctrl Pts',(-11.2720760743495,1.33333333333333,-13.1029396088611));
#2270=CARTESIAN_POINT('Ctrl Pts',(-11.2720760743495,2.,-13.1029396088611));
#2271=CARTESIAN_POINT('Ctrl Pts',(-11.3732908314874,-4.04029053908955E-30,
-13.4305164599139));
#2272=CARTESIAN_POINT('Ctrl Pts',(-11.3732908314874,0.666666666666667,-13.4305164599139));
#2273=CARTESIAN_POINT('Ctrl Pts',(-11.3732908314874,1.33333333333333,-13.4305164599139));
#2274=CARTESIAN_POINT('Ctrl Pts',(-11.3732908314874,2.,-13.4305164599139));
#2275=CARTESIAN_POINT('Ctrl Pts',(-11.4495364771913,-6.67217657115028E-31,
-14.2257837376885));
#2276=CARTESIAN_POINT('Ctrl Pts',(-11.4495364771913,0.666666666666668,-14.2257837376885));
#2277=CARTESIAN_POINT('Ctrl Pts',(-11.4495364771913,1.33333333333333,-14.2257837376885));
#2278=CARTESIAN_POINT('Ctrl Pts',(-11.4495364771913,2.,-14.2257837376885));
#2279=CARTESIAN_POINT('Ctrl Pts',(-10.8135899664449,6.47621076706389E-31,
-15.4378041860276));
#2280=CARTESIAN_POINT('Ctrl Pts',(-10.8135899664449,0.666666666666666,-15.4378041860276));
#2281=CARTESIAN_POINT('Ctrl Pts',(-10.8135899664449,1.33333333333334,-15.4378041860276));
#2282=CARTESIAN_POINT('Ctrl Pts',(-10.8135899664449,2.,-15.4378041860276));
#2283=CARTESIAN_POINT('Ctrl Pts',(-9.84865968374253,-2.35564252540121E-30,
-15.9452782323056));
#2284=CARTESIAN_POINT('Ctrl Pts',(-9.84865968374253,0.666666666666668,-15.9452782323056));
#2285=CARTESIAN_POINT('Ctrl Pts',(-9.84865968374253,1.33333333333333,-15.9452782323056));
#2286=CARTESIAN_POINT('Ctrl Pts',(-9.84865968374253,2.,-15.9452782323056));
#2287=CARTESIAN_POINT('Ctrl Pts',(-9.30644098502903,-4.90827147723941E-30,
-16.));
#2288=CARTESIAN_POINT('Ctrl Pts',(-9.30644098502903,0.666666666666667,-16.));
#2289=CARTESIAN_POINT('Ctrl Pts',(-9.30644098502903,1.33333333333333,-16.));
#2290=CARTESIAN_POINT('Ctrl Pts',(-9.30644098502903,2.,-16.));
#2291=CARTESIAN_POINT('Ctrl Pts',(-9.13501241360046,-5.78025743476814E-30,
-16.));
#2292=CARTESIAN_POINT('Ctrl Pts',(-9.13501241360046,0.666666666666667,-16.));
#2293=CARTESIAN_POINT('Ctrl Pts',(-9.13501241360046,1.33333333333333,-16.));
#2294=CARTESIAN_POINT('Ctrl Pts',(-9.13501241360046,2.,-16.));
#2295=CARTESIAN_POINT('',(-11.2720760743496,1.12758953152515E-15,-13.1029396088611));
#2296=CARTESIAN_POINT('Ctrl Pts',(-11.2720760743495,2.,-13.1029396088611));
#2297=CARTESIAN_POINT('Ctrl Pts',(-11.2720760743495,1.33333333333333,-13.1029396088611));
#2298=CARTESIAN_POINT('Ctrl Pts',(-11.2720760743496,0.666666666666667,-13.1029396088611));
#2299=CARTESIAN_POINT('Ctrl Pts',(-11.2720760743496,-5.78477304377177E-30,
-13.1029396088611));
#2300=CARTESIAN_POINT('',(-9.13501241360046,0.,-16.));
#2301=CARTESIAN_POINT('Ctrl Pts',(-11.2720760743496,-4.5156090036234E-33,
-13.1029396088611));
#2302=CARTESIAN_POINT('Ctrl Pts',(-11.3732908314874,1.73996689567859E-30,
-13.4305164599139));
#2303=CARTESIAN_POINT('Ctrl Pts',(-11.4114136543393,3.42650333666586E-30,
-13.8281500988012));
#2304=CARTESIAN_POINT('Ctrl Pts',(-11.3244839806409,4.48891134612973E-30,
-14.2289703263014));
#2305=CARTESIAN_POINT('Ctrl Pts',(-11.2375543069425,5.55131935559359E-30,
-14.6297905538015));
#2306=CARTESIAN_POINT('Ctrl Pts',(-11.0255721366937,5.98959893353406E-30,
-15.0337973699146));
#2307=CARTESIAN_POINT('Ctrl Pts',(-10.7265949950288,5.60808600208278E-30,
-15.3372955872267));
#2308=CARTESIAN_POINT('Ctrl Pts',(-10.427617853364,5.22657307063149E-30,
-15.6407938045388));
#2309=CARTESIAN_POINT('Ctrl Pts',(-10.041645740283,4.02526762978846E-30,
-15.84378342305));
#2310=CARTESIAN_POINT('Ctrl Pts',(-9.67200228093891,2.49033072646825E-30,
-15.9357674148623));
#2311=CARTESIAN_POINT('Ctrl Pts',(-9.48718055126687,1.72286227480814E-30,
-15.9817594107685));
#2312=CARTESIAN_POINT('Ctrl Pts',(-9.30644098502903,8.71985957528734E-31,
-16.));
#2313=CARTESIAN_POINT('Ctrl Pts',(-9.13501241360046,8.75811540203011E-46,
-16.));
#2314=CARTESIAN_POINT('Ctrl Pts',(-9.13501241360046,-5.78025743476814E-30,
-16.));
#2315=CARTESIAN_POINT('Ctrl Pts',(-9.13501241360046,0.666666666666667,-16.));
#2316=CARTESIAN_POINT('Ctrl Pts',(-9.13501241360046,1.33333333333333,-16.));
#2317=CARTESIAN_POINT('Ctrl Pts',(-9.13501241360046,2.,-16.));
#2318=CARTESIAN_POINT('Origin',(-11.9019237886467,0.,-16.));
#2319=CARTESIAN_POINT('',(14.5,0.,-16.));
#2320=CARTESIAN_POINT('Ctrl Pts',(-10.1890719529942,3.85442804542978E-20,
-11.1909610599725));
#2321=CARTESIAN_POINT('Ctrl Pts',(-10.1890719529942,0.666667899670145,-11.1909610599725));
#2322=CARTESIAN_POINT('Ctrl Pts',(-10.1890719529942,1.33333210033466,-11.1909610599725));
#2323=CARTESIAN_POINT('Ctrl Pts',(-10.1890719529942,2.,-11.1909610599725));
#2324=CARTESIAN_POINT('Ctrl Pts',(-10.670610171564,3.85442804542978E-20,
-11.7278888831692));
#2325=CARTESIAN_POINT('Ctrl Pts',(-10.670610171564,0.666667899670144,-11.7278888831692));
#2326=CARTESIAN_POINT('Ctrl Pts',(-10.670610171564,1.33333210033467,-11.7278888831692));
#2327=CARTESIAN_POINT('Ctrl Pts',(-10.670610171564,2.,-11.7278888831692));
#2328=CARTESIAN_POINT('Ctrl Pts',(-11.0524758032197,3.85442804542978E-20,
-12.3922135513054));
#2329=CARTESIAN_POINT('Ctrl Pts',(-11.0524758032197,0.666667899670146,-12.3922135513054));
#2330=CARTESIAN_POINT('Ctrl Pts',(-11.0524758032197,1.33333210033466,-12.3922135513054));
#2331=CARTESIAN_POINT('Ctrl Pts',(-11.0524758032197,2.,-12.3922135513054));
#2332=CARTESIAN_POINT('Ctrl Pts',(-11.2720760743496,3.85442804542978E-20,
-13.1029396088611));
#2333=CARTESIAN_POINT('Ctrl Pts',(-11.2720760743496,0.666667899670145,-13.1029396088611));
#2334=CARTESIAN_POINT('Ctrl Pts',(-11.2720760743496,1.33333210033466,-13.1029396088611));
#2335=CARTESIAN_POINT('Ctrl Pts',(-11.2720760743496,2.,-13.1029396088611));
#2336=CARTESIAN_POINT('Ctrl Pts',(-10.1890719529942,2.29669694981035E-15,
-11.1909610599725));
#2337=CARTESIAN_POINT('Ctrl Pts',(-10.6706101715637,2.29669694981035E-15,
-11.7278888831689));
#2338=CARTESIAN_POINT('Ctrl Pts',(-11.0524758032193,2.29669694981036E-15,
-12.3922135513047));
#2339=CARTESIAN_POINT('Ctrl Pts',(-11.2720760743492,2.29669694981035E-15,
-13.10293960886));
#2340=CARTESIAN_POINT('Ctrl Pts',(-12.8694904344947,-9.79112214721007E-31,
10.8366740598817));
#2341=CARTESIAN_POINT('Ctrl Pts',(-12.8694904344947,0.666666666666667,10.8366740598817));
#2342=CARTESIAN_POINT('Ctrl Pts',(-12.8694904344947,1.33333333333333,10.8366740598817));
#2343=CARTESIAN_POINT('Ctrl Pts',(-12.8694904344947,2.,10.8366740598817));
#2344=CARTESIAN_POINT('Ctrl Pts',(-13.0167083222695,-1.85843980257503E-30,
10.9245071323611));
#2345=CARTESIAN_POINT('Ctrl Pts',(-13.0167083222695,0.666666666666667,10.9245071323611));
#2346=CARTESIAN_POINT('Ctrl Pts',(-13.0167083222695,1.33333333333333,10.9245071323611));
#2347=CARTESIAN_POINT('Ctrl Pts',(-13.0167083222695,2.,10.9245071323611));
#2348=CARTESIAN_POINT('Ctrl Pts',(-13.354934537857,-3.62523902334429E-30,
11.0768779744508));
#2349=CARTESIAN_POINT('Ctrl Pts',(-13.354934537857,0.666666666666667,11.0768779744508));
#2350=CARTESIAN_POINT('Ctrl Pts',(-13.354934537857,1.33333333333333,11.0768779744508));
#2351=CARTESIAN_POINT('Ctrl Pts',(-13.354934537857,2.,11.0768779744508));
#2352=CARTESIAN_POINT('Ctrl Pts',(-13.9793247301696,-5.88615865561153E-30,
11.1630028811456));
#2353=CARTESIAN_POINT('Ctrl Pts',(-13.9793247301696,0.666666666666668,11.1630028811456));
#2354=CARTESIAN_POINT('Ctrl Pts',(-13.9793247301696,1.33333333333333,11.1630028811456));
#2355=CARTESIAN_POINT('Ctrl Pts',(-13.9793247301696,2.,11.1630028811456));
#2356=CARTESIAN_POINT('Ctrl Pts',(-14.6495168615656,-7.21336790003021E-30,
11.0410068584878));
#2357=CARTESIAN_POINT('Ctrl Pts',(-14.6495168615656,0.666666666666666,11.0410068584878));
#2358=CARTESIAN_POINT('Ctrl Pts',(-14.6495168615656,1.33333333333333,11.0410068584878));
#2359=CARTESIAN_POINT('Ctrl Pts',(-14.6495168615656,2.,11.0410068584878));
#2360=CARTESIAN_POINT('Ctrl Pts',(-15.471009336815,-7.22741940530177E-30,
10.5769405763762));
#2361=CARTESIAN_POINT('Ctrl Pts',(-15.471009336815,0.666666666666668,10.5769405763762));
#2362=CARTESIAN_POINT('Ctrl Pts',(-15.471009336815,1.33333333333333,10.5769405763762));
#2363=CARTESIAN_POINT('Ctrl Pts',(-15.471009336815,2.,10.5769405763762));
#2364=CARTESIAN_POINT('Ctrl Pts',(-15.9434357854507,-4.53003427151037E-30,
9.78243773739547));
#2365=CARTESIAN_POINT('Ctrl Pts',(-15.9434357854507,0.666666666666667,9.78243773739547));
#2366=CARTESIAN_POINT('Ctrl Pts',(-15.9434357854507,1.33333333333333,9.78243773739546));
#2367=CARTESIAN_POINT('Ctrl Pts',(-15.9434357854507,2.,9.78243773739546));
#2368=CARTESIAN_POINT('Ctrl Pts',(-16.,-1.86466475616672E-30,9.23048910180514));
#2369=CARTESIAN_POINT('Ctrl Pts',(-16.,0.666666666666667,9.23048910180514));
#2370=CARTESIAN_POINT('Ctrl Pts',(-16.,1.33333333333333,9.23048910180513));
#2371=CARTESIAN_POINT('Ctrl Pts',(-16.,2.,9.23048910180513));
#2372=CARTESIAN_POINT('Ctrl Pts',(-16.,-9.85644354004966E-31,9.05906053037656));
#2373=CARTESIAN_POINT('Ctrl Pts',(-16.,0.666666666666667,9.05906053037656));
#2374=CARTESIAN_POINT('Ctrl Pts',(-16.,1.33333333333333,9.05906053037656));
#2375=CARTESIAN_POINT('Ctrl Pts',(-16.,2.,9.05906053037656));
#2376=CARTESIAN_POINT('',(-12.8694904344947,1.05821104542144E-15,10.8366740598817));
#2377=CARTESIAN_POINT('Ctrl Pts',(-12.8694904344947,2.,10.8366740598817));
#2378=CARTESIAN_POINT('Ctrl Pts',(-12.8694904344947,1.33333333333333,10.8366740598817));
#2379=CARTESIAN_POINT('Ctrl Pts',(-12.8694904344947,0.666666666666667,10.8366740598817));
#2380=CARTESIAN_POINT('Ctrl Pts',(-12.8694904344947,-9.79112214721007E-31,
10.8366740598817));
#2381=CARTESIAN_POINT('',(-16.,0.,9.05906053037656));
#2382=CARTESIAN_POINT('Ctrl Pts',(-12.8694904344947,6.53213928395928E-33,
10.8366740598817));
#2383=CARTESIAN_POINT('Ctrl Pts',(-13.0167083222695,-8.72795448570064E-31,
10.9245071323611));
#2384=CARTESIAN_POINT('Ctrl Pts',(-13.1858214300632,-1.75619505895469E-30,
11.000692553406));
#2385=CARTESIAN_POINT('Ctrl Pts',(-13.3744430160122,-2.57471480285822E-30,
11.0531394150442));
#2386=CARTESIAN_POINT('Ctrl Pts',(-13.5630646019612,-3.39323454676174E-30,
11.1055862766824));
#2387=CARTESIAN_POINT('Ctrl Pts',(-13.7711946660654,-4.14687442418415E-30,
11.134294578914));
#2388=CARTESIAN_POINT('Ctrl Pts',(-13.9869583866835,-4.74489590363181E-30,
11.1283160595868));
#2389=CARTESIAN_POINT('Ctrl Pts',(-14.2027221073016,-5.34291738307946E-30,
11.1223375402597));
#2390=CARTESIAN_POINT('Ctrl Pts',(-14.4261194844336,-5.78532046455235E-30,
11.0816721993737));
#2391=CARTESIAN_POINT('Ctrl Pts',(-14.6405047324057,-6.00827844344774E-30,
11.0033312436668));
#2392=CARTESIAN_POINT('Ctrl Pts',(-14.8548899803779,-6.23123642234314E-30,
10.9249902879599));
#2393=CARTESIAN_POINT('Ctrl Pts',(-15.0602630991903,-6.23474929866103E-30,
10.808973717432));
#2394=CARTESIAN_POINT('Ctrl Pts',(-15.2365473824515,-6.01230912172367E-30,
10.665420767165));
#2395=CARTESIAN_POINT('Ctrl Pts',(-15.5891159489739,-5.56742876784896E-30,
10.3783148666311));
#2396=CARTESIAN_POINT('Ctrl Pts',(-15.8253291732917,-4.21873620095325E-30,
9.98106344714066));
#2397=CARTESIAN_POINT('Ctrl Pts',(-15.9292065656418,-2.58456333850195E-30,
9.60333580260372));
#2398=CARTESIAN_POINT('Ctrl Pts',(-15.9811452618169,-1.7674769072763E-30,
9.41447198033525));
#2399=CARTESIAN_POINT('Ctrl Pts',(-16.,-8.79020402161754E-31,9.23048910180514));
#2400=CARTESIAN_POINT('Ctrl Pts',(-16.,0.,9.05906053037656));
#2401=CARTESIAN_POINT('Ctrl Pts',(-16.,-9.85644354004966E-31,9.05906053037656));
#2402=CARTESIAN_POINT('Ctrl Pts',(-16.,0.666666666666667,9.05906053037656));
#2403=CARTESIAN_POINT('Ctrl Pts',(-16.,1.33333333333333,9.05906053037656));
#2404=CARTESIAN_POINT('Ctrl Pts',(-16.,2.,9.05906053037656));
#2405=CARTESIAN_POINT('Origin',(-16.,0.,11.9019237886467));
#2406=CARTESIAN_POINT('',(-16.,0.,-14.5));
#2407=CARTESIAN_POINT('Ctrl Pts',(-11.6779976575818,5.94501511684725E-20,
9.85563329263658));
#2408=CARTESIAN_POINT('Ctrl Pts',(-11.6779976575818,0.666667899666787,9.85563329263658));
#2409=CARTESIAN_POINT('Ctrl Pts',(-11.6779976575818,1.3333321003354,9.85563329263659));
#2410=CARTESIAN_POINT('Ctrl Pts',(-11.6779976575818,2.,9.85563329263659));
#2411=CARTESIAN_POINT('Ctrl Pts',(-12.0161280348799,5.94501511684725E-20,
10.2326575877768));
#2412=CARTESIAN_POINT('Ctrl Pts',(-12.0161280348799,0.666667899666786,10.2326575877768));
#2413=CARTESIAN_POINT('Ctrl Pts',(-12.0161280348799,1.33333210033541,10.2326575877768));
#2414=CARTESIAN_POINT('Ctrl Pts',(-12.0161280348799,2.,10.2326575877768));
#2415=CARTESIAN_POINT('Ctrl Pts',(-12.4206749558038,5.94501511684725E-20,
10.5689019632598));
#2416=CARTESIAN_POINT('Ctrl Pts',(-12.4206749558038,0.666667899666789,10.5689019632598));
#2417=CARTESIAN_POINT('Ctrl Pts',(-12.4206749558038,1.3333321003354,10.5689019632598));
#2418=CARTESIAN_POINT('Ctrl Pts',(-12.4206749558038,2.,10.5689019632598));
#2419=CARTESIAN_POINT('Ctrl Pts',(-12.869490434495,5.94501511684725E-20,
10.8366740598819));
#2420=CARTESIAN_POINT('Ctrl Pts',(-12.869490434495,0.666667899666787,10.8366740598819));
#2421=CARTESIAN_POINT('Ctrl Pts',(-12.869490434495,1.33333210033541,10.8366740598819));
#2422=CARTESIAN_POINT('Ctrl Pts',(-12.869490434495,2.,10.8366740598819));
#2423=CARTESIAN_POINT('Ctrl Pts',(-11.6779976575818,2.15062627342299E-15,
9.85563329263658));
#2424=CARTESIAN_POINT('Ctrl Pts',(-12.0161280348799,2.15062627342299E-15,
10.2326575877768));
#2425=CARTESIAN_POINT('Ctrl Pts',(-12.4206749558038,2.150626273423E-15,
10.5689019632598));
#2426=CARTESIAN_POINT('Ctrl Pts',(-12.869490434495,2.15062627342299E-15,
10.8366740598819));
#2427=CARTESIAN_POINT('Ctrl Pts',(-10.4090713444792,-3.69777865381341E-31,
15.4849579019433));
#2428=CARTESIAN_POINT('Ctrl Pts',(-10.4090713444792,0.666666666666667,15.4849579019433));
#2429=CARTESIAN_POINT('Ctrl Pts',(-10.4090713444791,1.33333333333333,15.4849579019433));
#2430=CARTESIAN_POINT('Ctrl Pts',(-10.4090713444791,2.,15.4849579019433));
#2431=CARTESIAN_POINT('Ctrl Pts',(-10.6914463443516,-1.04669204882927E-30,
15.2904961322938));
#2432=CARTESIAN_POINT('Ctrl Pts',(-10.6914463443516,0.666666666666668,15.2904961322938));
#2433=CARTESIAN_POINT('Ctrl Pts',(-10.6914463443516,1.33333333333334,15.2904961322938));
#2434=CARTESIAN_POINT('Ctrl Pts',(-10.6914463443516,2.,15.2904961322938));
#2435=CARTESIAN_POINT('Ctrl Pts',(-11.2343889198626,-2.29068621091211E-30,
14.7319369576417));
#2436=CARTESIAN_POINT('Ctrl Pts',(-11.2343889198626,0.666666666666666,14.7319369576417));
#2437=CARTESIAN_POINT('Ctrl Pts',(-11.2343889198626,1.33333333333333,14.7319369576417));
#2438=CARTESIAN_POINT('Ctrl Pts',(-11.2343889198626,2.,14.7319369576417));
#2439=CARTESIAN_POINT('Ctrl Pts',(-11.5320602455971,-2.70960293309858E-30,
13.5815983599403));
#2440=CARTESIAN_POINT('Ctrl Pts',(-11.5320602455971,0.666666666666668,13.5815983599403));
#2441=CARTESIAN_POINT('Ctrl Pts',(-11.5320602455971,1.33333333333334,13.5815983599403));
#2442=CARTESIAN_POINT('Ctrl Pts',(-11.5320602455971,2.,13.5815983599403));
#2443=CARTESIAN_POINT('Ctrl Pts',(-11.3129973530966,-1.82214476744357E-30,
12.5700804301349));
#2444=CARTESIAN_POINT('Ctrl Pts',(-11.3129973530966,0.666666666666666,12.5700804301349));
#2445=CARTESIAN_POINT('Ctrl Pts',(-11.3129973530966,1.33333333333333,12.5700804301349));
#2446=CARTESIAN_POINT('Ctrl Pts',(-11.3129973530966,2.,12.5700804301349));
#2447=CARTESIAN_POINT('Ctrl Pts',(-11.0057365930526,-8.73579748526168E-31,
12.101563688297));
#2448=CARTESIAN_POINT('Ctrl Pts',(-11.0057365930526,0.666666666666669,12.101563688297));
#2449=CARTESIAN_POINT('Ctrl Pts',(-11.0057365930526,1.33333333333334,12.101563688297));
#2450=CARTESIAN_POINT('Ctrl Pts',(-11.0057365930526,2.,12.101563688297));
#2451=CARTESIAN_POINT('Ctrl Pts',(-10.8340515943951,-3.65489511127313E-31,
11.9101303834214));
#2452=CARTESIAN_POINT('Ctrl Pts',(-10.8340515943951,0.666666666666667,11.9101303834214));
#2453=CARTESIAN_POINT('Ctrl Pts',(-10.8340515943951,1.33333333333333,11.9101303834214));
#2454=CARTESIAN_POINT('Ctrl Pts',(-10.8340515943951,2.,11.9101303834214));
#2455=CARTESIAN_POINT('',(-10.4090713444791,5.20644240584524E-17,15.4849579019433));
#2456=CARTESIAN_POINT('Ctrl Pts',(-10.4090713444791,2.,15.4849579019433));
#2457=CARTESIAN_POINT('Ctrl Pts',(-10.4090713444791,1.33333333333333,15.4849579019433));
#2458=CARTESIAN_POINT('Ctrl Pts',(-10.4090713444792,0.666666666666667,15.4849579019433));
#2459=CARTESIAN_POINT('Ctrl Pts',(-10.4090713444792,-3.69777865381341E-31,
15.4849579019433));
#2460=CARTESIAN_POINT('',(-10.8340515943951,0.,11.9101303834214));
#2461=CARTESIAN_POINT('Ctrl Pts',(-10.4090713444792,-4.28835425402752E-33,
15.4849579019433));
#2462=CARTESIAN_POINT('Ctrl Pts',(-10.6914463443516,-6.81202537701958E-31,
15.2904961322938));
#2463=CARTESIAN_POINT('Ctrl Pts',(-10.9629176321071,-1.30319961874338E-30,
15.0112165449678));
#2464=CARTESIAN_POINT('Ctrl Pts',(-11.1527753352093,-1.69036483602526E-30,
14.6624242789954));
#2465=CARTESIAN_POINT('Ctrl Pts',(-11.3426330383115,-2.07753005330715E-30,
14.313632013023));
#2466=CARTESIAN_POINT('Ctrl Pts',(-11.4508771567605,-2.22986340682951E-30,
13.8953270684043));
#2467=CARTESIAN_POINT('Ctrl Pts',(-11.4471959749527,-2.09230154904651E-30,
13.4848494224693));
#2468=CARTESIAN_POINT('Ctrl Pts',(-11.4444350885969,-1.98913015570926E-30,
13.1769911880181));
#2469=CARTESIAN_POINT('Ctrl Pts',(-11.3787162208468,-1.72289270601276E-30,
12.8735358090765));
#2470=CARTESIAN_POINT('Ctrl Pts',(-11.2690415969607,-1.35263272643516E-30,
12.6046789341462));
#2471=CARTESIAN_POINT('Ctrl Pts',(-11.1593669730746,-9.82372746857554E-31,
12.3358220592159));
#2472=CARTESIAN_POINT('Ctrl Pts',(-11.0057365930526,-5.08090237398855E-31,
12.101563688297));
#2473=CARTESIAN_POINT('Ctrl Pts',(-10.8340515943951,-2.18952885050753E-46,
11.9101303834214));
#2474=CARTESIAN_POINT('Ctrl Pts',(-10.8340515943951,-3.65489511127313E-31,
11.9101303834214));
#2475=CARTESIAN_POINT('Ctrl Pts',(-10.8340515943951,0.666666666666667,11.9101303834214));
#2476=CARTESIAN_POINT('Ctrl Pts',(-10.8340515943951,1.33333333333333,11.9101303834214));
#2477=CARTESIAN_POINT('Ctrl Pts',(-10.8340515943951,2.,11.9101303834214));
#2478=CARTESIAN_POINT('Origin',(-11.8670985089264,0.,13.0620049588742));
#2479=CARTESIAN_POINT('',(-0.78589047547878,0.,0.706165529428481));
#2480=CARTESIAN_POINT('Ctrl Pts',(-8.75311153734393,-9.7337642965284E-16,
16.));
#2481=CARTESIAN_POINT('Ctrl Pts',(-8.75311153734393,0.666667899676684,16.));
#2482=CARTESIAN_POINT('Ctrl Pts',(-8.75311153734393,1.33333210033553,16.));
#2483=CARTESIAN_POINT('Ctrl Pts',(-8.75311153734393,2.,16.));
#2484=CARTESIAN_POINT('Ctrl Pts',(-9.2998404142632,-9.7337642965284E-16,
16.));
#2485=CARTESIAN_POINT('Ctrl Pts',(-9.2998404142632,0.666667899676685,16.));
#2486=CARTESIAN_POINT('Ctrl Pts',(-9.2998404142632,1.33333210033553,16.));
#2487=CARTESIAN_POINT('Ctrl Pts',(-9.2998404142632,2.,16.));
#2488=CARTESIAN_POINT('Ctrl Pts',(-9.90568665365105,-9.7337642965284E-16,
15.831621302872));
#2489=CARTESIAN_POINT('Ctrl Pts',(-9.90568665365105,0.666667899676683,15.831621302872));
#2490=CARTESIAN_POINT('Ctrl Pts',(-9.90568665365105,1.33333210033553,15.831621302872));
#2491=CARTESIAN_POINT('Ctrl Pts',(-9.90568665365105,2.,15.831621302872));
#2492=CARTESIAN_POINT('Ctrl Pts',(-10.4090713444806,-9.7337642965284E-16,
15.4849579019423));
#2493=CARTESIAN_POINT('Ctrl Pts',(-10.4090713444806,0.666667899676684,15.4849579019423));
#2494=CARTESIAN_POINT('Ctrl Pts',(-10.4090713444806,1.33333210033553,15.4849579019423));
#2495=CARTESIAN_POINT('Ctrl Pts',(-10.4090713444806,2.,15.4849579019423));
#2496=CARTESIAN_POINT('',(-8.75311153734393,-8.09904212071312E-19,16.));
#2497=CARTESIAN_POINT('Ctrl Pts',(-8.75311153734393,2.,16.));
#2498=CARTESIAN_POINT('Ctrl Pts',(-8.75311153734393,1.33333210033553,16.));
#2499=CARTESIAN_POINT('Ctrl Pts',(-8.75311153734393,0.666667899676684,16.));
#2500=CARTESIAN_POINT('Ctrl Pts',(-8.75311153734393,-9.7337642965284E-16,
16.));
#2501=CARTESIAN_POINT('Ctrl Pts',(-8.75311153734393,1.36848648346483E-16,
16.));
#2502=CARTESIAN_POINT('Ctrl Pts',(-9.2998404142632,1.36848648346485E-16,
16.));
#2503=CARTESIAN_POINT('Ctrl Pts',(-9.90568665365105,1.36848648346481E-16,
15.831621302872));
#2504=CARTESIAN_POINT('Ctrl Pts',(-10.4090713444806,1.36848648346483E-16,
15.4849579019423));
#2505=CARTESIAN_POINT('Ctrl Pts',(10.863146703727,-1.96230387367163E-32,
12.8803635499157));
#2506=CARTESIAN_POINT('Ctrl Pts',(10.863146703727,0.666666666666667,12.8803635499157));
#2507=CARTESIAN_POINT('Ctrl Pts',(10.863146703727,1.33333333333333,12.8803635499157));
#2508=CARTESIAN_POINT('Ctrl Pts',(10.863146703727,2.,12.8803635499157));
#2509=CARTESIAN_POINT('Ctrl Pts',(10.9491819307295,-1.91566990494879E-32,
13.0286392890529));
#2510=CARTESIAN_POINT('Ctrl Pts',(10.9491819307295,0.666666666666668,13.0286392890529));
#2511=CARTESIAN_POINT('Ctrl Pts',(10.9491819307295,1.33333333333333,13.0286392890529));
#2512=CARTESIAN_POINT('Ctrl Pts',(10.9491819307295,2.,13.0286392890529));
#2513=CARTESIAN_POINT('Ctrl Pts',(11.0973997868089,-1.79550747758469E-32,
13.3683912965958));
#2514=CARTESIAN_POINT('Ctrl Pts',(11.0973997868089,0.666666666666665,13.3683912965958));
#2515=CARTESIAN_POINT('Ctrl Pts',(11.0973997868089,1.33333333333333,13.3683912965958));
#2516=CARTESIAN_POINT('Ctrl Pts',(11.0973997868089,2.,13.3683912965958));
#2517=CARTESIAN_POINT('Ctrl Pts',(11.1768100461434,-1.52244847119034E-32,
13.9922087994141));
#2518=CARTESIAN_POINT('Ctrl Pts',(11.1768100461434,0.666666666666669,13.9922087994141));
#2519=CARTESIAN_POINT('Ctrl Pts',(11.1768100461434,1.33333333333333,13.9922087994141));
#2520=CARTESIAN_POINT('Ctrl Pts',(11.1768100461434,2.,13.9922087994141));
#2521=CARTESIAN_POINT('Ctrl Pts',(11.0495356586335,-1.17282036421507E-32,
14.6590967102354));
#2522=CARTESIAN_POINT('Ctrl Pts',(11.0495356586335,0.666666666666665,14.6590967102354));
#2523=CARTESIAN_POINT('Ctrl Pts',(11.0495356586335,1.33333333333333,14.6590967102354));
#2524=CARTESIAN_POINT('Ctrl Pts',(11.0495356586335,2.,14.6590967102354));
#2525=CARTESIAN_POINT('Ctrl Pts',(10.5823407712715,-6.605637513115E-33,
15.4745168823664));
#2526=CARTESIAN_POINT('Ctrl Pts',(10.5823407712715,0.666666666666668,15.4745168823664));
#2527=CARTESIAN_POINT('Ctrl Pts',(10.5823407712715,1.33333333333333,15.4745168823664));
#2528=CARTESIAN_POINT('Ctrl Pts',(10.5823407712715,2.,15.4745168823664));
#2529=CARTESIAN_POINT('Ctrl Pts',(9.78952295168618,-2.23376848609243E-33,
15.9434801896686));
#2530=CARTESIAN_POINT('Ctrl Pts',(9.78952295168618,0.666666666666666,15.9434801896686));
#2531=CARTESIAN_POINT('Ctrl Pts',(9.78952295168618,1.33333333333333,15.9434801896686));
#2532=CARTESIAN_POINT('Ctrl Pts',(9.78952295168618,2.,15.9434801896686));
#2533=CARTESIAN_POINT('Ctrl Pts',(9.2379483190777,-4.66339687230499E-34,
16.));
#2534=CARTESIAN_POINT('Ctrl Pts',(9.2379483190777,0.666666666666667,16.));
#2535=CARTESIAN_POINT('Ctrl Pts',(9.2379483190777,1.33333333333333,16.));
#2536=CARTESIAN_POINT('Ctrl Pts',(9.2379483190777,2.,16.));
#2537=CARTESIAN_POINT('Ctrl Pts',(9.06651974764913,0.,16.));
#2538=CARTESIAN_POINT('Ctrl Pts',(9.06651974764913,0.666666666666667,16.));
#2539=CARTESIAN_POINT('Ctrl Pts',(9.06651974764913,1.33333333333333,16.));
#2540=CARTESIAN_POINT('Ctrl Pts',(9.06651974764913,2.,16.));
#2541=CARTESIAN_POINT('',(10.863146703727,-1.0234878737224E-15,12.8803635499157));
#2542=CARTESIAN_POINT('Ctrl Pts',(10.863146703727,2.,12.8803635499157));
#2543=CARTESIAN_POINT('Ctrl Pts',(10.863146703727,1.33333333333333,12.8803635499157));
#2544=CARTESIAN_POINT('Ctrl Pts',(10.863146703727,0.666666666666667,12.8803635499157));
#2545=CARTESIAN_POINT('Ctrl Pts',(10.863146703727,-1.96230387367163E-32,
12.8803635499157));
#2546=CARTESIAN_POINT('',(9.06651974764913,0.,16.));
#2547=CARTESIAN_POINT('Ctrl Pts',(10.863146703727,-1.81799146313161E-32,
12.8803635499157));
#2548=CARTESIAN_POINT('Ctrl Pts',(10.9491819307295,-1.77135749440877E-32,
13.0286392890529));
#2549=CARTESIAN_POINT('Ctrl Pts',(11.0232908587692,-1.71127628072672E-32,
13.1985152928243));
#2550=CARTESIAN_POINT('Ctrl Pts',(11.0735803660115,-1.63572583948664E-32,
13.3874228785131));
#2551=CARTESIAN_POINT('Ctrl Pts',(11.1238698732537,-1.56017539824656E-32,
13.5763304642019));
#2552=CARTESIAN_POINT('Ctrl Pts',(11.1503399596986,-1.46915572944844E-32,
13.784269631808));
#2553=CARTESIAN_POINT('Ctrl Pts',(11.1423626050027,-1.36537454388684E-32,
13.9993872007479));
#2554=CARTESIAN_POINT('Ctrl Pts',(11.1343852503068,-1.26159335832523E-32,
14.2145047696878));
#2555=CARTESIAN_POINT('Ctrl Pts',(11.0919604544701,-1.14505065600014E-32,
14.4368007399616));
#2556=CARTESIAN_POINT('Ctrl Pts',(11.0123486956316,-1.02274722822465E-32,
14.6498762466149));
#2557=CARTESIAN_POINT('Ctrl Pts',(10.932736936793,-9.00443800449157E-33,
14.8629517532681));
#2558=CARTESIAN_POINT('Ctrl Pts',(10.8159382149525,-7.72379647223266E-33,
15.0668067963009));
#2559=CARTESIAN_POINT('Ctrl Pts',(10.6720042487601,-6.50571303180817E-33,
15.2417904339312));
#2560=CARTESIAN_POINT('Ctrl Pts',(10.3841363163752,-4.06954615095918E-33,
15.5917577091919));
#2561=CARTESIAN_POINT('Ctrl Pts',(9.98772740658252,-1.8836116374479E-33,
15.8262393628431));
#2562=CARTESIAN_POINT('Ctrl Pts',(9.61044682215897,-3.694428890055E-34,
15.9295198297629));
#2563=CARTESIAN_POINT('Ctrl Pts',(9.42180652994719,3.87641485215698E-34,
15.9811600632229));
#2564=CARTESIAN_POINT('Ctrl Pts',(9.2379483190777,9.76784418169676E-34,
16.));
#2565=CARTESIAN_POINT('Ctrl Pts',(9.06651974764913,1.44312410540017E-33,
16.));
#2566=CARTESIAN_POINT('Ctrl Pts',(9.06651974764913,0.,16.));
#2567=CARTESIAN_POINT('Ctrl Pts',(9.06651974764913,0.666666666666667,16.));
#2568=CARTESIAN_POINT('Ctrl Pts',(9.06651974764913,1.33333333333333,16.));
#2569=CARTESIAN_POINT('Ctrl Pts',(9.06651974764913,2.,16.));
#2570=CARTESIAN_POINT('Origin',(11.9019237886467,0.,16.));
#2571=CARTESIAN_POINT('',(-14.5,0.,16.));
#2572=CARTESIAN_POINT('Ctrl Pts',(9.87071475202382,-2.03436079124569E-15,
11.6533251984202));
#2573=CARTESIAN_POINT('Ctrl Pts',(9.87071475202382,0.666667899652461,11.6533251984202));
#2574=CARTESIAN_POINT('Ctrl Pts',(9.87071475202382,1.3333321003356,11.6533251984202));
#2575=CARTESIAN_POINT('Ctrl Pts',(9.87071475202382,2.,11.6533251984202));
#2576=CARTESIAN_POINT('Ctrl Pts',(10.2543458447412,-2.03436079124569E-15,
12.0010816510374));
#2577=CARTESIAN_POINT('Ctrl Pts',(10.2543458447412,0.666667899652462,12.0010816510374));
#2578=CARTESIAN_POINT('Ctrl Pts',(10.2543458447412,1.3333321003356,12.0010816510374));
#2579=CARTESIAN_POINT('Ctrl Pts',(10.2543458447412,2.,12.0010816510374));
#2580=CARTESIAN_POINT('Ctrl Pts',(10.5949271158364,-2.03436079124569E-15,
12.418105716338));
#2581=CARTESIAN_POINT('Ctrl Pts',(10.5949271158364,0.666667899652461,12.418105716338));
#2582=CARTESIAN_POINT('Ctrl Pts',(10.5949271158364,1.3333321003356,12.418105716338));
#2583=CARTESIAN_POINT('Ctrl Pts',(10.5949271158364,2.,12.418105716338));
#2584=CARTESIAN_POINT('Ctrl Pts',(10.8631467037271,-2.03436079124569E-15,
12.8803635499159));
#2585=CARTESIAN_POINT('Ctrl Pts',(10.8631467037271,0.666667899652461,12.8803635499159));
#2586=CARTESIAN_POINT('Ctrl Pts',(10.8631467037271,1.3333321003356,12.8803635499159));
#2587=CARTESIAN_POINT('Ctrl Pts',(10.8631467037271,2.,12.8803635499159));
#2588=CARTESIAN_POINT('',(9.87071475202382,-2.18515523897476E-18,11.6533251984202));
#2589=CARTESIAN_POINT('Ctrl Pts',(9.87071475202382,2.,11.6533251984202));
#2590=CARTESIAN_POINT('Ctrl Pts',(9.87071475202382,1.3333321003356,11.6533251984202));
#2591=CARTESIAN_POINT('Ctrl Pts',(9.87071475202382,0.666667899652461,11.6533251984202));
#2592=CARTESIAN_POINT('Ctrl Pts',(9.87071475202382,-2.03436079124569E-15,
11.6533251984202));
#2593=CARTESIAN_POINT('Ctrl Pts',(9.87071475202382,-2.03436079124569E-15,
11.6533251984202));
#2594=CARTESIAN_POINT('Ctrl Pts',(10.2543458447412,-2.03436079124569E-15,
12.0010816510374));
#2595=CARTESIAN_POINT('Ctrl Pts',(10.5949271158364,-2.03436079124569E-15,
12.418105716338));
#2596=CARTESIAN_POINT('Ctrl Pts',(10.8631467037271,-2.03436079124569E-15,
12.8803635499159));
#2597=CARTESIAN_POINT('Ctrl Pts',(15.5013023103768,-1.97869676532423E-29,
10.3850834741602));
#2598=CARTESIAN_POINT('Ctrl Pts',(15.5013023103768,0.666666666666667,10.3850834741602));
#2599=CARTESIAN_POINT('Ctrl Pts',(15.5013023103768,1.33333333333333,10.3850834741602));
#2600=CARTESIAN_POINT('Ctrl Pts',(15.5013023103768,2.,10.3850834741602));
#2601=CARTESIAN_POINT('Ctrl Pts',(15.3096574712423,-1.33111324298276E-29,
10.6693778216968));
#2602=CARTESIAN_POINT('Ctrl Pts',(15.3096574712423,0.666666666666665,10.6693778216968));
#2603=CARTESIAN_POINT('Ctrl Pts',(15.3096574712423,1.33333333333334,10.6693778216968));
#2604=CARTESIAN_POINT('Ctrl Pts',(15.3096574712423,2.,10.6693778216968));
#2605=CARTESIAN_POINT('Ctrl Pts',(14.7548009177497,-1.35589051924473E-30,
11.2185771507376));
#2606=CARTESIAN_POINT('Ctrl Pts',(14.7548009177497,0.66666666666667,11.2185771507376));
#2607=CARTESIAN_POINT('Ctrl Pts',(14.7548009177497,1.33333333333333,11.2185771507376));
#2608=CARTESIAN_POINT('Ctrl Pts',(14.7548009177497,2.,11.2185771507376));
#2609=CARTESIAN_POINT('Ctrl Pts',(13.6005702305512,2.70052925687544E-30,
11.5219324985656));
#2610=CARTESIAN_POINT('Ctrl Pts',(13.6005702305512,0.666666666666664,11.5219324985656));
#2611=CARTESIAN_POINT('Ctrl Pts',(13.6005702305512,1.33333333333334,11.5219324985656));
#2612=CARTESIAN_POINT('Ctrl Pts',(13.6005702305512,2.,11.5219324985656));
#2613=CARTESIAN_POINT('Ctrl Pts',(12.5857414665902,-5.83251691844894E-30,
11.3008449316556));
#2614=CARTESIAN_POINT('Ctrl Pts',(12.5857414665902,0.666666666666669,11.3008449316556));
#2615=CARTESIAN_POINT('Ctrl Pts',(12.5857414665902,1.33333333333333,11.3008449316556));
#2616=CARTESIAN_POINT('Ctrl Pts',(12.5857414665902,2.,11.3008449316556));
#2617=CARTESIAN_POINT('Ctrl Pts',(12.117983321081,-1.49227857966807E-29,
10.9910234151017));
#2618=CARTESIAN_POINT('Ctrl Pts',(12.117983321081,0.666666666666666,10.9910234151017));
#2619=CARTESIAN_POINT('Ctrl Pts',(12.117983321081,1.33333333333334,10.9910234151017));
#2620=CARTESIAN_POINT('Ctrl Pts',(12.117983321081,2.,10.9910234151017));
#2621=CARTESIAN_POINT('Ctrl Pts',(11.9274662522058,-1.9778908460963E-29,
10.8183222412585));
#2622=CARTESIAN_POINT('Ctrl Pts',(11.9274662522058,0.666666666666667,10.8183222412585));
#2623=CARTESIAN_POINT('Ctrl Pts',(11.9274662522058,1.33333333333333,10.8183222412585));
#2624=CARTESIAN_POINT('Ctrl Pts',(11.9274662522058,2.,10.8183222412585));
#2625=CARTESIAN_POINT('',(15.5013023103768,-1.38774050371393E-16,10.3850834741602));
#2626=CARTESIAN_POINT('Ctrl Pts',(15.5013023103768,2.,10.3850834741602));
#2627=CARTESIAN_POINT('Ctrl Pts',(15.5013023103768,1.33333333333333,10.3850834741602));
#2628=CARTESIAN_POINT('Ctrl Pts',(15.5013023103768,0.666666666666667,10.3850834741602));
#2629=CARTESIAN_POINT('Ctrl Pts',(15.5013023103768,-1.97869676532423E-29,
10.3850834741602));
#2630=CARTESIAN_POINT('Ctrl Pts',(15.5013023103768,-8.05919227927575E-33,
10.3850834741602));
#2631=CARTESIAN_POINT('Ctrl Pts',(15.3096574712423,6.46777603113534E-30,
10.6693778216968));
#2632=CARTESIAN_POINT('Ctrl Pts',(15.032229194496,1.24453969864269E-29,
10.9439774862172));
#2633=CARTESIAN_POINT('Ctrl Pts',(14.6836549311777,1.61717383324581E-29,
11.1364328362643));
#2634=CARTESIAN_POINT('Ctrl Pts',(14.3350806678593,1.98980796784893E-29,
11.3288881863114));
#2635=CARTESIAN_POINT('Ctrl Pts',(13.915360417969,2.13731414152602E-29,
11.4391992218852));
#2636=CARTESIAN_POINT('Ctrl Pts',(13.5035194505392,2.00549001766593E-29,
11.4359410789803));
#2637=CARTESIAN_POINT('Ctrl Pts',(13.1946387249668,1.90662192477087E-29,
11.4334974718016));
#2638=CARTESIAN_POINT('Ctrl Pts',(12.8901900957785,1.65063053951114E-29,
11.3671712017286));
#2639=CARTESIAN_POINT('Ctrl Pts',(12.621026244807,1.29537812492548E-29,
11.2565526875536));
#2640=CARTESIAN_POINT('Ctrl Pts',(12.3518623938356,9.40125710339819E-30,
11.1459341733787));
#2641=CARTESIAN_POINT('Ctrl Pts',(12.117983321081,4.85612266428224E-30,
10.9910234151017));
#2642=CARTESIAN_POINT('Ctrl Pts',(11.9274662522058,0.,10.8183222412585));
#2643=CARTESIAN_POINT('Ctrl Pts',(16.,-2.76352617195751E-16,8.75311153734393));
#2644=CARTESIAN_POINT('Ctrl Pts',(16.,0.6666678996463,8.75311153734393));
#2645=CARTESIAN_POINT('Ctrl Pts',(16.,1.33333210033523,8.75311153734393));
#2646=CARTESIAN_POINT('Ctrl Pts',(16.,2.,8.75311153734393));
#2647=CARTESIAN_POINT('Ctrl Pts',(16.,-2.76352617195751E-16,9.29118405871106));
#2648=CARTESIAN_POINT('Ctrl Pts',(16.,0.666667899646299,9.29118405871106));
#2649=CARTESIAN_POINT('Ctrl Pts',(16.,1.33333210033523,9.29118405871106));
#2650=CARTESIAN_POINT('Ctrl Pts',(16.,2.,9.29118405871106));
#2651=CARTESIAN_POINT('Ctrl Pts',(15.8374241370415,-2.76352617195751E-16,
9.88646563589293));
#2652=CARTESIAN_POINT('Ctrl Pts',(15.8374241370415,0.666667899646302,9.88646563589293));
#2653=CARTESIAN_POINT('Ctrl Pts',(15.8374241370415,1.33333210033523,9.88646563589293));
#2654=CARTESIAN_POINT('Ctrl Pts',(15.8374241370415,2.,9.88646563589293));
#2655=CARTESIAN_POINT('Ctrl Pts',(15.5013023103754,-2.76352617195751E-16,
10.3850834741622));
#2656=CARTESIAN_POINT('Ctrl Pts',(15.5013023103754,0.666667899646301,10.3850834741622));
#2657=CARTESIAN_POINT('Ctrl Pts',(15.5013023103754,1.33333210033523,10.3850834741622));
#2658=CARTESIAN_POINT('Ctrl Pts',(15.5013023103754,2.,10.3850834741622));
#2659=CARTESIAN_POINT('Ctrl Pts',(16.,-2.76352617195751E-16,8.75311153734393));
#2660=CARTESIAN_POINT('Ctrl Pts',(16.,-2.76352617195751E-16,9.29118405871106));
#2661=CARTESIAN_POINT('Ctrl Pts',(15.8374241370415,-2.76352617195751E-16,
9.88646563589293));
#2662=CARTESIAN_POINT('Ctrl Pts',(15.5013023103754,-2.76352617195751E-16,
10.3850834741622));
#2663=CARTESIAN_POINT('Origin',(-14.5,0.,14.5));
#2664=CARTESIAN_POINT('',(-13.,0.,14.5));
#2665=CARTESIAN_POINT('',(-13.,0.,14.5));
#2666=CARTESIAN_POINT('Origin',(-14.5,0.,14.5));
#2667=CARTESIAN_POINT('Origin',(-14.5,0.,-14.5));
#2668=CARTESIAN_POINT('',(-14.5,0.,-13.));
#2669=CARTESIAN_POINT('',(-14.5,0.,-13.));
#2670=CARTESIAN_POINT('Origin',(-14.5,0.,-14.5));
#2671=CARTESIAN_POINT('Origin',(14.5,0.,-14.5));
#2672=CARTESIAN_POINT('',(13.,0.,-14.5));
#2673=CARTESIAN_POINT('',(13.,0.,-14.5));
#2674=CARTESIAN_POINT('Origin',(14.5,0.,-14.5));
#2675=CARTESIAN_POINT('Origin',(14.5,0.,14.5));
#2676=CARTESIAN_POINT('',(14.5,0.,13.));
#2677=CARTESIAN_POINT('',(14.5,0.,13.));
#2678=CARTESIAN_POINT('Origin',(14.5,0.,14.5));
#2679=CARTESIAN_POINT('Origin',(1.53705939186625,0.,4.09897811759635));
#2680=CARTESIAN_POINT('',(13.8283843239431,0.,15.2408997122922));
#2681=CARTESIAN_POINT('Origin',(-17.5,0.,-14.5));
#2682=CARTESIAN_POINT('',(-17.5,0.,-14.5));
#2683=CARTESIAN_POINT('',(-17.5,0.,14.5));
#2684=CARTESIAN_POINT('',(-17.5,0.,-14.5));
#2685=CARTESIAN_POINT('',(-17.5,0.,14.5));
#2686=CARTESIAN_POINT('',(-17.5,0.,-14.5));
#2687=CARTESIAN_POINT('Origin',(-14.5,0.,-14.5));
#2688=CARTESIAN_POINT('',(-14.5,0.,-17.5));
#2689=CARTESIAN_POINT('Origin',(-14.5,0.,-14.5));
#2690=CARTESIAN_POINT('',(-14.5,0.,-17.5));
#2691=CARTESIAN_POINT('Origin',(14.5,0.,-17.5));
#2692=CARTESIAN_POINT('',(14.5,0.,-17.5));
#2693=CARTESIAN_POINT('',(14.5,0.,-17.5));
#2694=CARTESIAN_POINT('',(14.5,0.,-17.5));
#2695=CARTESIAN_POINT('Origin',(14.5,0.,-14.5));
#2696=CARTESIAN_POINT('Origin',(14.5,0.,-14.5));
#2697=CARTESIAN_POINT('Origin',(14.5,0.,14.5));
#2698=CARTESIAN_POINT('',(14.5,0.,17.5));
#2699=CARTESIAN_POINT('Origin',(14.5,0.,14.5));
#2700=CARTESIAN_POINT('',(14.5,0.,17.5));
#2701=CARTESIAN_POINT('Origin',(-14.5,0.,17.5));
#2702=CARTESIAN_POINT('',(-14.5,0.,17.5));
#2703=CARTESIAN_POINT('',(-14.5,0.,17.5));
#2704=CARTESIAN_POINT('',(-14.5,0.,17.5));
#2705=CARTESIAN_POINT('Origin',(-14.5,0.,14.5));
#2706=CARTESIAN_POINT('Origin',(-14.5,0.,14.5));
#2707=CARTESIAN_POINT('Origin',(0.,0.,-2.22044604925031E-15));
#2708=UNCERTAINTY_MEASURE_WITH_UNIT(LENGTH_MEASURE(0.01),#2712,
'DISTANCE_ACCURACY_VALUE',
'Maximum model space distance between geometric entities at asserted c
onnectivities');
#2709=UNCERTAINTY_MEASURE_WITH_UNIT(LENGTH_MEASURE(0.01),#2712,
'DISTANCE_ACCURACY_VALUE',
'Maximum model space distance between geometric entities at asserted c
onnectivities');
#2710=(
GEOMETRIC_REPRESENTATION_CONTEXT(3)
GLOBAL_UNCERTAINTY_ASSIGNED_CONTEXT((#2708))
GLOBAL_UNIT_ASSIGNED_CONTEXT((#2712,#2713,#2714))
REPRESENTATION_CONTEXT('','3D')
);
#2711=(
GEOMETRIC_REPRESENTATION_CONTEXT(3)
GLOBAL_UNCERTAINTY_ASSIGNED_CONTEXT((#2709))
GLOBAL_UNIT_ASSIGNED_CONTEXT((#2712,#2713,#2714))
REPRESENTATION_CONTEXT('','3D')
);
#2712=(
LENGTH_UNIT()
NAMED_UNIT(*)
SI_UNIT(.MILLI.,.METRE.)
);
#2713=(
NAMED_UNIT(*)
PLANE_ANGLE_UNIT()
SI_UNIT($,.RADIAN.)
);
#2714=(
NAMED_UNIT(*)
SI_UNIT($,.STERADIAN.)
SOLID_ANGLE_UNIT()
);
#2715=SHAPE_DEFINITION_REPRESENTATION(#2716,#2717);
#2716=PRODUCT_DEFINITION_SHAPE('',$,#2719);
#2717=SHAPE_REPRESENTATION('',(#1276),#2710);
#2718=PRODUCT_DEFINITION_CONTEXT('part definition',#2723,'design');
#2719=PRODUCT_DEFINITION('Extruder Mount','Extruder Mount v6',#2720,#2718);
#2720=PRODUCT_DEFINITION_FORMATION('',$,#2725);
#2721=PRODUCT_RELATED_PRODUCT_CATEGORY('Extruder Mount v6',
'Extruder Mount v6',(#2725));
#2722=APPLICATION_PROTOCOL_DEFINITION('international standard',
'automotive_design',2009,#2723);
#2723=APPLICATION_CONTEXT(
'Core Data for Automotive Mechanical Design Process');
#2724=PRODUCT_CONTEXT('part definition',#2723,'mechanical');
#2725=PRODUCT('Extruder Mount','Extruder Mount v6',$,(#2724));
#2726=PRESENTATION_STYLE_ASSIGNMENT((#2727));
#2727=SURFACE_STYLE_USAGE(.BOTH.,#2728);
#2728=SURFACE_SIDE_STYLE('',(#2729));
#2729=SURFACE_STYLE_FILL_AREA(#2730);
#2730=FILL_AREA_STYLE('\X2\AC15CCA0\X0\ - \X2\C0C8D2F4\X0\',(#2731));
#2731=FILL_AREA_STYLE_COLOUR('\X2\AC15CCA0\X0\ - \X2\C0C8D2F4\X0\',#2732);
#2732=COLOUR_RGB('\X2\AC15CCA0\X0\ - \X2\C0C8D2F4\X0\',0.627450980392157,
0.627450980392157,0.627450980392157);
ENDSEC;
END-ISO-10303-21;
