;FLAVOR:Marlin
;TIME:2208.42
;Filament used:4.78m
;Layer height:0.2
; HEADER_BLOCK_START
; generated by OrcaSlicer 2.3.2 on 2026-04-19 at 00:37:30
; total layer number: 6
; filament_density: 1.27
; filament_diameter: 1.75
; max_z_height: 1.20
; filament: 1
; HEADER_BLOCK_END

; external perimeters extrusion width = 0.42mm
; perimeters extrusion width = 0.45mm
; infill extrusion width = 0.45mm
; solid infill extrusion width = 0.42mm
; top infill extrusion width = 0.42mm
; first layer extrusion width = 0.46mm

; EXECUTABLE_BLOCK_START
M201 X2500 Y2500 Z500 E5000
M203 X250 Y250 Z5 E40
M204 P2500 R500 T2500 ; sets acceleration (P, T) and retract acceleration (R), mm/sec^2
M205 X10.00 Y10.00 Z0.40 E5.00 ; sets the jerk limits, mm/sec
M205 J0.010
;TYPE:Custom
M220 S100 ;Reset Feedrate 
M221 S100 ;Reset Flowrate 
 
M104 S250 ;Set final nozzle temp 
M190 S70 ;Set and wait for bed temp to stabilize 
G28 ;Home 
G92 E0 ;Reset Extruder 
G1 Z2.0 F3000 ;Move Z Axis up 
G1 X-2.1 Y20 Z0.28 F5000.0 ;Move to start position 
M109 S250 ;Wait for nozzle temp to stabilize 
G1 X-2.1 Y145.0 Z0.28 F1500.0 E15 ;Draw the first line 
G1 X-2.4 Y145.0 Z0.28 F5000.0 ;Move to side a little 
G1 X-2.4 Y20 Z0.28 F1500.0 E30 ;Draw the second line 
G92 E0  ;Reset Extruder 
G1 E-1.0000 F1800 ;Retract a bit 
G1 Z2.0 F3000 ;Move Z Axis up 
G1 E0.0000 F1800
G90
G21
M83 ; use relative distances for extrusion
; filament start gcode
M106 S0
;LAYER_CHANGE
;Z:0.2
;HEIGHT:0.2
;BEFORE_LAYER_CHANGE
;0.2
G92 E0

G1 E-1.2 F2400
;_SET_FAN_SPEED_CHANGING_LAYER
M204 P500
; printing object 본체3 id:257835021507036052 copy 0
M204 T500
G1 X128.347 Y131.363 F9000
G1 Z.6
G1 Z.2
G1 E1.2 F1800
;TYPE:Inner wall
;WIDTH:0.459999
G1 X128.31 Y131.454 E.00325
G1 X119.227 Y190.294 E1.9615
G1 X118.824 Y191.926 E.05537
G1 X118.153 Y193.434 E.05439
G1 X117.226 Y194.799 E.05435
G1 X116.045 Y196.001 E.05554
G1 X114.729 Y196.941 E.05326
G1 X113.237 Y197.648 E.05439
G1 X111.644 Y198.082 E.05439
G1 X110 Y198.228 E.05439
G1 X108.356 Y198.082 E.05439
G1 X106.763 Y197.648 E.05439
G1 X105.271 Y196.941 E.05439
G1 X103.928 Y195.981 E.05439
G1 X102.774 Y194.8 E.05439
G1 X101.847 Y193.434 E.05439
G1 X101.176 Y191.926 E.05439
G1 X100.773 Y190.294 E.05537
G1 X91.684 Y131.415 E1.9628
G1 X91.549 Y131.145 E.00996
G1 X91.325 Y130.978 E.00921
G1 X87.62 Y129.338 E.13348
G1 X84.081 Y127.425 E.13255
G1 X80.731 Y125.258 E.13143
G1 X77.549 Y122.824 E.13199
G1 X74.569 Y120.147 E.13199
G1 X71.808 Y117.243 E.13199
G1 X69.285 Y114.131 E.13199
G1 X67.015 Y110.83 E.13199
G1 X65.012 Y107.36 E.13199
G1 X63.288 Y103.744 E.13199
G1 X61.855 Y100.003 E.13199
G1 X60.72 Y96.16 E.13199
G1 X59.892 Y92.241 E.13199
G1 X59.375 Y88.268 E.13199
G1 X59.172 Y84.267 E.13199
G1 X59.285 Y80.262 E.13199
G1 X59.723 Y76.188 E.13499
G1 X59.664 Y75.904 E.00957
G1 X59.488 Y75.679 E.00941
G1 X13.073 Y38.393 E1.9615
G1 X11.861 Y37.228 E.05537
G1 X10.891 Y35.893 E.05439
G1 X10.172 Y34.408 E.05435
G1 X9.722 Y32.783 E.05554
G1 X9.566 Y31.174 E.05327
G1 X9.698 Y29.529 E.05439
G1 X10.119 Y27.932 E.05439
G1 X10.815 Y26.435 E.05439
G1 X11.764 Y25.084 E.05439
G1 X12.936 Y23.921 E.05439
G1 X14.295 Y22.983 E.05439
G1 X15.797 Y22.3 E.05439
G1 X17.397 Y21.891 E.05439
G1 X19.044 Y21.772 E.05439
G1 X20.686 Y21.944 E.05439
G1 X22.3 Y22.412 E.05537
G1 X77.834 Y43.979 E1.96277
G1 X78.136 Y43.997 E.00995
G1 X78.393 Y43.887 E.00924
G1 X81.666 Y41.498 E.13348
G1 X85.077 Y39.398 E.13199
G1 X88.644 Y37.572 E.13199
G1 X92.343 Y36.034 E.13199
G1 X96.152 Y34.791 E.13199
G1 X100.046 Y33.853 E.13199
G1 X104.003 Y33.223 E.13199
G1 X107.997 Y32.908 E.13199
G1 X112.003 Y32.908 E.13199
G1 X115.997 Y33.223 E.13199
G1 X119.954 Y33.853 E.13199
G1 X123.848 Y34.791 E.13199
G1 X127.657 Y36.034 E.13199
G1 X131.356 Y37.572 E.13199
G1 X134.908 Y39.39 E.13143
G1 X138.334 Y41.498 E.13255
G1 X141.643 Y43.914 E.13497
G1 X141.918 Y44.005 E.00955
G1 X142.202 Y43.965 E.00944
G1 X197.7 Y22.412 E1.9615
G1 X199.313 Y21.944 E.05533
G1 X200.991 Y21.774 E.05554
G1 X202.603 Y21.891 E.05326
G1 X204.203 Y22.3 E.05439
G1 X205.705 Y22.983 E.05439
G1 X207.064 Y23.921 E.05439
G1 X208.236 Y25.084 E.05439
G1 X209.184 Y26.434 E.05435
G1 X209.889 Y27.965 E.05554
G1 X210.302 Y29.529 E.05326
G1 X210.434 Y31.173 E.05435
G1 X210.266 Y32.85 E.05554
G1 X209.829 Y34.407 E.05326
G1 X209.109 Y35.893 E.05439
G1 X208.139 Y37.228 E.05439
G1 X206.927 Y38.393 E.05537
G1 X160.482 Y75.703 E1.96276
G1 X160.315 Y75.954 E.00993
G1 X160.282 Y76.233 E.00928
G1 X160.715 Y80.262 E.13349
G1 X160.828 Y84.267 E.13199
G1 X160.625 Y88.268 E.13199
G1 X160.108 Y92.241 E.13199
G1 X159.28 Y96.16 E.13199
G1 X158.145 Y100.003 E.13199
G1 X156.712 Y103.744 E.13199
G1 X154.988 Y107.36 E.13199
G1 X152.985 Y110.83 E.13199
G1 X150.715 Y114.131 E.13199
G1 X148.192 Y117.243 E.13199
G1 X145.431 Y120.147 E.13199
G1 X142.451 Y122.824 E.13199
G1 X139.269 Y125.258 E.13199
G1 X135.919 Y127.425 E.13143
G1 X132.38 Y129.338 E.13255
G1 X128.634 Y130.996 E.13496
G1 X128.418 Y131.188 E.00952
G1 X128.362 Y131.326 E.00491
G1 X128.743 Y131.521 F9000
;TYPE:Outer wall
G1 F1800
G1 X119.657 Y190.38 E1.96214
G1 X119.241 Y192.068 E.0573
G1 X118.537 Y193.648 E.05696
G1 X117.567 Y195.078 E.05695
G1 X116.331 Y196.336 E.05811
G1 X114.952 Y197.32 E.05581
G1 X113.39 Y198.061 E.05696
G1 X111.722 Y198.515 E.05696
G1 X110 Y198.668 E.05696
G1 X108.278 Y198.515 E.05696
G1 X106.61 Y198.061 E.05696
G1 X105.048 Y197.32 E.05696
G1 X103.641 Y196.315 E.05696
G1 X102.433 Y195.078 E.05696
G1 X101.463 Y193.648 E.05696
G1 X100.759 Y192.068 E.05696
G1 X100.343 Y190.38 E.0573
G1 X91.254 Y131.501 E1.9628
G1 X91.147 Y131.379 E.00534
G1 X87.427 Y129.732 E.13405
G1 X83.857 Y127.802 E.13369
G1 X80.478 Y125.617 E.13257
G1 X77.269 Y123.162 E.13313
G1 X74.263 Y120.461 E.13313
G1 X71.478 Y117.533 E.13313
G1 X68.934 Y114.394 E.13313
G1 X66.644 Y111.064 E.13313
G1 X64.623 Y107.565 E.13313
G1 X62.885 Y103.917 E.13313
G1 X61.439 Y100.143 E.13313
G1 X60.295 Y96.268 E.13313
G1 X59.459 Y92.314 E.13313
G1 X58.938 Y88.307 E.13313
G1 X58.733 Y84.271 E.13313
G1 X58.848 Y80.232 E.13313
G1 X59.285 Y76.165 E.13478
G1 X59.213 Y76.021 E.00529
G1 X12.783 Y38.722 E1.96214
G1 X11.529 Y37.518 E.0573
G1 X10.513 Y36.119 E.05696
G1 X9.76 Y34.563 E.05695
G1 X9.289 Y32.864 E.05811
G1 X9.125 Y31.178 E.05581
G1 X9.265 Y29.454 E.05696
G1 X9.705 Y27.783 E.05696
G1 X10.434 Y26.215 E.05696
G1 X11.427 Y24.8 E.05696
G1 X12.655 Y23.582 E.05696
G1 X14.078 Y22.6 E.05696
G1 X15.651 Y21.884 E.05696
G1 X17.326 Y21.457 E.05696
G1 X19.051 Y21.332 E.05696
G1 X20.77 Y21.512 E.05696
G1 X22.441 Y21.996 E.0573
G1 X77.975 Y43.563 E1.9628
G1 X78.135 Y43.533 E.00535
G1 X81.421 Y41.134 E.13405
G1 X84.862 Y39.015 E.13313
G1 X88.459 Y37.174 E.13313
G1 X92.19 Y35.622 E.13313
G1 X96.032 Y34.369 E.13313
G1 X99.96 Y33.422 E.13313
G1 X103.951 Y32.788 E.13313
G1 X107.98 Y32.469 E.13313
G1 X112.02 Y32.469 E.13313
G1 X116.049 Y32.788 E.13313
G1 X120.04 Y33.422 E.13313
G1 X123.968 Y34.369 E.13313
G1 X127.81 Y35.622 E.13313
G1 X131.541 Y37.174 E.13313
G1 X135.123 Y39.007 E.13257
G1 X138.579 Y41.134 E.13369
G1 X141.883 Y43.546 E.13478
G1 X142.043 Y43.556 E.00529
G1 X197.559 Y21.996 E1.96214
G1 X199.23 Y21.512 E.05728
G1 X200.984 Y21.334 E.05811
G1 X202.674 Y21.457 E.05581
G1 X204.349 Y21.884 E.05696
G1 X205.922 Y22.6 E.05696
G1 X207.345 Y23.582 E.05696
G1 X208.573 Y24.8 E.05696
G1 X209.566 Y26.214 E.05695
G1 X210.304 Y27.817 E.05811
G1 X210.735 Y29.454 E.05581
G1 X210.875 Y31.177 E.05695
G1 X210.698 Y32.932 E.05811
G1 X210.24 Y34.563 E.05581
G1 X209.487 Y36.119 E.05696
G1 X208.471 Y37.518 E.05696
G1 X207.217 Y38.722 E.0573
G1 X160.771 Y76.033 E1.96279
G1 X160.718 Y76.187 E.00535
G1 X161.152 Y80.232 E.13405
G1 X161.267 Y84.271 E.13313
G1 X161.062 Y88.307 E.13313
G1 X160.541 Y92.314 E.13313
G1 X159.705 Y96.268 E.13313
G1 X158.561 Y100.143 E.13313
G1 X157.115 Y103.917 E.13313
G1 X155.377 Y107.565 E.13313
G1 X153.356 Y111.064 E.13313
G1 X151.066 Y114.394 E.13313
G1 X148.522 Y117.533 E.13313
G1 X145.737 Y120.461 E.13313
G1 X142.731 Y123.162 E.13313
G1 X139.522 Y125.617 E.13313
G1 X136.143 Y127.802 E.13257
G1 X132.573 Y129.732 E.13369
G1 X128.833 Y131.388 E.13478
G1 X128.766 Y131.488 E.00398
G1 E-.84 F2400
;WIPE_START
G1 F1800
G1 X128.613 Y132.476 E-.36
;WIPE_END
G1 F9000
G1 X129.049 Y132.09 Z0.230769
G1 X129.614 Y131.951 Z0.261538
G1 X130.18 Y132.09 Z0.292308
G1 X130.616 Y132.477 Z0.323077
G1 X130.822 Y133.021 Z0.353846
G1 X130.752 Y133.599 Z0.384615
G1 X130.421 Y134.079 Z0.415385
G1 X129.905 Y134.349 Z0.446154
G1 X129.323 Y134.349 Z0.476923
G1 X128.807 Y134.078 Z0.507692
G1 X128.476 Y133.599 Z0.538462
G1 X128.406 Y133.021 Z0.569231
G1 X128.613 Y132.476 Z0.6
G1 X199.341 Y30.049 Z.6
G1 Z.2
G1 E1.2 F1800
;TYPE:Inner wall
G1 X199.589 Y29.698 E.01417
G1 X200.003 Y29.353 E.01776
G1 X200.493 Y29.127 E.01776
G1 X201.017 Y29.037 E.01752
G1 X201.558 Y29.085 E.01789
G1 X202.067 Y29.271 E.01787
G1 X202.507 Y29.582 E.01776
G1 X202.852 Y29.997 E.01776
G1 X203.078 Y30.486 E.01776
G1 X203.169 Y31.018 E.01776
G1 X203.12 Y31.555 E.01776
G1 X202.934 Y32.06 E.01776
G1 X202.623 Y32.501 E.01776
G1 X202.208 Y32.846 E.01776
G1 X201.719 Y33.071 E.01776
G1 X201.188 Y33.163 E.01776
G1 X200.651 Y33.114 E.01776
G1 X200.145 Y32.927 E.01776
G1 X199.704 Y32.616 E.01776
G1 X199.36 Y32.202 E.01776
G1 X199.137 Y31.719 E.01752
G1 X199.043 Y31.184 E.01789
G1 X199.091 Y30.644 E.01787
G1 X199.278 Y30.138 E.01776
G1 X199.318 Y30.082 E.00228
G1 X199.691 Y30.296 F9000
;TYPE:Outer wall
G1 F1800
G1 X199.971 Y29.93 E.01519
G1 X200.313 Y29.677 E.01401
G1 X200.708 Y29.52 E.01401
G1 X201.122 Y29.471 E.01374
G1 X201.551 Y29.532 E.01427
G1 X201.941 Y29.701 E.01401
G1 X202.275 Y29.965 E.01401
G1 X202.529 Y30.306 E.01401
G1 X202.685 Y30.701 E.01401
G1 X202.735 Y31.124 E.01401
G1 X202.667 Y31.559 E.01453
G1 X202.504 Y31.935 E.01348
G1 X202.24 Y32.268 E.01401
G1 X201.899 Y32.522 E.01401
G1 X201.504 Y32.679 E.01401
G1 X201.081 Y32.728 E.01401
G1 X200.661 Y32.666 E.01401
G1 X200.27 Y32.498 E.01401
G1 X199.937 Y32.234 E.01401
G1 X199.683 Y31.893 E.01401
G1 X199.529 Y31.505 E.01374
G1 X199.477 Y31.075 E.01427
G1 X199.539 Y30.654 E.01401
G1 X199.673 Y30.331 E.01151
G1 E-.84 F2400
;WIPE_START
G1 F1800
G1 X199.971 Y29.93 E-.18002
G1 X200.313 Y29.677 E-.15308
G1 X200.382 Y29.649 E-.0269
;WIPE_END
G1 F9000
G1 X199.865 Y29.9167 Z0.230769
G1 X199.282 Y29.9133 Z0.261538
G1 X198.768 Y29.6396 Z0.292308
G1 X198.44 Y29.1583 Z0.323077
G1 X198.373 Y28.5797 Z0.353846
G1 X198.583 Y28.0363 Z0.384615
G1 X199.021 Y27.6526 Z0.415385
G1 X199.588 Y27.5165 Z0.446154
G1 X200.152 Y27.6592 Z0.476923
G1 X200.586 Y28.048 Z0.507692
G1 X200.789 Y28.5938 Z0.538462
G1 X200.716 Y29.1716 Z0.569231
G1 X200.382 Y29.649 Z0.6
G1 X100.597 Y117.013 Z.6
G1 Z.2
G1 E1.2 F1800
;TYPE:Inner wall
G1 X97.336 Y115.919 E.11335
G1 X94.193 Y114.497 E.11365
G1 X91.226 Y112.786 E.11283
G1 X88.419 Y110.769 E.11386
G1 X85.828 Y108.483 E.11387
G1 X83.477 Y105.949 E.11387
G1 X81.391 Y103.194 E.11387
G1 X79.59 Y100.244 E.11386
G1 X78.092 Y97.129 E.11386
G1 X76.923 Y93.917 E.11263
G1 X76.077 Y90.599 E.11283
G1 X75.553 Y87.151 E.11489
G1 X75.381 Y83.699 E.11387
G1 X75.553 Y80.248 E.11386
G1 X76.064 Y76.861 E.11283
G1 X76.916 Y73.512 E.11386
G1 X78.092 Y70.269 E.11365
G1 X79.59 Y67.155 E.11386
G1 X81.391 Y64.205 E.11386
G1 X83.458 Y61.475 E.11283
G1 X85.807 Y58.939 E.11386
G1 X88.419 Y56.629 E.11489
G1 X91.253 Y54.597 E.11489
G1 X94.22 Y52.886 E.11283
G1 X97.336 Y51.48 E.11263
G1 X100.611 Y50.378 E.11386
G1 X103.98 Y49.607 E.11388
G1 X107.447 Y49.176 E.11508
G1 X110.864 Y49.091 E.11263
G1 X114.311 Y49.349 E.11386
G1 X117.714 Y49.951 E.11387
G1 X121.01 Y50.88 E.11283
G1 X124.223 Y52.137 E.11365
G1 X127.299 Y53.712 E.11386
G1 X130.202 Y55.586 E.11386
G1 X132.88 Y57.721 E.11284
G1 X135.357 Y60.132 E.11386
G1 X137.6 Y62.801 E.11489
G1 X139.546 Y65.657 E.11387
G1 X141.198 Y68.693 E.11386
G1 X142.513 Y71.815 E.1116
G1 X143.536 Y75.115 E.11385
G1 X144.232 Y78.532 E.11489
G1 X144.576 Y82.003 E.11489
G1 X144.576 Y85.427 E.11283
G1 X144.232 Y88.866 E.11387
G1 X143.546 Y92.254 E.11386
G1 X142.525 Y95.555 E.11386
G1 X141.198 Y98.705 E.11263
G1 X139.546 Y101.741 E.11386
G1 X137.6 Y104.597 E.11387
G1 X135.379 Y107.245 E.11387
G1 X132.927 Y109.636 E.11283
G1 X130.202 Y111.813 E.11489
G1 X127.299 Y113.687 E.11386
G1 X124.223 Y115.262 E.11386
G1 X121.069 Y116.499 E.1116
G1 X117.744 Y117.44 E.11385
G1 X114.311 Y118.049 E.11489
G1 X110.864 Y118.308 E.11386
G1 X107.409 Y118.222 E.11387
G1 X104.011 Y117.795 E.11283
G1 X100.641 Y117.028 E.11386
G1 X100.635 Y117.026 E.00022
G1 X100.736 Y116.599 F9000
;TYPE:Outer wall
G1 F1800
G1 X97.496 Y115.51 E.11262
G1 X94.412 Y114.117 E.1115
G1 X91.464 Y112.417 E.11211
G1 X88.693 Y110.426 E.11242
G1 X86.134 Y108.168 E.11242
G1 X83.814 Y105.667 E.11242
G1 X81.754 Y102.946 E.11242
G1 X79.976 Y100.034 E.11242
G1 X78.497 Y96.959 E.11242
G1 X77.343 Y93.788 E.11119
G1 X76.502 Y90.49 E.11211
G1 X75.99 Y87.107 E.11273
G1 X75.82 Y83.699 E.11242
G1 X75.99 Y80.291 E.11242
G1 X76.498 Y76.927 E.11211
G1 X77.34 Y73.62 E.11242
G1 X78.497 Y70.44 E.1115
G1 X79.976 Y67.365 E.11242
G1 X81.754 Y64.452 E.11242
G1 X83.808 Y61.739 E.11211
G1 X86.128 Y59.237 E.11242
G1 X88.693 Y56.973 E.11273
G1 X91.472 Y54.977 E.11273
G1 X94.42 Y53.277 E.11211
G1 X97.496 Y51.889 E.11119
G1 X100.73 Y50.8 E.11242
G1 X104.057 Y50.04 E.11242
G1 X107.479 Y49.614 E.11364
G1 X110.853 Y49.53 E.11119
G1 X114.256 Y49.785 E.11242
G1 X117.616 Y50.379 E.11242
G1 X120.891 Y51.302 E.11211
G1 X124.042 Y52.537 E.1115
G1 X127.079 Y54.092 E.11242
G1 X129.946 Y55.943 E.11242
G1 X132.607 Y58.064 E.11211
G1 X135.05 Y60.446 E.11242
G1 X137.25 Y63.066 E.11273
G1 X139.171 Y65.886 E.11242
G1 X140.802 Y68.884 E.11242
G1 X142.109 Y71.985 E.11088
G1 X143.117 Y75.245 E.11241
G1 X143.797 Y78.598 E.11273
G1 X144.138 Y82.003 E.11273
G1 X144.138 Y85.405 E.11211
G1 X143.797 Y88.801 E.11242
G1 X143.12 Y92.145 E.11242
G1 X142.113 Y95.405 E.11242
G1 X140.802 Y98.515 E.11119
G1 X139.171 Y101.512 E.11242
G1 X137.25 Y104.332 E.11242
G1 X135.057 Y106.947 E.11242
G1 X132.621 Y109.323 E.11211
G1 X129.946 Y111.456 E.11273
G1 X127.079 Y113.306 E.11242
G1 X124.042 Y114.862 E.11242
G1 X120.909 Y116.091 E.11089
G1 X117.625 Y117.018 E.11241
G1 X114.256 Y117.614 E.11273
G1 X110.853 Y117.869 E.11242
G1 X107.442 Y117.784 E.11242
G1 X104.066 Y117.36 E.11211
G1 X100.775 Y116.609 E.11121
G1 E-.84 F2400
;WIPE_START
G1 F1800
G1 X99.827 Y116.291 E-.36
;WIPE_END
G1 F9000
G1 X99.5296 Y115.79 Z0.230769
G1 X99.4991 Y115.208 Z0.261538
G1 X99.7425 Y114.679 Z0.292308
G1 X100.204 Y114.324 Z0.323077
G1 X100.778 Y114.223 Z0.353846
G1 X101.332 Y114.401 Z0.384615
G1 X101.741 Y114.816 Z0.415385
G1 X101.91 Y115.374 Z0.446154
G1 X101.8 Y115.946 Z0.476923
G1 X101.437 Y116.401 Z0.507692
G1 X100.904 Y116.636 Z0.538462
G1 X100.323 Y116.596 Z0.569231
G1 X99.8268 Y116.291 Z0.6
G1 X17.46 Y32.569 Z.6
G1 Z.2
G1 E1.2 F1800
;TYPE:Inner wall
G1 X17.377 Y32.501 E.00354
G1 X17.081 Y32.094 E.01658
G1 X16.884 Y31.574 E.01831
G1 X16.827 Y31.049 E.01739
G1 X16.918 Y30.497 E.01845
G1 X17.132 Y30.018 E.01727
G1 X17.489 Y29.585 E.01849
G1 X17.913 Y29.28 E.01721
G1 X18.439 Y29.085 E.01847
G1 X18.952 Y29.035 E.01699
G1 X19.507 Y29.127 E.01853
G1 X19.997 Y29.353 E.01776
G1 X20.411 Y29.698 E.01776
G1 X20.722 Y30.138 E.01776
G1 X20.909 Y30.644 E.01776
G1 X20.958 Y31.181 E.01776
G1 X20.866 Y31.712 E.01776
G1 X20.64 Y32.202 E.01776
G1 X20.296 Y32.616 E.01776
G1 X19.855 Y32.927 E.01776
G1 X19.349 Y33.114 E.01776
G1 X18.812 Y33.163 E.01776
G1 X18.281 Y33.071 E.01776
G1 X17.792 Y32.846 E.01776
G1 X17.49 Y32.595 E.01291
G1 X17.734 Y32.241 F9000
;TYPE:Outer wall
G1 F1800
G1 X17.725 Y32.234 E.00036
G1 X17.471 Y31.893 E.01401
G1 X17.318 Y31.505 E.01374
G1 X17.265 Y31.075 E.01427
G1 X17.327 Y30.654 E.01401
G1 X17.496 Y30.264 E.01401
G1 X17.76 Y29.93 E.01401
G1 X18.101 Y29.677 E.01401
G1 X18.512 Y29.518 E.01453
G1 X18.91 Y29.471 E.0132
G1 X19.339 Y29.532 E.01427
G1 X19.73 Y29.701 E.01401
G1 X20.063 Y29.965 E.01401
G1 X20.317 Y30.306 E.01401
G1 X20.474 Y30.701 E.01401
G1 X20.523 Y31.124 E.01401
G1 X20.461 Y31.545 E.01401
G1 X20.292 Y31.935 E.01401
G1 X20.029 Y32.268 E.01401
G1 X19.687 Y32.522 E.01401
G1 X19.292 Y32.679 E.01401
G1 X18.87 Y32.728 E.01401
G1 X18.449 Y32.666 E.01401
G1 X18.059 Y32.498 E.01401
G1 X17.765 Y32.265 E.01233
G1 E-.84 F2400
;WIPE_START
G1 F1800
G1 X17.725 Y32.234 E-.01831
G1 X17.471 Y31.893 E-.15308
G1 X17.318 Y31.505 E-.15009
G1 X17.305 Y31.399 E-.03852
;WIPE_END
G1 F9000
G1 X17.4651 Y31.9589 Z0.230769
G1 X17.3469 Y32.5292 Z0.261538
G1 X16.9772 Y32.9793 Z0.292308
G1 X16.4407 Y33.2061 Z0.323077
G1 X15.8602 Y33.1575 Z0.353846
G1 X15.3688 Y32.8448 Z0.384615
G1 X15.079 Y32.3395 Z0.415385
G1 X15.0573 Y31.7575 Z0.446154
G1 X15.3085 Y31.2319 Z0.476923
G1 X15.7752 Y30.8834 Z0.507692
G1 X16.3504 Y30.7916 Z0.538462
G1 X16.9023 Y30.9777 Z0.569231
G1 X17.3046 Y31.3989 Z0.6
G1 X108.235 Y189.955 Z.6
G1 Z.2
G1 E1.2 F1800
;TYPE:Inner wall
G1 X108.179 Y189.876 E.0032
G1 X107.986 Y189.355 E.0183
G1 X107.936 Y188.818 E.01776
G1 X108.028 Y188.286 E.01776
G1 X108.249 Y187.806 E.01742
G1 X108.599 Y187.383 E.0181
G1 X109.039 Y187.071 E.01776
G1 X109.545 Y186.885 E.01776
G1 X110.071 Y186.836 E.01741
G1 X110.613 Y186.927 E.0181
G1 X111.102 Y187.153 E.01776
G1 X111.517 Y187.498 E.01776
G1 X111.828 Y187.938 E.01776
G1 X112.014 Y188.444 E.01776
G1 X112.064 Y188.981 E.01776
G1 X111.981 Y189.49 E.01697
G1 X111.77 Y189.965 E.01714
G1 X111.412 Y190.408 E.01875
G1 X110.99 Y190.715 E.0172
G1 X110.466 Y190.912 E.01844
G1 X109.945 Y190.966 E.01727
G1 X109.391 Y190.873 E.01849
G1 X108.915 Y190.658 E.01721
G1 X108.483 Y190.301 E.01847
G1 X108.258 Y189.987 E.01271
G1 X108.586 Y189.704 F9000
;TYPE:Outer wall
G1 F1800
G1 X108.577 Y189.693 E.00046
G1 X108.42 Y189.297 E.01401
G1 X108.371 Y188.875 E.01401
G1 X108.433 Y188.454 E.01401
G1 X108.598 Y188.071 E.01374
G1 X108.865 Y187.73 E.01427
G1 X109.207 Y187.477 E.01401
G1 X109.602 Y187.32 E.01401
G1 X110.016 Y187.271 E.01374
G1 X110.445 Y187.332 E.01427
G1 X110.836 Y187.501 E.01401
G1 X111.169 Y187.765 E.01401
G1 X111.423 Y188.106 E.01401
G1 X111.58 Y188.501 E.01401
G1 X111.629 Y188.924 E.01401
G1 X111.567 Y189.344 E.01401
G1 X111.402 Y189.727 E.01374
G1 X111.135 Y190.068 E.01427
G1 X110.793 Y190.322 E.01401
G1 X110.398 Y190.479 E.01401
G1 X109.976 Y190.528 E.01401
G1 X109.555 Y190.466 E.01401
G1 X109.164 Y190.298 E.01401
G1 X108.821 Y190.021 E.01453
G1 X108.609 Y189.736 E.0117
G1 E-.84 F2400
;WIPE_START
G1 F1800
G1 X108.577 Y189.693 E-.01945
G1 X108.42 Y189.297 E-.15308
G1 X108.371 Y188.875 E-.15309
G1 X108.385 Y188.78 E-.03438
;WIPE_END
G1 F9000
G1 X108.801 Y188.372 Z0.230769
G1 X109.358 Y188.204 Z0.261538
G1 X109.93 Y188.314 Z0.292308
G1 X110.386 Y188.678 Z0.323077
G1 X110.62 Y189.211 Z0.353846
G1 X110.579 Y189.792 Z0.384615
G1 X110.274 Y190.288 Z0.415385
G1 X109.772 Y190.584 Z0.446154
G1 X109.191 Y190.614 Z0.476923
G1 X108.662 Y190.371 Z0.507692
G1 X108.307 Y189.909 Z0.538462
G1 X108.207 Y189.335 Z0.569231
G1 X108.385 Y188.78 Z0.6
G1 X208.766 Y26.057 Z.6
G1 Z.2
G1 E1.2 F1800
;TYPE:Bottom surface
;WIDTH:0.460068
G1 F4800
G1 X206.863 Y24.163 E.08846
G1 X205.551 Y23.256 E.05257
G1 X205.231 Y23.111 E.01158
G1 X209.084 Y26.964 E.17956
G1 X209.587 Y28.058 E.03967
G1 X204.148 Y22.618 E.25347
G1 X203.343 Y22.403 E.02747
G1 X209.802 Y28.862 E.30101
G1 X209.997 Y29.647 E.02665
G1 X202.551 Y22.201 E.34699
G1 X201.915 Y22.155 E.02102
G1 X210.049 Y30.289 E.37905
G1 X210.101 Y30.931 E.02122
G1 X201.279 Y22.109 E.41111
G1 X200.995 Y22.088 E.00938
G1 X200.698 Y22.118 E.00982
G1 X210.086 Y31.506 E.43749
G1 X210.033 Y32.042 E.01775
G1 X200.163 Y22.173 E.45994
G1 X199.627 Y22.227 E.01774
G1 X209.979 Y32.578 E.48239
G1 X209.957 Y32.792 E.00707
G1 X209.88 Y33.069 E.00949
G1 X199.133 Y22.322 E.50081
G1 X198.675 Y22.455 E.01569
G1 X209.75 Y33.53 E.5161
G1 X209.621 Y33.99 E.01576
G1 X198.218 Y22.587 E.53139
G1 X197.763 Y22.723 E.01563
G1 X209.47 Y34.43 E.54555
G1 X209.278 Y34.827 E.01455
G1 X197.338 Y22.888 E.55638
G1 X196.913 Y23.053 E.01502
G1 X209.085 Y35.224 E.56721
G1 X208.893 Y35.622 E.01455
G1 X196.488 Y23.218 E.57805
G1 X196.064 Y23.383 E.01502
G1 X201.435 Y28.754 E.25031
G1 X201.165 Y28.721 E.00897
G1 X200.839 Y28.748 E.01078
G1 X195.639 Y23.548 E.24233
G1 X195.214 Y23.713 E.01502
G1 X200.352 Y28.851 E.23945
G1 X199.941 Y29.03 E.01477
G1 X194.789 Y23.878 E.2401
G1 X194.364 Y24.043 E.01502
G1 X199.594 Y29.273 E.24373
G1 X199.509 Y29.338 E.00354
G1 X199.297 Y29.566 E.01024
G1 X193.939 Y24.208 E.2497
G1 X193.514 Y24.373 E.01502
G1 X199.046 Y29.905 E.25778
G1 X198.867 Y30.316 E.01477
G1 X193.089 Y24.538 E.26924
G1 X192.664 Y24.703 E.01502
G1 X198.759 Y30.798 E.28402
G1 X198.723 Y31.108 E.01028
G1 X198.76 Y31.389 E.00935
G1 X192.094 Y24.723 E.31064
G1 E-.84 F2400
;WIPE_START
G1 F4800
G1 X192.801 Y25.43 E-.36
;WIPE_END
G1 F9000
G1 X193.248 Y25.8042 Z0.230769
G1 X193.469 Y26.3429 Z0.261538
G1 X193.415 Y26.9229 Z0.292308
G1 X193.097 Y27.4111 Z0.323077
G1 X192.589 Y27.6958 Z0.353846
G1 X192.007 Y27.7118 Z0.384615
G1 X191.484 Y27.4553 Z0.415385
G1 X191.14 Y26.9852 Z0.446154
G1 X191.054 Y26.4091 Z0.476923
G1 X191.245 Y25.859 Z0.507692
G1 X191.671 Y25.461 Z0.538462
G1 X192.232 Y25.3061 Z0.569231
G1 X192.801 Y25.43 Z0.6
G1 X203.22 Y30.54 Z.6
G1 Z.2
G1 E1.2 F1800
G1 F4800
G1 X208.66 Y35.979 E.25348
G1 X208.412 Y36.321 E.01392
G1 X203.454 Y31.363 E.23103
G1 X203.405 Y31.725 E.01205
G1 X203.354 Y31.853 E.00452
G1 X208.163 Y36.662 E.22413
G1 X207.915 Y37.004 E.01392
G1 X203.176 Y32.265 E.22084
G1 X203.118 Y32.37 E.00395
G1 X202.928 Y32.607 E.01001
G1 X207.617 Y37.296 E.21849
G1 X207.316 Y37.585 E.01375
G1 X202.638 Y32.906 E.21802
G1 X202.296 Y33.154 E.01392
G1 X207.015 Y37.874 E.21994
G1 X206.714 Y38.163 E.01375
G1 X201.89 Y33.339 E.22478
G1 X201.608 Y33.423 E.00971
G1 X201.408 Y33.446 E.00664
G1 X206.387 Y38.425 E.23202
G1 X206.06 Y38.688 E.01383
G1 X200.599 Y33.228 E.25447
G1 E-.84 F2400
;WIPE_START
G1 F4800
G1 X201.306 Y33.935 E-.36
;WIPE_END
G1 F9000
G1 X201.577 Y34.4505 Z0.230769
G1 X201.576 Y35.033 Z0.261538
G1 X201.306 Y35.5487 Z0.292308
G1 X200.826 Y35.8794 Z0.323077
G1 X200.248 Y35.9495 Z0.353846
G1 X199.703 Y35.7428 Z0.384615
G1 X199.317 Y35.3067 Z0.415385
G1 X199.178 Y34.7411 Z0.446154
G1 X199.318 Y34.1756 Z0.476923
G1 X199.704 Y33.7397 Z0.507692
G1 X200.249 Y33.5333 Z0.538462
G1 X200.827 Y33.6037 Z0.569231
G1 X201.306 Y33.9347 Z0.6
G1 X205.866 Y39.084 Z.6
G1 Z.2
G1 E1.2 F1800
G1 F4800
G1 X191.814 Y25.033 E.65481
G1 X191.389 Y25.198 E.01502
G1 X205.405 Y39.214 E.65315
G1 X205.078 Y39.477 E.01383
G1 X190.965 Y25.363 E.6577
G1 X190.54 Y25.528 E.01502
G1 X204.751 Y39.739 E.66226
G1 X204.424 Y40.002 E.01383
G1 X190.115 Y25.693 E.66682
G1 X189.69 Y25.858 E.01502
G1 X204.097 Y40.265 E.67137
G1 X203.77 Y40.528 E.01383
G1 X189.265 Y26.023 E.67593
G1 X188.84 Y26.188 E.01502
G1 X203.442 Y40.791 E.68049
G1 X203.115 Y41.053 E.01383
G1 X188.415 Y26.353 E.68504
G1 X187.99 Y26.518 E.01502
G1 X202.788 Y41.316 E.6896
G1 X202.461 Y41.579 E.01383
G1 X187.565 Y26.683 E.69416
G1 X187.14 Y26.848 E.01502
G1 X202.134 Y41.842 E.69871
G1 X201.807 Y42.105 E.01383
G1 X186.715 Y27.013 E.70327
G1 X186.29 Y27.178 E.01502
G1 X201.48 Y42.367 E.70783
G1 X201.152 Y42.63 E.01383
G1 X185.866 Y27.343 E.71238
G1 X185.441 Y27.508 E.01502
G1 X200.825 Y42.893 E.71694
G1 X200.498 Y43.156 E.01383
G1 X185.016 Y27.673 E.7215
G1 X184.591 Y27.838 E.01502
G1 X200.171 Y43.419 E.72605
G1 X199.844 Y43.681 E.01383
G1 X184.166 Y28.003 E.73061
G1 X183.741 Y28.168 E.01502
G1 X199.517 Y43.944 E.73516
G1 X199.19 Y44.207 E.01383
G1 X183.316 Y28.333 E.73972
G1 X182.891 Y28.498 E.01502
G1 X198.863 Y44.47 E.74428
G1 X198.535 Y44.733 E.01383
G1 X182.466 Y28.663 E.74883
G1 X182.041 Y28.828 E.01502
G1 X198.208 Y44.995 E.75339
G1 X197.881 Y45.258 E.01383
G1 X181.616 Y28.993 E.75795
G1 X181.191 Y29.158 E.01502
G1 X197.554 Y45.521 E.7625
G1 X197.227 Y45.784 E.01383
G1 X180.767 Y29.323 E.76706
G1 X180.342 Y29.489 E.01502
G1 X196.9 Y46.047 E.77162
G1 X196.573 Y46.309 E.01383
G1 X179.917 Y29.654 E.77617
G1 X179.492 Y29.819 E.01502
G1 X196.245 Y46.572 E.78073
G1 X195.918 Y46.835 E.01383
G1 X179.067 Y29.984 E.78529
G1 X178.642 Y30.149 E.01502
G1 X195.591 Y47.098 E.78984
G1 X195.264 Y47.361 E.01383
G1 X178.217 Y30.314 E.7944
G1 X177.792 Y30.479 E.01502
G1 X194.937 Y47.623 E.79896
G1 X194.61 Y47.886 E.01383
G1 X177.367 Y30.644 E.80351
G1 X176.942 Y30.809 E.01502
G1 X194.283 Y48.149 E.80807
G1 X193.955 Y48.412 E.01383
G1 X176.517 Y30.974 E.81262
G1 X176.093 Y31.139 E.01502
G1 X193.628 Y48.675 E.81718
G1 X193.301 Y48.937 E.01383
G1 X175.668 Y31.304 E.82174
G1 X175.243 Y31.469 E.01502
G1 X192.974 Y49.2 E.82629
G1 X192.647 Y49.463 E.01383
G1 X174.818 Y31.634 E.83085
G1 X174.393 Y31.799 E.01502
G1 X192.32 Y49.726 E.83541
G1 X191.993 Y49.988 E.01383
G1 X173.968 Y31.964 E.83996
G1 X173.543 Y32.129 E.01502
G1 X191.665 Y50.251 E.84452
G1 X191.338 Y50.514 E.01383
G1 X173.118 Y32.294 E.84908
G1 X172.693 Y32.459 E.01502
G1 X191.011 Y50.777 E.85363
G1 X190.684 Y51.04 E.01383
G1 X172.268 Y32.624 E.85819
G1 X171.843 Y32.789 E.01502
G1 X190.357 Y51.302 E.86275
G1 X190.03 Y51.565 E.01383
G1 X171.418 Y32.954 E.8673
G1 X170.994 Y33.119 E.01502
G1 X189.703 Y51.828 E.87186
G1 X189.376 Y52.091 E.01383
G1 X170.569 Y33.284 E.87641
G1 X170.144 Y33.449 E.01502
G1 X189.048 Y52.354 E.88097
G1 X188.721 Y52.616 E.01383
G1 X169.719 Y33.614 E.88553
G1 X169.294 Y33.779 E.01502
G1 X188.394 Y52.879 E.89008
G1 X188.067 Y53.142 E.01383
G1 X168.869 Y33.944 E.89464
G1 X168.444 Y34.109 E.01502
G1 X187.74 Y53.405 E.8992
G1 X187.413 Y53.668 E.01383
G1 X168.019 Y34.274 E.90375
G1 X167.594 Y34.439 E.01502
G1 X187.086 Y53.93 E.90831
G1 X186.758 Y54.193 E.01383
G1 X167.169 Y34.604 E.91287
G1 X166.744 Y34.769 E.01502
G1 X186.431 Y54.456 E.91742
G1 X186.104 Y54.719 E.01383
G1 X166.319 Y34.934 E.92198
G1 X165.895 Y35.099 E.01502
G1 X185.777 Y54.982 E.92654
G1 X185.45 Y55.244 E.01383
G1 X165.47 Y35.264 E.93109
G1 X165.045 Y35.429 E.01502
G1 X185.123 Y55.507 E.93565
G1 X184.796 Y55.77 E.01383
G1 X164.62 Y35.594 E.94021
G1 X164.195 Y35.759 E.01502
G1 X184.468 Y56.033 E.94476
G1 X184.141 Y56.296 E.01383
G1 X163.77 Y35.924 E.94932
G1 X163.345 Y36.089 E.01502
G1 X183.814 Y56.558 E.95387
G1 X183.487 Y56.821 E.01383
G1 X162.92 Y36.254 E.95843
G1 X162.495 Y36.419 E.01502
G1 X183.16 Y57.084 E.96299
G1 X182.833 Y57.347 E.01383
G1 X162.07 Y36.584 E.96754
G1 X161.645 Y36.749 E.01502
G1 X182.506 Y57.61 E.9721
G1 X182.178 Y57.872 E.01383
G1 X161.22 Y36.914 E.97666
G1 X160.796 Y37.079 E.01502
G1 X181.851 Y58.135 E.98121
G1 X181.524 Y58.398 E.01383
G1 X160.371 Y37.245 E.98577
G1 X159.946 Y37.41 E.01502
G1 X181.197 Y58.661 E.99033
G1 X180.87 Y58.924 E.01383
G1 X159.521 Y37.575 E.99488
G1 X159.096 Y37.74 E.01502
G1 X180.543 Y59.186 E.99944
G1 X180.216 Y59.449 E.01383
G1 X158.671 Y37.905 E1.004
G1 X158.246 Y38.07 E.01502
G1 X179.888 Y59.712 E1.00855
G1 X179.561 Y59.975 E.01383
G1 X157.821 Y38.235 E1.01311
G1 X157.396 Y38.4 E.01502
G1 X179.234 Y60.238 E1.01767
G1 X178.907 Y60.5 E.01383
G1 X156.971 Y38.565 E1.02222
G1 X156.546 Y38.73 E.01502
G1 X178.58 Y60.763 E1.02678
G1 X178.253 Y61.026 E.01383
G1 X156.122 Y38.895 E1.03133
G1 X155.697 Y39.06 E.01502
G1 X177.926 Y61.289 E1.03589
G1 X177.599 Y61.552 E.01383
G1 X155.272 Y39.225 E1.04045
G1 X154.847 Y39.39 E.01502
G1 X177.271 Y61.814 E1.045
G1 X176.944 Y62.077 E.01383
G1 X154.422 Y39.555 E1.04956
G1 X153.997 Y39.72 E.01502
G1 X176.617 Y62.34 E1.05412
G1 X176.29 Y62.603 E.01383
G1 X153.572 Y39.885 E1.05867
G1 X153.147 Y40.05 E.01502
G1 X175.963 Y62.866 E1.06323
G1 X175.636 Y63.128 E.01383
G1 X152.722 Y40.215 E1.06779
G1 X152.297 Y40.38 E.01502
G1 X175.309 Y63.391 E1.07234
G1 X174.981 Y63.654 E.01383
G1 X151.872 Y40.545 E1.0769
G1 X151.447 Y40.71 E.01502
G1 X174.654 Y63.917 E1.08146
G1 X174.327 Y64.18 E.01383
G1 X151.023 Y40.875 E1.08601
G1 X150.598 Y41.04 E.01502
G1 X174 Y64.442 E1.09057
G1 X173.673 Y64.705 E.01383
G1 X150.173 Y41.205 E1.09512
G1 X149.748 Y41.37 E.01502
G1 X173.346 Y64.968 E1.09968
G1 X173.019 Y65.231 E.01383
G1 X149.323 Y41.535 E1.10424
G1 X148.898 Y41.7 E.01502
G1 X172.691 Y65.494 E1.10879
G1 X172.364 Y65.756 E.01383
G1 X148.473 Y41.865 E1.11335
G1 X148.048 Y42.03 E.01502
G1 X172.037 Y66.019 E1.11791
G1 X171.71 Y66.282 E.01383
G1 X147.623 Y42.195 E1.12246
G1 X147.198 Y42.36 E.01502
G1 X171.383 Y66.545 E1.12702
G1 X171.056 Y66.808 E.01383
G1 X146.773 Y42.525 E1.13158
G1 X146.348 Y42.69 E.01502
G1 X170.729 Y67.07 E1.13613
G1 X170.401 Y67.333 E.01383
G1 X145.924 Y42.855 E1.14069
G1 X145.499 Y43.02 E.01502
G1 X170.074 Y67.596 E1.14525
G1 X169.747 Y67.859 E.01383
G1 X145.074 Y43.185 E1.1498
G1 X144.649 Y43.35 E.01502
G1 X169.42 Y68.122 E1.15436
G1 X169.093 Y68.384 E.01383
G1 X144.224 Y43.515 E1.15892
G1 X143.799 Y43.68 E.01502
G1 X168.766 Y68.647 E1.16347
G1 X168.439 Y68.91 E.01383
G1 X143.374 Y43.845 E1.16803
G1 X142.949 Y44.01 E.01502
G1 X168.111 Y69.173 E1.17258
G1 X167.784 Y69.436 E.01383
G1 X142.524 Y44.175 E1.17714
G1 X142.31 Y44.258 E.00756
G1 X142.071 Y44.312 E.00808
G1 X167.457 Y69.698 E1.183
G1 X167.13 Y69.961 E.01383
G1 X140.99 Y43.821 E1.21813
G1 X138.814 Y42.235 E.08876
G1 X166.803 Y70.224 E1.30432
G1 X166.476 Y70.487 E.01383
G1 X137.087 Y41.098 E1.36954
G1 X135.553 Y40.154 E.05933
G1 X166.149 Y70.75 E1.42576
G1 X165.822 Y71.012 E.01383
G1 X134.176 Y39.367 E1.47472
G1 X132.968 Y38.748 E.04472
G1 X165.494 Y71.275 E1.51577
G1 X165.167 Y71.538 E.01383
G1 X131.759 Y38.13 E1.55683
G1 X131.225 Y37.857 E.01979
G1 X130.662 Y37.622 E.02009
G1 X164.84 Y71.801 E1.59274
G1 X164.513 Y72.064 E.01383
G1 X129.652 Y37.202 E1.62456
G1 X128.642 Y36.782 E.03605
G1 X164.186 Y72.326 E1.65639
G1 X163.859 Y72.589 E.01383
G1 X127.631 Y36.362 E1.68822
G1 X126.745 Y36.065 E.03081
G1 X163.532 Y72.852 E1.71429
G1 X163.204 Y73.115 E.01383
G1 X125.869 Y35.78 E1.73985
G1 X124.994 Y35.494 E.03035
G1 X162.877 Y73.377 E1.7654
G1 X162.55 Y73.64 E.01383
G1 X124.118 Y35.208 E1.79096
G1 X123.763 Y35.092 E.0123
G1 X123.301 Y34.981 E.01567
G1 X162.223 Y73.903 E1.8138
G1 X161.896 Y74.166 E.01383
G1 X122.524 Y34.794 E1.83477
G1 X121.746 Y34.606 E.02635
G1 X161.569 Y74.429 E1.85575
G1 X161.242 Y74.691 E.01383
G1 X120.969 Y34.419 E1.87673
G1 X120.192 Y34.232 E.02635
G1 X160.914 Y74.954 E1.8977
G1 X160.587 Y75.217 E.01383
G1 X119.461 Y34.091 E1.91651
G1 X118.76 Y33.979 E.0234
G1 X160.266 Y75.486 E1.93422
G1 X160.157 Y75.598 E.00515
G1 X160.028 Y75.838 E.00898
G1 X118.058 Y33.868 E1.95583
G1 X117.357 Y33.756 E.0234
G1 X159.984 Y76.383 E1.98644
G1 X160.054 Y77.044 E.0219
G1 X116.655 Y33.645 E2.02243
G1 X115.954 Y33.534 E.02338
G1 X160.125 Y77.705 E2.0584
G1 X160.196 Y78.366 E.0219
G1 X115.314 Y33.483 E2.09156
G1 X114.673 Y33.433 E.02117
G1 X160.267 Y79.027 E2.12471
G1 X160.338 Y79.688 E.0219
G1 X114.033 Y33.382 E2.15787
G1 X113.392 Y33.331 E.02117
G1 X160.404 Y80.343 E2.19078
G1 X160.421 Y80.95 E.02001
G1 X112.752 Y33.281 E2.22143
G1 X112.111 Y33.23 E.02117
G1 X160.438 Y81.557 E2.25208
G1 X160.455 Y82.164 E.02001
G1 X111.512 Y33.221 E2.28081
G1 X110.922 Y33.221 E.01944
G1 X160.473 Y82.771 E2.3091
G1 X160.49 Y83.379 E.02001
G1 X110.332 Y33.221 E2.33739
G1 X109.742 Y33.221 E.01944
G1 X160.507 Y83.986 E2.36569
G1 X160.499 Y84.568 E.01919
G1 X109.152 Y33.221 E2.39282
G1 X108.562 Y33.221 E.01944
G1 X131.81 Y56.469 E1.08338
G1 X133.112 Y57.507 E.05485
G1 X135.579 Y59.911 E.11353
G1 X137.276 Y61.935 E.08703
G1 X160.471 Y85.13 E1.08089
G1 X160.442 Y85.691 E.01853
G1 X138.887 Y64.136 E1.00448
G1 X139.813 Y65.496 E.0542
G1 X139.998 Y65.837 E.0128
G1 X160.414 Y86.253 E.95138
G1 X160.386 Y86.814 E.01853
G1 X140.699 Y67.127 E.91741
G1 X141.399 Y68.418 E.04838
G1 X160.357 Y87.376 E.88345
G1 X160.329 Y87.937 E.01853
G1 X141.866 Y69.474 E.86037
G1 X142.295 Y70.494 E.03644
G1 X160.282 Y88.48 E.83819
G1 X160.214 Y89.002 E.01735
G1 X142.725 Y71.513 E.81502
G1 X142.818 Y71.735 E.00795
G1 X143.025 Y72.403 E.02302
G1 X160.146 Y89.524 E.79788
G1 X160.078 Y90.046 E.01735
G1 X143.288 Y73.257 E.78242
G1 X143.552 Y74.11 E.02945
G1 X160.01 Y90.568 E.76696
G1 X159.942 Y91.09 E.01735
G1 X143.816 Y74.964 E.7515
G1 X143.98 Y75.718 E.02542
G1 X159.874 Y91.612 E.7407
G1 X159.807 Y92.134 E.01735
G1 X144.13 Y76.458 E.73055
G1 X144.28 Y77.198 E.02488
G1 X159.707 Y92.625 E.71893
G1 X159.604 Y93.112 E.0164
G1 X144.43 Y77.938 E.70714
G1 X144.537 Y78.465 E.01772
G1 X144.556 Y78.653 E.00624
G1 X159.501 Y93.599 E.69649
G1 X159.398 Y94.086 E.0164
G1 X144.621 Y79.308 E.68865
G1 X144.686 Y79.964 E.0217
G1 X159.296 Y94.573 E.68081
G1 X159.193 Y95.06 E.0164
G1 X144.752 Y80.619 E.67297
G1 X144.817 Y81.274 E.0217
G1 X159.09 Y95.547 E.66512
G1 X158.987 Y96.034 E.0164
G1 X144.882 Y81.93 E.65728
G1 X144.889 Y82.526 E.01966
G1 X158.856 Y96.493 E.65086
G1 X158.721 Y96.948 E.01565
G1 X144.889 Y83.116 E.6446
G1 X144.888 Y83.706 E.01943
G1 X158.587 Y97.404 E.63834
G1 X158.452 Y97.859 E.01565
G1 X144.888 Y84.295 E.63208
G1 X144.888 Y84.885 E.01943
G1 X158.318 Y98.315 E.62583
G1 X158.183 Y98.77 E.01565
G1 X144.885 Y85.472 E.6197
G1 X144.831 Y86.008 E.01776
G1 X158.049 Y99.226 E.61593
G1 X157.914 Y99.681 E.01565
G1 X144.778 Y86.545 E.61217
G1 X144.724 Y87.081 E.01776
G1 X157.765 Y100.122 E.60771
G1 X157.601 Y100.548 E.01505
G1 X144.671 Y87.617 E.60259
G1 X144.617 Y88.154 E.01776
G1 X157.438 Y100.975 E.59748
G1 X157.275 Y101.401 E.01505
G1 X144.563 Y88.69 E.59236
G1 X144.543 Y88.896 E.00683
G1 X144.482 Y89.198 E.01016
G1 X157.111 Y101.828 E.58855
G1 X156.948 Y102.254 E.01505
G1 X144.382 Y89.689 E.58556
G1 X144.283 Y90.18 E.0165
G1 X156.784 Y102.681 E.58256
G1 X156.621 Y103.107 E.01505
G1 X144.184 Y90.67 E.57957
G1 X144.085 Y91.161 E.0165
G1 X156.457 Y103.534 E.57657
G1 X156.273 Y103.939 E.01467
G1 X143.986 Y91.652 E.57257
G1 X143.887 Y92.143 E.0165
G1 X156.082 Y104.338 E.56832
G1 X155.892 Y104.738 E.01458
G1 X143.762 Y92.608 E.56525
G1 X143.623 Y93.059 E.01554
G1 X155.701 Y105.137 E.56287
G1 X155.511 Y105.537 E.01458
G1 X143.483 Y93.509 E.56049
G1 X143.344 Y93.96 E.01554
G1 X155.32 Y105.936 E.55811
G1 X155.13 Y106.336 E.01458
G1 X143.205 Y94.411 E.55572
G1 X143.066 Y94.861 E.01554
G1 X154.94 Y106.735 E.55334
G1 X154.749 Y107.135 E.01458
G1 X142.926 Y95.312 E.55096
G1 X142.78 Y95.756 E.01539
G1 X154.538 Y107.514 E.54795
G1 X154.322 Y107.888 E.01423
G1 X142.605 Y96.171 E.54604
G1 X142.43 Y96.586 E.01484
G1 X154.106 Y108.262 E.54413
G1 X153.891 Y108.636 E.01423
G1 X142.255 Y97.001 E.54222
G1 X142.08 Y97.415 E.01484
G1 X153.675 Y109.01 E.54031
G1 X153.459 Y109.384 E.01423
G1 X141.905 Y97.83 E.5384
G1 X141.73 Y98.245 E.01484
G1 X153.243 Y109.758 E.5365
G1 X153.027 Y110.132 E.01423
G1 X141.555 Y98.66 E.53459
G1 X141.361 Y99.057 E.01453
G1 X152.811 Y110.506 E.53355
G1 X152.581 Y110.866 E.01407
G1 X141.154 Y99.439 E.53251
G1 X140.946 Y99.821 E.01433
G1 X152.34 Y111.215 E.53099
G1 X152.1 Y111.565 E.01398
G1 X140.738 Y100.203 E.52947
G1 X140.53 Y100.585 E.01433
G1 X151.86 Y111.914 E.52795
G1 X151.619 Y112.264 E.01398
G1 X140.323 Y100.967 E.52643
G1 X140.115 Y101.35 E.01433
G1 X151.379 Y112.614 E.52491
G1 X151.138 Y112.963 E.01398
G1 X139.907 Y101.732 E.52339
G1 X139.681 Y102.095 E.01411
G1 X150.898 Y113.313 E.52273
G1 X150.658 Y113.662 E.01398
G1 X139.442 Y102.446 E.52266
G1 X139.203 Y102.798 E.01399
G1 X150.413 Y114.007 E.52237
G1 X150.148 Y114.333 E.01382
G1 X138.964 Y103.149 E.5212
G1 X138.725 Y103.5 E.01399
G1 X149.884 Y114.659 E.52002
G1 X149.62 Y114.984 E.01382
G1 X138.486 Y103.851 E.51884
G1 X138.248 Y104.202 E.01399
G1 X149.356 Y115.31 E.51766
G1 X149.092 Y115.636 E.01382
G1 X138.009 Y104.553 E.51649
G1 X137.758 Y104.892 E.0139
G1 X148.828 Y115.962 E.51586
G1 X148.564 Y116.288 E.01382
G1 X137.489 Y105.213 E.51609
G1 X137.22 Y105.534 E.0138
G1 X148.299 Y116.613 E.51632
G1 X148.035 Y116.939 E.01382
G1 X136.951 Y105.855 E.51655
G1 X136.682 Y106.176 E.0138
G1 X147.755 Y117.249 E.51601
G1 X147.467 Y117.551 E.01375
G1 X136.413 Y106.497 E.51515
G1 X136.144 Y106.817 E.0138
G1 X147.18 Y117.853 E.51429
G1 X146.892 Y118.156 E.01375
G1 X135.875 Y107.138 E.51343
G1 X135.606 Y107.459 E.0138
G1 X146.605 Y118.458 E.51257
G1 X146.317 Y118.761 E.01375
G1 X135.308 Y107.751 E.51306
G1 X135.009 Y108.042 E.01375
G1 X146.03 Y119.063 E.51358
G1 X145.742 Y119.366 E.01375
G1 X134.71 Y108.334 E.5141
G1 X134.412 Y108.625 E.01375
G1 X145.455 Y119.668 E.51462
G1 X145.213 Y119.922 E.01155
G1 X145.163 Y119.967 E.0022
G1 X134.113 Y108.916 E.51497
G1 X133.814 Y109.207 E.01375
G1 X144.853 Y120.246 E.5144
G1 X144.542 Y120.525 E.01377
G1 X133.516 Y109.499 E.51384
G1 X133.217 Y109.79 E.01375
G1 X144.231 Y120.804 E.51327
G1 X143.92 Y121.083 E.01377
G1 X132.899 Y110.062 E.51362
G1 X132.57 Y110.323 E.01383
G1 X143.61 Y121.363 E.51443
G1 X143.299 Y121.642 E.01377
G1 X132.242 Y110.585 E.51524
G1 X131.914 Y110.847 E.01383
G1 X142.988 Y121.921 E.51605
G1 X142.677 Y122.2 E.01377
G1 X131.586 Y111.109 E.51686
G1 X131.258 Y111.371 E.01383
G1 X142.366 Y122.479 E.51767
G1 X142.251 Y122.583 E.00511
G1 X142.041 Y122.744 E.00872
G1 X130.93 Y111.632 E.51779
G1 X130.602 Y111.894 E.01383
G1 X141.707 Y122.999 E.51751
G1 X141.372 Y123.255 E.01387
G1 X130.261 Y112.144 E.51779
G1 X129.903 Y112.375 E.01406
G1 X141.038 Y123.511 E.51892
G1 X140.704 Y123.766 E.01387
G1 X129.544 Y112.607 E.52005
G1 X129.186 Y112.838 E.01406
G1 X140.37 Y124.022 E.52118
G1 X140.035 Y124.278 E.01387
G1 X128.827 Y113.069 E.52231
G1 X128.469 Y113.301 E.01406
G1 X139.701 Y124.533 E.52344
G1 X139.367 Y124.789 E.01387
G1 X128.11 Y113.532 E.52458
G1 X127.752 Y113.764 E.01406
G1 X139.029 Y125.041 E.52552
G1 X138.67 Y125.273 E.01406
G1 X127.389 Y113.991 E.52571
G1 X126.999 Y114.191 E.01445
G1 X138.312 Y125.504 E.5272
G1 X137.954 Y125.736 E.01406
G1 X126.609 Y114.391 E.5287
G1 X126.219 Y114.59 E.01445
G1 X137.596 Y125.968 E.53019
G1 X137.238 Y126.199 E.01406
G1 X125.828 Y114.79 E.53168
G1 X125.438 Y114.99 E.01445
G1 X136.88 Y126.431 E.53318
G1 X136.521 Y126.663 E.01406
G1 X125.048 Y115.189 E.53467
G1 X124.658 Y115.389 E.01445
G1 X136.163 Y126.895 E.53617
G1 X135.805 Y127.126 E.01406
G1 X124.261 Y115.582 E.53797
G1 X123.837 Y115.748 E.015
G1 X135.425 Y127.337 E.54002
G1 X135.042 Y127.544 E.01434
G1 X123.413 Y115.915 E.54192
G1 X122.99 Y116.081 E.015
G1 X134.659 Y127.751 E.54382
G1 X134.276 Y127.958 E.01434
G1 X122.566 Y116.247 E.54572
G1 X122.142 Y116.413 E.015
G1 X133.893 Y128.165 E.54762
G1 X133.51 Y128.372 E.01434
G1 X121.718 Y116.58 E.54952
G1 X121.295 Y116.746 E.015
G1 X133.128 Y128.579 E.55142
G1 X132.745 Y128.786 E.01434
G1 X120.848 Y116.889 E.5544
G1 X120.388 Y117.019 E.01576
G1 X132.362 Y128.993 E.558
G1 X131.961 Y129.182 E.0146
G1 X119.927 Y117.148 E.56077
G1 X119.467 Y117.278 E.01576
G1 X131.552 Y129.363 E.56317
G1 X131.144 Y129.544 E.01473
G1 X119.007 Y117.408 E.56557
G1 X118.547 Y117.537 E.01576
G1 X130.735 Y129.725 E.56797
G1 X130.326 Y129.907 E.01473
G1 X118.086 Y117.667 E.57037
G1 X117.612 Y117.783 E.01609
G1 X129.917 Y130.088 E.57343
G1 X129.509 Y130.269 E.01473
G1 X117.111 Y117.871 E.57774
G1 X116.609 Y117.96 E.01678
G1 X129.1 Y130.45 E.58206
G1 X128.691 Y130.631 E.01473
G1 X116.108 Y118.048 E.58638
G1 X115.607 Y118.137 E.01678
G1 X128.315 Y130.846 E.59223
G1 X128.12 Y131.072 E.00986
G1 X128.066 Y131.186 E.00415
G1 X115.105 Y118.225 E.60396
G1 X114.604 Y118.314 E.01678
G1 X127.96 Y131.67 E.62241
G1 X127.881 Y132.181 E.01704
G1 X114.079 Y118.379 E.64319
G1 X113.53 Y118.42 E.01813
G1 X127.802 Y132.692 E.66508
G1 X127.723 Y133.203 E.01704
G1 X112.982 Y118.462 E.68698
G1 X112.433 Y118.503 E.01813
G1 X127.645 Y133.714 E.70887
G1 X127.566 Y134.226 E.01704
G1 X111.884 Y118.544 E.73077
G1 X111.335 Y118.585 E.01813
G1 X127.487 Y134.737 E.75267
G1 X127.408 Y135.248 E.01704
G1 X110.778 Y118.618 E.77497
G1 X110.173 Y118.603 E.01994
G1 X127.329 Y135.759 E.79949
G1 X127.25 Y136.27 E.01704
G1 X109.568 Y118.587 E.82401
G1 X108.963 Y118.572 E.01994
G1 X127.171 Y136.781 E.84852
G1 X127.092 Y137.292 E.01704
G1 X108.358 Y118.557 E.87304
G1 X107.753 Y118.542 E.01994
G1 X127.013 Y137.803 E.89756
G1 X126.935 Y138.314 E.01704
G1 X107.12 Y118.5 E.92336
G1 X106.446 Y118.415 E.0224
G1 X126.856 Y138.825 E.95112
G1 X126.777 Y139.336 E.01704
G1 X105.771 Y118.33 E.97888
G1 X105.096 Y118.246 E.0224
G1 X126.698 Y139.847 E1.00664
G1 X126.619 Y140.358 E.01704
G1 X104.422 Y118.161 E1.0344
G1 X103.927 Y118.099 E.01643
G1 X103.723 Y118.052 E.00689
G1 X126.54 Y140.869 E1.06328
G1 X126.461 Y141.38 E.01704
G1 X102.958 Y117.877 E1.09524
G1 X102.194 Y117.703 E.02585
G1 X126.382 Y141.891 E1.12721
G1 X126.303 Y142.402 E.01704
G1 X101.429 Y117.528 E1.15917
G1 X100.664 Y117.353 E.02585
G1 X126.225 Y142.913 E1.19113
G1 X126.146 Y143.424 E.01704
G1 X99.798 Y117.076 E1.22783
G1 X98.909 Y116.777 E.0309
G1 X126.067 Y143.935 E1.26558
G1 X125.988 Y144.446 E.01704
G1 X98.02 Y116.479 E1.30332
G1 X97.244 Y116.218 E.02697
G1 X97.108 Y116.156 E.00494
G1 X125.909 Y144.957 E1.34217
G1 X125.83 Y145.469 E.01704
G1 X96.033 Y115.671 E1.38857
G1 X94.958 Y115.187 E.03885
G1 X125.751 Y145.98 E1.43498
G1 X125.672 Y146.491 E.01704
G1 X93.831 Y114.649 E1.48385
G1 X92.436 Y113.844 E.05307
G1 X125.593 Y147.002 E1.54518
G1 X125.514 Y147.513 E.01704
G1 X90.213 Y112.211 E1.64509
G1 E-.84 F2400
;WIPE_START
G1 F4800
G1 X90.92 Y112.918 E-.36
;WIPE_END
G1 F9000
G1 X91.3538 Y112.529 Z0.230769
G1 X91.9186 Y112.387 Z0.261538
G1 X92.4849 Y112.524 Z0.292308
G1 X92.9229 Y112.908 Z0.323077
G1 X93.1323 Y113.451 Z0.353846
G1 X93.0651 Y114.03 Z0.384615
G1 X92.7367 Y114.511 Z0.415385
G1 X92.2224 Y114.784 Z0.446154
G1 X91.6399 Y114.787 Z0.476923
G1 X91.1228 Y114.519 Z0.507692
G1 X90.7894 Y114.042 Z0.538462
G1 X90.7161 Y113.464 Z0.569231
G1 X90.9198 Y112.918 Z0.6
G1 X130.168 Y55.416 Z.6
G1 Z.2
G1 E1.2 F1800
G1 F4800
G1 X107.975 Y33.223 E1.03421
G1 X107.428 Y33.267 E.01807
G1 X127.871 Y53.709 E.95265
G1 X127.475 Y53.454 E.01553
G1 X126.553 Y52.982 E.03412
G1 X106.881 Y33.31 E.91673
G1 X106.335 Y33.353 E.01807
G1 X125.344 Y52.363 E.88587
G1 X124.328 Y51.843 E.03761
G1 X124.173 Y51.782 E.00548
G1 X105.788 Y33.396 E.85679
G1 X105.241 Y33.439 E.01807
G1 X123.203 Y51.401 E.83704
G1 X122.233 Y51.021 E.03434
G1 X104.694 Y33.483 E.8173
G1 X104.148 Y33.526 E.01807
G1 X121.262 Y50.641 E.79756
G1 X120.421 Y50.389 E.02894
G1 X103.631 Y33.599 E.78242
G1 X103.122 Y33.68 E.01698
G1 X119.6 Y50.158 E.76786
G1 X118.778 Y49.926 E.02812
G1 X102.613 Y33.761 E.7533
G1 X102.104 Y33.842 E.01698
G1 X117.957 Y49.695 E.73874
G1 X117.793 Y49.648 E.0056
G1 X117.22 Y49.547 E.01919
G1 X101.595 Y33.923 E.72811
G1 X101.086 Y34.004 E.01698
G1 X116.503 Y49.421 E.71845
G1 X115.787 Y49.295 E.02396
G1 X100.577 Y34.085 E.7088
G1 X100.071 Y34.168 E.01691
G1 X115.071 Y49.169 E.69902
G1 X114.355 Y49.042 E.02396
G1 X99.595 Y34.283 E.6878
G1 X99.12 Y34.398 E.01611
G1 X113.714 Y48.992 E.6801
G1 X113.077 Y48.945 E.02105
G1 X98.645 Y34.512 E.67257
G1 X98.169 Y34.627 E.01611
G1 X112.44 Y48.898 E.66504
G1 X111.803 Y48.851 E.02105
G1 X97.694 Y34.741 E.65751
G1 X97.219 Y34.856 E.01611
G1 X111.166 Y48.804 E.64997
G1 X110.83 Y48.779 E.0111
G1 X110.558 Y48.786 E.00897
G1 X96.743 Y34.97 E.6438
G1 X96.268 Y35.085 E.01611
G1 X109.983 Y48.8 E.63914
G1 X109.408 Y48.815 E.01897
G1 X95.821 Y35.228 E.63315
G1 X95.376 Y35.373 E.01542
G1 X108.832 Y48.829 E.62706
G1 X108.257 Y48.844 E.01897
G1 X94.931 Y35.518 E.62098
G1 X94.487 Y35.663 E.01542
G1 X107.681 Y48.858 E.61489
G1 X107.42 Y48.865 E.00862
G1 X107.134 Y48.901 E.0095
G1 X94.042 Y35.809 E.6101
G1 X93.597 Y35.954 E.01542
G1 X106.609 Y48.966 E.60637
G1 X106.084 Y49.031 E.01742
G1 X93.152 Y36.099 E.60265
G1 X92.707 Y36.244 E.01542
G1 X105.56 Y49.096 E.59893
G1 X105.035 Y49.162 E.01742
G1 X92.274 Y36.401 E.59465
G1 X91.858 Y36.574 E.01487
G1 X104.51 Y49.227 E.58961
G1 X103.986 Y49.292 E.01742
G1 X91.441 Y36.748 E.58458
G1 X91.025 Y36.921 E.01487
G1 X103.501 Y49.398 E.58144
G1 X103.021 Y49.508 E.01623
G1 X90.608 Y37.094 E.57847
G1 X90.191 Y37.268 E.01487
G1 X102.541 Y49.617 E.57551
G1 X102.061 Y49.727 E.01623
G1 X89.775 Y37.441 E.57255
G1 X89.358 Y37.614 E.01487
G1 X101.581 Y49.837 E.56958
G1 X101.1 Y49.946 E.01623
G1 X88.941 Y37.787 E.56662
G1 X88.541 Y37.977 E.0146
G1 X100.62 Y50.056 E.56292
G1 X100.171 Y50.197 E.01551
G1 X88.15 Y38.176 E.56016
G1 X87.76 Y38.376 E.01444
G1 X99.73 Y50.345 E.55779
G1 X99.288 Y50.494 E.01534
G1 X87.37 Y38.576 E.55541
G1 X86.98 Y38.775 E.01444
G1 X98.847 Y50.643 E.55303
G1 X98.406 Y50.792 E.01534
G1 X86.589 Y38.975 E.55065
G1 X86.199 Y39.175 E.01444
G1 X97.965 Y50.94 E.54827
G1 X97.523 Y51.089 E.01534
G1 X85.809 Y39.375 E.54589
G1 X85.419 Y39.574 E.01444
G1 X97.092 Y51.247 E.54397
G1 X96.685 Y51.431 E.01469
G1 X85.042 Y39.787 E.54261
G1 X84.676 Y40.012 E.01413
G1 X96.279 Y51.614 E.54069
G1 X95.872 Y51.798 E.01469
G1 X84.311 Y40.237 E.53876
G1 X83.946 Y40.461 E.01413
G1 X95.466 Y51.981 E.53684
G1 X95.06 Y52.165 E.01469
G1 X83.581 Y40.686 E.53491
G1 X83.216 Y40.911 E.01413
G1 X94.653 Y52.348 E.53298
G1 X94.247 Y52.532 E.01469
G1 X82.851 Y41.136 E.53106
G1 X82.486 Y41.361 E.01413
G1 X93.859 Y52.734 E.53001
G1 X93.485 Y52.95 E.01423
G1 X82.12 Y41.585 E.52959
G1 X81.761 Y41.816 E.01407
G1 X93.111 Y53.166 E.52891
G1 X92.736 Y53.381 E.01423
G1 X81.42 Y42.065 E.52737
G1 X81.079 Y42.313 E.01391
G1 X92.362 Y53.597 E.52583
G1 X91.988 Y53.813 E.01423
G1 X80.737 Y42.562 E.52429
G1 X80.396 Y42.811 E.01391
G1 X91.614 Y54.029 E.52276
G1 X91.24 Y54.244 E.01423
G1 X80.055 Y43.059 E.52122
G1 X79.714 Y43.308 E.01391
G1 X90.883 Y54.477 E.52048
G1 X90.539 Y54.724 E.01393
G1 X79.373 Y43.557 E.52038
G1 X79.031 Y43.806 E.01391
G1 X90.196 Y54.97 E.52028
G1 X89.853 Y55.217 E.01393
G1 X78.69 Y44.054 E.52019
G1 X78.511 Y44.185 E.0073
G1 X78.312 Y44.266 E.00709
G1 X89.51 Y55.464 E.5218
G1 X89.166 Y55.711 E.01393
G1 X77.722 Y44.266 E.53334
G1 X76.765 Y43.9 E.03374
G1 X88.823 Y55.957 E.5619
G1 X88.48 Y56.204 E.01393
G1 X75.801 Y43.525 E.59085
G1 X74.836 Y43.15 E.0341
G1 X88.143 Y56.457 E.62009
G1 X87.829 Y56.733 E.01377
G1 X73.872 Y42.776 E.65043
G1 X72.907 Y42.401 E.0341
G1 X87.516 Y57.01 E.68078
G1 X87.203 Y57.287 E.01377
G1 X71.943 Y42.027 E.71113
G1 X70.978 Y41.652 E.0341
G1 X86.889 Y57.563 E.74147
G1 X86.576 Y57.84 E.01377
G1 X70.014 Y41.277 E.77182
G1 X69.049 Y40.903 E.0341
G1 X86.263 Y58.116 E.80216
G1 X85.949 Y58.393 E.01377
G1 X68.085 Y40.528 E.83251
G1 X67.12 Y40.154 E.0341
G1 X85.636 Y58.67 E.86285
G1 X85.35 Y58.973 E.01375
G1 X66.156 Y39.779 E.89446
G1 X65.191 Y39.405 E.0341
G1 X85.066 Y59.279 E.92617
G1 X84.782 Y59.585 E.01376
G1 X64.227 Y39.03 E.95789
G1 X63.262 Y38.655 E.0341
G1 X84.498 Y59.891 E.98961
G1 X84.214 Y60.197 E.01376
G1 X62.298 Y38.281 E1.02132
G1 X61.333 Y37.906 E.0341
G1 X83.93 Y60.503 E1.05304
G1 X83.646 Y60.809 E.01376
G1 X60.369 Y37.532 E1.08476
G1 X59.404 Y37.157 E.0341
G1 X83.362 Y61.115 E1.11648
G1 X83.095 Y61.438 E.01381
G1 X58.44 Y36.782 E1.14897
G1 X57.475 Y36.408 E.0341
G1 X82.841 Y61.774 E1.18207
G1 X82.587 Y62.109 E.01388
G1 X56.51 Y36.033 E1.21517
G1 X55.546 Y35.659 E.0341
G1 X82.333 Y62.445 E1.24827
G1 X82.078 Y62.781 E.01388
G1 X54.581 Y35.284 E1.28138
G1 X53.617 Y34.91 E.0341
G1 X81.824 Y63.117 E1.31448
G1 X81.57 Y63.452 E.01388
G1 X52.652 Y34.535 E1.34758
G1 X51.688 Y34.16 E.0341
G1 X81.316 Y63.788 E1.38068
G1 X81.07 Y64.133 E.01394
G1 X50.723 Y33.786 E1.41418
G1 X49.759 Y33.411 E.0341
G1 X80.846 Y64.499 E1.44871
G1 X80.623 Y64.865 E.01414
G1 X48.794 Y33.037 E1.48323
G1 X47.83 Y32.662 E.0341
G1 X80.399 Y65.231 E1.51776
G1 X80.176 Y65.598 E.01414
G1 X46.865 Y32.287 E1.55228
G1 X45.901 Y31.913 E.0341
G1 X79.952 Y65.964 E1.58681
G1 X79.728 Y66.33 E.01414
G1 X44.936 Y31.538 E1.62133
G1 X43.972 Y31.164 E.0341
G1 X79.505 Y66.697 E1.65586
G1 X79.286 Y67.068 E.0142
G1 X43.007 Y30.789 E1.69062
G1 X42.043 Y30.414 E.0341
G1 X79.094 Y67.466 E1.72664
G1 X78.903 Y67.865 E.01457
G1 X41.078 Y30.04 E1.76266
G1 X40.114 Y29.665 E.0341
G1 X78.711 Y68.263 E1.79868
G1 X78.52 Y68.661 E.01457
G1 X39.149 Y29.291 E1.8347
G1 X38.185 Y28.916 E.0341
G1 X78.328 Y69.06 E1.87072
G1 X78.137 Y69.458 E.01457
G1 X37.22 Y28.542 E1.90674
G1 X36.256 Y28.167 E.0341
G1 X77.945 Y69.856 E1.94276
G1 X77.763 Y70.264 E.01471
G1 X35.291 Y27.792 E1.9792
G1 X34.327 Y27.418 E.0341
G1 X77.605 Y70.696 E2.01681
G1 X77.448 Y71.129 E.01517
G1 X33.362 Y27.043 E2.05443
G1 X32.397 Y26.669 E.0341
G1 X77.29 Y71.561 E2.09204
G1 X77.133 Y71.994 E.01517
G1 X31.433 Y26.294 E2.12965
G1 X30.468 Y25.919 E.0341
G1 X76.975 Y72.426 E2.16726
G1 X76.818 Y72.859 E.01517
G1 X29.504 Y25.545 E2.20487
G1 X28.539 Y25.17 E.0341
G1 X76.661 Y73.291 E2.24248
G1 X76.532 Y73.753 E.01579
G1 X27.575 Y24.796 E2.28145
G1 X26.61 Y24.421 E.0341
G1 X76.412 Y74.223 E2.32081
G1 X76.292 Y74.693 E.01598
G1 X25.646 Y24.047 E2.36017
G1 X24.681 Y23.672 E.0341
G1 X76.173 Y75.163 E2.39953
G1 X76.053 Y75.633 E.01598
G1 X23.717 Y23.297 E2.43889
G1 X22.752 Y22.923 E.0341
G1 X75.933 Y76.103 E2.47825
G1 X75.813 Y76.573 E.01598
G1 X21.845 Y22.606 E2.51494
G1 X21.015 Y22.365 E.02849
G1 X75.718 Y77.068 E2.54921
G1 X75.64 Y77.581 E.01708
G1 X20.275 Y22.216 E2.58006
G1 X19.616 Y22.146 E.02184
G1 X75.563 Y78.093 E2.60717
G1 X75.486 Y78.606 E.01708
G1 X18.97 Y22.091 E2.63365
G1 X18.421 Y22.131 E.01817
G1 X75.408 Y79.118 E2.65567
G1 X75.331 Y79.631 E.01708
G1 X17.871 Y22.171 E2.67769
G1 X17.447 Y22.201 E.01398
G1 X17.339 Y22.229 E.00369
G1 X75.253 Y80.143 E2.69885
G1 X75.219 Y80.699 E.01833
G1 X16.869 Y22.349 E2.71914
G1 X16.399 Y22.469 E.01598
G1 X75.19 Y81.26 E2.73972
G1 X75.162 Y81.822 E.01853
G1 X15.929 Y22.589 E2.76031
G1 X15.52 Y22.77 E.01474
G1 X75.134 Y82.384 E2.77806
G1 X75.106 Y82.945 E.01853
G1 X15.114 Y22.954 E2.79564
G1 X14.709 Y23.138 E.01468
G1 X75.077 Y83.507 E2.81322
G1 X75.069 Y83.676 E.00557
G1 X75.091 Y84.11 E.01433
G1 X14.324 Y23.343 E2.83178
G1 X13.975 Y23.584 E.01397
G1 X19.141 Y28.751 E.24076
G1 X18.824 Y28.72 E.0105
G1 X18.558 Y28.757 E.00885
G1 X13.626 Y23.825 E.22985
G1 X13.277 Y24.066 E.01397
G1 X18.086 Y28.875 E.2241
G1 X17.809 Y28.984 E.0098
G1 X17.677 Y29.056 E.00496
G1 X12.959 Y24.339 E.21984
G1 X12.663 Y24.632 E.01375
G1 X17.341 Y29.311 E.21801
G1 X17.211 Y29.413 E.00544
G1 X17.056 Y29.615 E.00841
G1 X12.367 Y24.926 E.21851
G1 X12.071 Y25.22 E.01375
G1 X16.809 Y29.958 E.22081
G1 X16.631 Y30.37 E.01479
G1 X11.816 Y25.555 E.22442
G1 X11.572 Y25.901 E.01395
G1 X16.539 Y30.868 E.23147
G1 X16.512 Y31.11 E.008
G1 X16.563 Y31.482 E.01239
G1 X11.194 Y26.113 E.25021
G1 E-.84 F2400
;WIPE_START
G1 F4800
G1 X11.901 Y26.82 E-.36
;WIPE_END
G1 F9000
G1 X12.3692 Y27.1669 Z0.230769
G1 X12.6224 Y27.6915 Z0.261538
G1 X12.6028 Y28.2736 Z0.292308
G1 X12.315 Y28.78 Z0.323077
G1 X11.8248 Y29.0946 Z0.353846
G1 X11.2445 Y29.1454 Z0.384615
G1 X10.7071 Y28.9206 Z0.415385
G1 X10.3357 Y28.4719 Z0.446154
G1 X10.2154 Y27.902 Z0.476923
G1 X10.3737 Y27.3415 Z0.507692
G1 X10.7744 Y26.9187 Z0.538462
G1 X11.3256 Y26.7305 Z0.569231
G1 X11.9012 Y26.8201 Z0.6
G1 X21.027 Y30.636 Z.6
G1 Z.2
G1 E1.2 F1800
G1 F4800
G1 X75.122 Y84.731 E2.52086
G1 X75.153 Y85.352 E.02049
G1 X21.235 Y31.434 E2.51261
G1 X21.203 Y31.685 E.00832
G1 X21.117 Y31.907 E.00784
G1 X75.184 Y85.973 E2.51954
G1 X75.215 Y86.594 E.02049
G1 X20.935 Y32.314 E2.52949
G1 X20.681 Y32.65 E.01388
G1 X75.247 Y87.216 E2.5428
G1 X75.352 Y87.911 E.02317
G1 X20.38 Y32.94 E2.56172
G1 X20.09 Y33.16 E.01201
G1 X20.035 Y33.184 E.00199
G1 X75.457 Y88.606 E2.58273
G1 X75.562 Y89.301 E.02317
G1 X19.623 Y33.362 E2.60682
G1 X19.396 Y33.423 E.00774
G1 X19.126 Y33.455 E.00897
G1 X75.668 Y89.997 E2.63489
G1 X75.78 Y90.699 E.02345
G1 X18.28 Y33.199 E2.67957
G1 E-.84 F2400
;WIPE_START
G1 F4800
G1 X18.987 Y33.906 E-.36
;WIPE_END
G1 F9000
G1 X18.6669 Y33.4193 Z0.230769
G1 X18.6096 Y32.8396 Z0.261538
G1 X18.8283 Y32.2998 Z0.292308
G1 X19.2728 Y31.9233 Z0.323077
G1 X19.8413 Y31.7966 Z0.353846
G1 X20.4036 Y31.9486 Z0.384615
G1 X20.8308 Y32.3445 Z0.415385
G1 X21.0252 Y32.8936 Z0.446154
G1 X20.9421 Y33.4701 Z0.476923
G1 X20.6006 Y33.942 Z0.507692
G1 X20.0789 Y34.2011 Z0.538462
G1 X19.4966 Y34.1881 Z0.569231
G1 X18.987 Y33.9059 Z0.6
G1 X10.951 Y26.46 Z.6
G1 Z.2
G1 E1.2 F1800
G1 F4800
G1 X75.982 Y91.491 E3.03052
G1 X76.184 Y92.283 E.02693
G1 X60.028 Y76.127 E.75288
G1 X60.005 Y75.93 E.00654
G1 X59.887 Y75.659 E.00974
G1 X59.69 Y75.44 E.00969
G1 X57.916 Y74.014 E.07502
G1 X10.899 Y26.997 E2.19103
G1 X10.711 Y27.4 E.01463
G1 X54.916 Y71.605 E2.05997
G1 X51.917 Y69.195 E.12678
G1 X10.524 Y27.803 E1.92891
G1 X10.415 Y28.039 E.00857
G1 X10.364 Y28.232 E.0066
G1 X48.917 Y66.786 E1.79662
G1 X45.918 Y64.376 E.12678
G1 X10.241 Y28.699 E1.66257
G1 X10.118 Y29.166 E.01591
G1 X42.918 Y61.967 E1.52853
G1 X39.919 Y59.557 E.12678
G1 X10.003 Y29.642 E1.39408
G1 X9.959 Y30.187 E.01805
G1 X36.919 Y57.147 E1.25636
G1 X33.92 Y54.738 E.12678
G1 X9.915 Y30.733 E1.11863
G1 X9.88 Y31.172 E.01449
G1 X9.892 Y31.3 E.00426
G1 X30.92 Y52.328 E.97992
G1 X27.921 Y49.919 E.12678
G1 X9.955 Y31.954 E.83719
G1 X10.019 Y32.607 E.02163
G1 X24.921 Y47.509 E.69446
G1 X21.922 Y45.1 E.12678
G1 X10.215 Y33.393 E.54552
G1 X10.441 Y34.209 E.02791
G1 X18.922 Y42.69 E.3952
G1 X15.923 Y40.28 E.12678
G1 X10.556 Y34.914 E.25009
G1 E-.84 F2400
;WIPE_START
G1 F4800
G1 X11.263 Y35.621 E-.36
;WIPE_END
G1 F9000
G1 X11.6058 Y36.0918 Z0.230769
G1 X11.6905 Y36.6681 Z0.261538
G1 X11.4977 Y37.2177 Z0.292308
G1 X11.0716 Y37.6148 Z0.323077
G1 X10.5097 Y37.7684 Z0.353846
G1 X9.94084 Y37.6433 Z0.384615
G1 X9.49528 Y37.2681 Z0.415385
G1 X9.27511 Y36.7288 Z0.446154
G1 X9.33076 Y36.149 Z0.476923
G1 X9.6495 Y35.6615 Z0.507692
G1 X10.1583 Y35.3779 Z0.538462
G1 X10.7406 Y35.3633 Z0.569231
G1 X11.263 Y35.6209 Z0.6
G1 X59.813 Y76.501 Z.6
G1 Z.2
G1 E1.2 F1800
G1 F4800
G1 X76.386 Y93.075 E.77234
G1 X76.588 Y93.867 E.02693
G1 X59.926 Y77.205 E.77646
G1 X59.869 Y77.738 E.01766
G1 X76.902 Y94.771 E.79375
G1 X77.239 Y95.698 E.03249
G1 X59.812 Y78.271 E.8121
G1 X59.756 Y78.804 E.01766
G1 X77.576 Y96.625 E.83045
G1 X77.794 Y97.225 E.02106
G1 X77.987 Y97.625 E.01462
G1 X59.699 Y79.337 E.85223
G1 X59.642 Y79.87 E.01766
G1 X78.533 Y98.761 E.88034
G1 X79.079 Y99.897 E.04154
G1 X59.594 Y80.412 E.90801
G1 X59.578 Y80.986 E.01891
G1 X79.834 Y101.242 E.94392
G1 X80.76 Y102.758 E.05855
G1 X59.562 Y81.56 E.98785
G1 X59.545 Y82.134 E.01891
G1 X82.228 Y104.816 E1.05703
G1 X83.229 Y106.139 E.05466
G1 X85.615 Y108.711 E.11559
G1 X88.238 Y111.024 E.11524
G1 X88.939 Y111.527 E.02844
G1 X125.436 Y148.024 E1.70077
G1 X125.357 Y148.535 E.01704
G1 X59.529 Y82.707 E3.06761
G1 X59.513 Y83.281 E.01891
G1 X125.278 Y149.046 E3.06469
G1 X125.199 Y149.557 E.01704
G1 X59.497 Y83.855 E3.06177
G1 X59.494 Y84.442 E.01936
G1 X125.12 Y150.068 E3.05821
G1 X125.041 Y150.579 E.01704
G1 X59.526 Y85.064 E3.05306
G1 X59.557 Y85.685 E.0205
G1 X124.962 Y151.09 E3.04792
G1 X124.883 Y151.601 E.01704
G1 X59.589 Y86.306 E3.04278
G1 X59.62 Y86.928 E.0205
G1 X124.804 Y152.112 E3.03764
G1 X124.726 Y152.623 E.01704
G1 X59.652 Y87.549 E3.03249
G1 X59.683 Y88.171 E.0205
G1 X124.647 Y153.134 E3.02735
G1 X124.568 Y153.645 E.01704
G1 X59.765 Y88.842 E3.01986
G1 X59.853 Y89.521 E.02254
G1 X124.489 Y154.156 E3.01207
G1 X124.41 Y154.667 E.01704
G1 X59.942 Y90.199 E3.00428
G1 X60.03 Y90.877 E.02254
G1 X124.331 Y155.178 E2.99649
G1 X124.252 Y155.689 E.01704
G1 X60.118 Y91.555 E2.9887
G1 X60.211 Y92.238 E.02271
G1 X124.173 Y156.2 E2.98069
G1 X124.094 Y156.711 E.01704
G1 X60.369 Y92.986 E2.96965
G1 X60.527 Y93.734 E.02519
G1 X124.016 Y157.223 E2.95861
G1 X123.937 Y157.734 E.01704
G1 X60.685 Y94.482 E2.94757
G1 X60.843 Y95.23 E.02519
G1 X123.858 Y158.245 E2.93652
G1 X123.779 Y158.756 E.01704
G1 X61.001 Y95.978 E2.92548
G1 X61.236 Y96.803 E.02825
G1 X123.7 Y159.267 E2.91087
G1 X123.621 Y159.778 E.01704
G1 X61.483 Y97.64 E2.89568
G1 X61.73 Y98.477 E.02876
G1 X123.542 Y160.289 E2.88049
G1 X123.463 Y160.8 E.01704
G1 X61.977 Y99.314 E2.86529
G1 X62.151 Y99.902 E.02022
G1 X62.26 Y100.186 E.01003
G1 X123.384 Y161.311 E2.84845
G1 X123.306 Y161.822 E.01704
G1 X62.626 Y101.143 E2.82769
G1 X62.993 Y102.099 E.03375
G1 X123.227 Y162.333 E2.80694
G1 X123.148 Y162.844 E.01704
G1 X92.052 Y131.748 E1.44909
G1 X91.962 Y131.251 E.01664
G1 X91.902 Y131.112 E.00498
G1 X91.789 Y130.944 E.0067
G1 X91.692 Y130.845 E.00457
G1 X91.522 Y130.726 E.00684
G1 X90.638 Y130.334 E.03188
G1 X63.359 Y103.056 E1.27118
G1 X63.576 Y103.62 E.01992
G1 X63.796 Y104.082 E.01685
G1 X89.578 Y129.864 E1.20146
G1 X88.518 Y129.394 E.0382
G1 X64.333 Y105.209 E1.12705
G1 X64.87 Y106.336 E.04114
G1 X87.395 Y128.861 E1.04968
G1 X86.111 Y128.167 E.0481
G1 X65.467 Y107.523 E.96203
G1 X66.273 Y108.919 E.05311
G1 X84.827 Y127.473 E.86464
G1 X84.24 Y127.156 E.02197
G1 X83.332 Y126.568 E.03563
G1 X67.078 Y110.314 E.75745
G1 X67.28 Y110.663 E.01326
G1 X68.254 Y112.08 E.05669
G1 X81.661 Y125.487 E.62477
G1 X80.911 Y125.002 E.02944
G1 X79.528 Y123.944 E.05739
G1 X69.571 Y113.986 E.46402
G1 X72.043 Y117.036 E.12939
G1 X78.023 Y123.029 E.27897
G1 E-.84 F2400
;WIPE_START
G1 F4800
G1 X77.317 Y122.321 E-.36
;WIPE_END
G1 F9000
G1 X77.7071 Y122.754 Z0.230769
G1 X77.8515 Y123.318 Z0.261538
G1 X77.7171 Y123.885 Z0.292308
G1 X77.3347 Y124.324 Z0.323077
G1 X76.7919 Y124.536 Z0.353846
G1 X76.2131 Y124.47 Z0.384615
G1 X75.7308 Y124.144 Z0.415385
G1 X75.4556 Y123.63 Z0.446154
G1 X75.4504 Y123.048 Z0.476923
G1 X75.7165 Y122.53 Z0.507692
G1 X76.193 Y122.195 Z0.538462
G1 X76.7705 Y122.119 Z0.569231
G1 X77.317 Y122.321 Z0.6
G1 X91.935 Y132.221 Z.6
G1 Z.2
G1 E1.2 F1800
G1 F4800
G1 X123.069 Y163.355 E1.45086
G1 X122.99 Y163.866 E.01704
G1 X92.267 Y133.143 E1.4317
G1 X92.375 Y133.841 E.02326
G1 X122.911 Y164.377 E1.42301
G1 X122.832 Y164.888 E.01704
G1 X92.483 Y134.539 E1.41431
G1 X92.59 Y135.236 E.02326
G1 X122.753 Y165.399 E1.40561
G1 X122.674 Y165.91 E.01704
G1 X92.698 Y135.934 E1.39692
G1 X92.806 Y136.632 E.02326
G1 X122.595 Y166.421 E1.38822
G1 X122.517 Y166.932 E.01704
G1 X92.913 Y137.329 E1.37953
G1 X93.021 Y138.027 E.02326
G1 X122.438 Y167.443 E1.37083
G1 X122.359 Y167.954 E.01704
G1 X93.129 Y138.724 E1.36214
G1 X93.237 Y139.422 E.02326
G1 X122.28 Y168.466 E1.35344
G1 X122.201 Y168.977 E.01704
G1 X93.344 Y140.12 E1.34475
G1 X93.452 Y140.817 E.02326
G1 X122.122 Y169.488 E1.33605
G1 X122.043 Y169.999 E.01704
G1 X93.56 Y141.515 E1.32736
G1 X93.667 Y142.213 E.02326
G1 X121.964 Y170.51 E1.31866
G1 X121.885 Y171.021 E.01704
G1 X93.775 Y142.91 E1.30997
G1 X93.883 Y143.608 E.02326
G1 X121.807 Y171.532 E1.30127
G1 X121.728 Y172.043 E.01704
G1 X93.99 Y144.306 E1.29258
G1 X94.098 Y145.003 E.02326
G1 X121.649 Y172.554 E1.28388
G1 X121.57 Y173.065 E.01704
G1 X94.206 Y145.701 E1.27519
G1 X94.313 Y146.398 E.02326
G1 X121.491 Y173.576 E1.26649
G1 X121.412 Y174.087 E.01704
G1 X94.421 Y147.096 E1.2578
G1 X94.529 Y147.794 E.02326
G1 X121.333 Y174.598 E1.2491
G1 X121.254 Y175.109 E.01704
G1 X94.637 Y148.491 E1.24041
G1 X94.744 Y149.189 E.02326
G1 X121.175 Y175.62 E1.23171
G1 X121.097 Y176.131 E.01704
G1 X94.852 Y149.887 E1.22302
G1 X94.96 Y150.584 E.02326
G1 X121.018 Y176.642 E1.21432
G1 X120.939 Y177.153 E.01704
G1 X95.067 Y151.282 E1.20563
G1 X95.175 Y151.979 E.02326
G1 X120.86 Y177.664 E1.19693
G1 X120.781 Y178.175 E.01704
G1 X95.283 Y152.677 E1.18824
G1 X95.39 Y153.375 E.02326
G1 X120.702 Y178.686 E1.17954
G1 X120.623 Y179.197 E.01704
G1 X95.498 Y154.072 E1.17085
G1 X95.606 Y154.77 E.02326
G1 X120.544 Y179.708 E1.16215
G1 X120.465 Y180.22 E.01704
G1 X95.714 Y155.468 E1.15346
G1 X95.821 Y156.165 E.02326
G1 X120.387 Y180.731 E1.14476
G1 X120.308 Y181.242 E.01704
G1 X95.929 Y156.863 E1.13607
G1 X96.037 Y157.561 E.02326
G1 X120.229 Y181.753 E1.12737
G1 X120.15 Y182.264 E.01704
G1 X96.144 Y158.258 E1.11868
G1 X96.252 Y158.956 E.02326
G1 X120.071 Y182.775 E1.10998
G1 X119.992 Y183.286 E.01704
G1 X96.36 Y159.653 E1.10128
G1 X96.467 Y160.351 E.02326
G1 X119.913 Y183.797 E1.09259
G1 X119.834 Y184.308 E.01704
G1 X96.575 Y161.049 E1.08389
G1 X96.683 Y161.746 E.02326
G1 X119.755 Y184.819 E1.0752
G1 X119.676 Y185.33 E.01704
G1 X96.791 Y162.444 E1.0665
G1 X96.898 Y163.142 E.02326
G1 X119.598 Y185.841 E1.05781
G1 X119.519 Y186.352 E.01704
G1 X97.006 Y163.839 E1.04911
G1 X97.114 Y164.537 E.02326
G1 X119.44 Y186.863 E1.04042
G1 X119.361 Y187.374 E.01704
G1 X97.221 Y165.235 E1.03172
G1 X97.329 Y165.932 E.02326
G1 X119.282 Y187.885 E1.02303
G1 X119.203 Y188.396 E.01704
G1 X97.437 Y166.63 E1.01433
G1 X97.544 Y167.327 E.02326
G1 X119.124 Y188.907 E1.00564
G1 X119.045 Y189.418 E.01704
G1 X97.652 Y168.025 E.99694
G1 X97.76 Y168.723 E.02326
G1 X118.966 Y189.929 E.98825
G1 X118.872 Y190.425 E.01663
G1 X97.867 Y169.42 E.97884
G1 X97.975 Y170.118 E.02326
G1 X118.755 Y190.898 E.96838
G1 X118.639 Y191.372 E.01606
G1 X98.083 Y170.816 E.95792
G1 X98.191 Y171.513 E.02326
G1 X118.519 Y191.842 E.94733
G1 X118.337 Y192.25 E.01472
G1 X98.298 Y172.211 E.93384
G1 X98.406 Y172.908 E.02326
G1 X118.156 Y192.658 E.92035
G1 X117.974 Y193.066 E.01472
G1 X98.514 Y173.606 E.90686
G1 X98.621 Y174.304 E.02326
G1 X117.765 Y193.448 E.89212
G1 X117.527 Y193.799 E.014
G1 X112.354 Y188.626 E.24106
G1 X112.375 Y188.784 E.00523
G1 X112.375 Y189.015 E.00763
G1 X112.349 Y189.211 E.00651
G1 X117.288 Y194.151 E.23018
G1 X117.05 Y194.502 E.014
G1 X112.236 Y189.688 E.22432
G1 X112.054 Y190.096 E.01472
G1 X116.772 Y194.815 E.21988
G1 X116.48 Y195.112 E.01375
G1 X111.8 Y190.433 E.21807
G1 X111.691 Y190.578 E.00601
G1 X111.504 Y190.726 E.00785
G1 X116.187 Y195.41 E.21826
G1 X115.895 Y195.707 E.01375
G1 X111.161 Y190.973 E.22062
G1 X110.747 Y191.149 E.01482
G1 X115.561 Y195.962 E.22431
G1 X115.216 Y196.208 E.01394
G1 X110.256 Y191.248 E.23115
G1 X110 Y191.282 E.00852
G1 X109.654 Y191.236 E.01148
G1 X115.007 Y196.589 E.24942
G1 E-.84 F2400
;WIPE_START
G1 F4800
G1 X114.3 Y195.881 E-.36
;WIPE_END
G1 F9000
G1 X114.211 Y195.306 Z0.230769
G1 X114.399 Y194.755 Z0.261538
G1 X114.822 Y194.354 Z0.292308
G1 X115.383 Y194.196 Z0.323077
G1 X115.953 Y194.317 Z0.353846
G1 X116.401 Y194.689 Z0.384615
G1 X116.625 Y195.226 Z0.415385
G1 X116.574 Y195.807 Z0.446154
G1 X116.259 Y196.297 Z0.476923
G1 X115.753 Y196.584 Z0.507692
G1 X115.171 Y196.603 Z0.538462
G1 X114.646 Y196.35 Z0.569231
G1 X114.3 Y195.881 Z0.6
G1 X110.496 Y186.769 Z.6
G1 Z.2
G1 E1.2 F1800
G1 F4800
G1 X98.729 Y175.001 E.54837
G1 X98.837 Y175.699 E.02326
G1 X109.69 Y186.553 E.50579
G1 X109.425 Y186.588 E.00881
G1 X109.216 Y186.668 E.00739
G1 X98.944 Y176.397 E.47867
G1 X99.052 Y177.094 E.02326
G1 X108.805 Y186.847 E.4545
G1 X108.465 Y187.097 E.01391
G1 X99.16 Y177.792 E.43361
G1 X99.268 Y178.49 E.02326
G1 X108.176 Y187.398 E.41513
G1 X107.925 Y187.737 E.0139
G1 X99.375 Y179.187 E.39841
G1 X99.483 Y179.885 E.02326
G1 X107.747 Y188.149 E.3851
G1 X107.676 Y188.397 E.00849
G1 X107.645 Y188.637 E.00798
G1 X99.591 Y180.582 E.37533
G1 X99.698 Y181.28 E.02326
G1 X107.882 Y189.464 E.38138
G1 E-.84 F2400
;WIPE_START
G1 F4800
G1 X107.175 Y188.757 E-.36
;WIPE_END
G1 F9000
G1 X107.457 Y189.266 Z0.230769
G1 X107.471 Y189.849 Z0.261538
G1 X107.211 Y190.37 Z0.292308
G1 X106.74 Y190.712 Z0.323077
G1 X106.163 Y190.795 Z0.353846
G1 X105.614 Y190.601 Z0.384615
G1 X105.218 Y190.174 Z0.415385
G1 X105.066 Y189.612 Z0.446154
G1 X105.193 Y189.043 Z0.476923
G1 X105.569 Y188.598 Z0.507692
G1 X106.109 Y188.38 Z0.538462
G1 X106.688 Y188.437 Z0.569231
G1 X107.175 Y188.757 Z0.6
G1 X114.662 Y196.834 Z.6
G1 Z.2
G1 E1.2 F1800
G1 F4800
G1 X99.806 Y181.978 E.69231
G1 X99.914 Y182.675 E.02326
G1 X114.121 Y196.883 E.66208
G1 X113.721 Y197.073 E.01459
G1 X100.021 Y183.373 E.63842
G1 X100.129 Y184.071 E.02326
G1 X113.321 Y197.263 E.61475
G1 X113.128 Y197.354 E.00702
G1 X112.888 Y197.419 E.00821
G1 X100.237 Y184.768 E.58955
G1 X100.344 Y185.466 E.02326
G1 X112.424 Y197.546 E.56293
G1 X111.961 Y197.672 E.01584
G1 X100.452 Y186.163 E.5363
G1 X100.56 Y186.861 E.02326
G1 X111.481 Y197.783 E.50895
G1 X110.939 Y197.831 E.01792
G1 X100.668 Y187.559 E.47868
G1 X100.775 Y188.256 E.02326
G1 X110.398 Y197.879 E.44841
G1 X110 Y197.914 E.01316
G1 X109.828 Y197.899 E.0057
G1 X100.883 Y188.954 E.41684
G1 X100.991 Y189.652 E.02326
G1 X109.18 Y197.841 E.38164
G1 X108.533 Y197.784 E.02142
G1 X101.113 Y190.364 E.34579
G1 X101.306 Y191.147 E.02657
G1 X107.753 Y197.594 E.30045
G1 X106.942 Y197.373 E.02768
G1 X101.537 Y191.968 E.2519
G1 X102.01 Y193.031 E.03837
G1 X105.847 Y196.868 E.17879
G1 X105.43 Y196.67 E.01521
G1 X104.132 Y195.743 E.05255
G1 X102.369 Y193.98 E.08219
; stop printing object 본체3 id:257835021507036052 copy 0
;LAYER_CHANGE
;Z:0.4
;HEIGHT:0.2
;BEFORE_LAYER_CHANGE
;0.4
G92 E0

G1 E-.84 F2400
;WIPE_START
G1 F4800
G1 X103.076 Y194.687 E-.36
;WIPE_END
;_SET_FAN_SPEED_CHANGING_LAYER
M204 P2500
; printing object 본체3 id:257835021507036052 copy 0
M204 T2500
G1 F9000
G1 X103.415 Y194.213 Z0.430769
G1 X103.936 Y193.952 Z0.461538
G1 X104.518 Y193.962 Z0.492308
G1 X105.029 Y194.242 Z0.523077
G1 X105.351 Y194.727 Z0.553846
G1 X105.411 Y195.307 Z0.584615
G1 X105.195 Y195.848 Z0.615385
G1 X104.752 Y196.226 Z0.646154
G1 X104.184 Y196.355 Z0.676923
G1 X103.621 Y196.206 Z0.707692
G1 X103.192 Y195.812 Z0.738462
G1 X102.995 Y195.264 Z0.769231
G1 X103.076 Y194.687 Z0.8
G1 X128.391 Y131.372 Z.8
G1 Z.4
G1 E1.2 F1800
M204 P2000
;TYPE:Inner wall
;WIDTH:0.449999
G1 F5400
G1 X128.354 Y131.461 E.0031
G1 X119.271 Y190.303 E1.91454
G1 X118.867 Y191.94 E.05424
G1 X118.192 Y193.456 E.05335
G1 X117.261 Y194.828 E.05335
G1 X116.102 Y196.015 E.05335
G1 X114.752 Y196.98 E.05335
G1 X113.253 Y197.691 E.05335
G1 X111.652 Y198.127 E.05335
G1 X110 Y198.273 E.05335
G1 X108.348 Y198.127 E.05335
G1 X106.747 Y197.691 E.05335
G1 X105.248 Y196.98 E.05335
G1 X103.898 Y196.015 E.05335
G1 X102.739 Y194.828 E.05335
G1 X101.808 Y193.456 E.05335
G1 X101.133 Y191.94 E.05335
G1 X100.729 Y190.303 E.05424
G1 X91.646 Y131.461 E1.91454
G1 X91.529 Y131.192 E.00944
G1 X91.307 Y131.019 E.00905
G1 X87.608 Y129.382 E.13007
G1 X84.035 Y127.449 E.13062
G1 X80.71 Y125.298 E.12734
G1 X77.524 Y122.862 E.12898
G1 X74.54 Y120.181 E.12898
G1 X71.776 Y117.275 E.12898
G1 X69.25 Y114.159 E.12898
G1 X66.977 Y110.854 E.12898
G1 X64.972 Y107.381 E.12898
G1 X63.246 Y103.76 E.12898
G1 X61.811 Y100.015 E.12898
G1 X60.676 Y96.168 E.12898
G1 X59.847 Y92.243 E.12898
G1 X59.329 Y88.266 E.12898
G1 X59.127 Y84.26 E.12898
G1 X59.241 Y80.251 E.12898
G1 X59.678 Y76.187 E.13143
G1 X59.624 Y75.925 E.00859
G1 X59.46 Y75.714 E.0086
G1 X13.043 Y38.427 E1.91454
G1 X11.827 Y37.258 E.05424
G1 X10.852 Y35.916 E.05335
G1 X10.129 Y34.423 E.05335
G1 X9.68 Y32.826 E.05334
G1 X9.52 Y31.174 E.05335
G1 X9.654 Y29.521 E.05334
G1 X10.077 Y27.917 E.05335
G1 X10.776 Y26.412 E.05335
G1 X11.729 Y25.055 E.05335
G1 X12.907 Y23.886 E.05334
G1 X14.272 Y22.944 E.05335
G1 X15.782 Y22.257 E.05335
G1 X17.39 Y21.847 E.05334
G1 X19.044 Y21.727 E.05335
G1 X20.694 Y21.9 E.05335
G1 X22.314 Y22.369 E.05424
G1 X77.814 Y43.923 E1.91454
G1 X78.103 Y43.957 E.00935
G1 X78.367 Y43.851 E.00915
G1 X81.634 Y41.465 E.13007
G1 X85.049 Y39.362 E.12898
G1 X88.619 Y37.534 E.12898
G1 X92.323 Y35.993 E.12898
G1 X96.136 Y34.749 E.12898
G1 X100.035 Y33.809 E.12898
G1 X103.996 Y33.179 E.12898
G1 X107.995 Y32.863 E.12898
G1 X112.005 Y32.863 E.12898
G1 X116.004 Y33.179 E.12898
G1 X119.965 Y33.809 E.12898
G1 X123.864 Y34.749 E.12898
G1 X127.677 Y35.993 E.12898
G1 X131.381 Y37.534 E.12898
G1 X134.906 Y39.338 E.12733
G1 X138.366 Y41.465 E.13062
G1 X141.666 Y43.875 E.13138
G1 X141.918 Y43.96 E.00854
G1 X142.186 Y43.923 E.00869
G1 X197.686 Y22.369 E1.91454
G1 X199.306 Y21.9 E.05424
G1 X200.956 Y21.727 E.05335
G1 X202.61 Y21.847 E.05335
G1 X204.218 Y22.257 E.05334
G1 X205.728 Y22.944 E.05335
G1 X207.093 Y23.886 E.05335
G1 X208.271 Y25.055 E.05334
G1 X209.224 Y26.412 E.05335
G1 X209.923 Y27.917 E.05334
G1 X210.346 Y29.521 E.05335
G1 X210.48 Y31.174 E.05334
G1 X210.32 Y32.826 E.05335
G1 X209.871 Y34.423 E.05335
G1 X209.148 Y35.916 E.05335
G1 X208.173 Y37.258 E.05335
G1 X206.957 Y38.427 E.05424
G1 X160.54 Y75.714 E1.91454
G1 X160.367 Y75.944 E.00926
G1 X160.326 Y76.229 E.00924
G1 X160.759 Y80.251 E.13007
G1 X160.873 Y84.26 E.12898
G1 X160.671 Y88.266 E.12898
G1 X160.153 Y92.243 E.12898
G1 X159.324 Y96.168 E.12898
G1 X158.189 Y100.015 E.12898
G1 X156.754 Y103.76 E.12898
G1 X155.028 Y107.381 E.12898
G1 X153.023 Y110.854 E.12898
G1 X150.75 Y114.159 E.12898
G1 X148.224 Y117.275 E.12898
G1 X145.46 Y120.181 E.12898
G1 X142.476 Y122.862 E.12898
G1 X139.29 Y125.298 E.12898
G1 X135.965 Y127.449 E.12734
G1 X132.392 Y129.382 E.13062
G1 X128.657 Y131.035 E.13135
G1 X128.459 Y131.208 E.00848
G1 X128.406 Y131.335 E.0044
M204 T1000
G1 X128.763 Y131.524 F9000
M204 P1000
;TYPE:Outer wall
;WIDTH:0.419999
G1 F3600
G1 X119.677 Y190.384 E1.77399
G1 X119.26 Y192.075 E.05188
G1 X118.555 Y193.657 E.0516
G1 X117.582 Y195.091 E.0516
G1 X116.372 Y196.331 E.0516
G1 X114.962 Y197.338 E.0516
G1 X113.397 Y198.08 E.0516
G1 X111.726 Y198.535 E.0516
G1 X110 Y198.689 E.0516
G1 X108.274 Y198.535 E.0516
G1 X106.603 Y198.08 E.0516
G1 X105.038 Y197.338 E.0516
G1 X103.628 Y196.331 E.0516
G1 X102.418 Y195.091 E.0516
G1 X101.445 Y193.657 E.0516
G1 X100.74 Y192.075 E.0516
G1 X100.323 Y190.384 E.05188
G1 X91.235 Y131.511 E1.77438
G1 X91.142 Y131.398 E.00437
G1 X87.425 Y129.754 E.12105
G1 X83.824 Y127.805 E.12197
G1 X80.472 Y125.637 E.11892
G1 X77.26 Y123.18 E.12044
G1 X74.251 Y120.478 E.12044
G1 X71.465 Y117.548 E.12044
G1 X68.918 Y114.407 E.12045
G1 X66.627 Y111.075 E.12044
G1 X64.605 Y107.573 E.12044
G1 X62.866 Y103.923 E.12044
G1 X61.419 Y100.147 E.12045
G1 X60.274 Y96.269 E.12044
G1 X59.439 Y92.313 E.12044
G1 X58.917 Y88.303 E.12045
G1 X58.713 Y84.265 E.12044
G1 X58.828 Y80.223 E.12045
G1 X59.264 Y76.172 E.12136
G1 X59.201 Y76.036 E.00444
G1 X12.77 Y38.738 E1.77399
G1 X11.514 Y37.531 E.05188
G1 X10.496 Y36.129 E.0516
G1 X9.741 Y34.57 E.0516
G1 X9.272 Y32.902 E.0516
G1 X9.105 Y31.178 E.0516
G1 X9.245 Y29.451 E.0516
G1 X9.686 Y27.776 E.0516
G1 X10.416 Y26.205 E.0516
G1 X11.412 Y24.787 E.0516
G1 X12.642 Y23.567 E.0516
G1 X14.068 Y22.583 E.0516
G1 X15.645 Y21.865 E.0516
G1 X17.323 Y21.437 E.0516
G1 X19.051 Y21.311 E.0516
G1 X20.774 Y21.492 E.0516
G1 X22.447 Y21.977 E.05188
G1 X77.976 Y43.542 E1.77436
G1 X78.123 Y43.517 E.00446
G1 X81.403 Y41.122 E.12097
G1 X84.846 Y39.001 E.12045
G1 X88.445 Y37.159 E.12044
G1 X92.179 Y35.605 E.12044
G1 X96.023 Y34.351 E.12044
G1 X99.954 Y33.403 E.12044
G1 X103.947 Y32.768 E.12044
G1 X107.978 Y32.449 E.12044
G1 X112.022 Y32.449 E.12044
G1 X116.053 Y32.768 E.12044
G1 X120.046 Y33.403 E.12044
G1 X123.977 Y34.351 E.12044
G1 X127.821 Y35.605 E.12044
G1 X131.555 Y37.159 E.12045
G1 X135.109 Y38.977 E.11892
G1 X138.597 Y41.122 E.12197
G1 X141.887 Y43.524 E.12135
G1 X142.036 Y43.538 E.00445
G1 X197.553 Y21.977 E1.77399
G1 X199.226 Y21.492 E.05188
G1 X200.949 Y21.311 E.0516
G1 X202.677 Y21.437 E.0516
G1 X204.355 Y21.865 E.0516
G1 X205.932 Y22.583 E.0516
G1 X207.358 Y23.567 E.0516
G1 X208.588 Y24.787 E.0516
G1 X209.584 Y26.205 E.0516
G1 X210.314 Y27.776 E.0516
G1 X210.755 Y29.451 E.0516
G1 X210.895 Y31.178 E.0516
G1 X210.728 Y32.902 E.0516
G1 X210.259 Y34.57 E.0516
G1 X209.504 Y36.129 E.0516
G1 X208.486 Y37.531 E.0516
G1 X207.23 Y38.738 E.05188
G1 X160.79 Y76.044 E1.77435
G1 X160.738 Y76.184 E.00447
G1 X161.172 Y80.223 E.12097
G1 X161.287 Y84.265 E.12045
G1 X161.083 Y88.303 E.12044
G1 X160.561 Y92.313 E.12045
G1 X159.726 Y96.269 E.12044
G1 X158.581 Y100.147 E.12044
G1 X157.134 Y103.923 E.12045
G1 X155.395 Y107.573 E.12044
G1 X153.373 Y111.075 E.12044
G1 X151.082 Y114.407 E.12044
G1 X148.535 Y117.548 E.12045
G1 X145.749 Y120.478 E.12044
G1 X142.74 Y123.18 E.12044
G1 X139.528 Y125.637 E.12044
G1 X136.176 Y127.805 E.11892
G1 X132.575 Y129.754 E.12197
G1 X128.849 Y131.402 E.12134
G1 X128.786 Y131.491 E.00327
M204 T2500
G1 E-.84 F2400
;WIPE_START
G1 F3600
G1 X128.633 Y132.48 E-.36
;WIPE_END
G1 F9000
G1 X129.07 Y132.094 Z0.430769
G1 X129.635 Y131.954 Z0.461538
G1 X130.201 Y132.094 Z0.492308
G1 X130.636 Y132.48 Z0.523077
G1 X130.843 Y133.025 Z0.553846
G1 X130.772 Y133.603 Z0.584615
G1 X130.441 Y134.083 Z0.615385
G1 X129.925 Y134.353 Z0.646154
G1 X129.343 Y134.353 Z0.676923
G1 X128.827 Y134.082 Z0.707692
G1 X128.497 Y133.603 Z0.738462
G1 X128.427 Y133.024 Z0.769231
G1 X128.633 Y132.48 Z0.8
G1 X199.38 Y30.071 Z.8
G1 Z.4
G1 E1.2 F1800
M204 P2000
;TYPE:Inner wall
;WIDTH:0.449999
G1 F5400
G1 X199.625 Y29.725 E.01362
G1 X200.031 Y29.389 E.01696
G1 X200.51 Y29.169 E.01696
G1 X201.008 Y29.083 E.01625
G1 X201.546 Y29.128 E.01737
G1 X202.05 Y29.313 E.01724
G1 X202.48 Y29.618 E.01696
G1 X202.816 Y30.024 E.01696
G1 X203.036 Y30.504 E.01696
G1 X203.125 Y31.024 E.01696
G1 X203.076 Y31.549 E.01696
G1 X202.892 Y32.043 E.01696
G1 X202.587 Y32.473 E.01696
G1 X202.181 Y32.81 E.01696
G1 X201.702 Y33.03 E.01696
G1 X201.182 Y33.118 E.01696
G1 X200.657 Y33.069 E.01696
G1 X200.162 Y32.886 E.01696
G1 X199.732 Y32.581 E.01696
G1 X199.395 Y32.174 E.01696
G1 X199.175 Y31.695 E.01696
G1 X199.087 Y31.175 E.01696
G1 X199.136 Y30.65 E.01696
G1 X199.32 Y30.156 E.01696
G1 X199.356 Y30.104 E.00205
M204 T1000
G1 X199.709 Y30.305 F9000
M204 P1000
;TYPE:Outer wall
;WIDTH:0.419999
G1 F3600
G1 X199.984 Y29.946 E.01346
G1 X200.32 Y29.695 E.01251
G1 X200.711 Y29.54 E.01251
G1 X201.103 Y29.493 E.01178
G1 X201.543 Y29.551 E.01321
G1 X201.929 Y29.717 E.01252
G1 X202.259 Y29.977 E.01251
G1 X202.51 Y30.314 E.01251
G1 X202.666 Y30.704 E.01251
G1 X202.715 Y31.121 E.01251
G1 X202.648 Y31.552 E.01298
G1 X202.488 Y31.923 E.01203
G1 X202.228 Y32.252 E.01251
G1 X201.891 Y32.504 E.01251
G1 X201.501 Y32.659 E.01251
G1 X201.084 Y32.708 E.01251
G1 X200.668 Y32.648 E.01251
G1 X200.283 Y32.482 E.01251
G1 X199.953 Y32.222 E.01251
G1 X199.702 Y31.885 E.01251
G1 X199.546 Y31.495 E.01251
G1 X199.497 Y31.078 E.01251
G1 X199.557 Y30.662 E.01251
G1 X199.691 Y30.34 E.01037
M204 T2500
G1 E-.84 F2400
;WIPE_START
G1 F3600
G1 X199.984 Y29.946 E-.17674
G1 X200.32 Y29.695 E-.15122
G1 X200.403 Y29.662 E-.03204
;WIPE_END
G1 F9000
G1 X199.885 Y29.9291 Z0.430769
G1 X199.303 Y29.9249 Z0.461538
G1 X198.789 Y29.6506 Z0.492308
G1 X198.462 Y29.1688 Z0.523077
G1 X198.396 Y28.5901 Z0.553846
G1 X198.606 Y28.047 Z0.584615
G1 X199.045 Y27.6639 Z0.615385
G1 X199.611 Y27.5285 Z0.646154
G1 X200.176 Y27.672 Z0.676923
G1 X200.609 Y28.0613 Z0.707692
G1 X200.812 Y28.6074 Z0.738462
G1 X200.737 Y29.1851 Z0.769231
G1 X200.403 Y29.6621 Z0.8
G1 X100.645 Y116.772 Z.8
G1 Z.4
G1 E1.2 F1800
M204 P2000
;TYPE:Inner wall
;WIDTH:0.449999
G1 F5400
G1 X97.392 Y115.677 E.11036
G1 X94.333 Y114.293 E.10795
G1 X91.376 Y112.591 E.10972
G1 X88.581 Y110.584 E.11066
G1 X86 Y108.308 E.11066
G1 X83.66 Y105.785 E.11066
G1 X81.584 Y103.04 E.11066
G1 X79.793 Y100.102 E.11066
G1 X78.305 Y97 E.11063
G1 X77.166 Y93.872 E.10703
G1 X76.321 Y90.567 E.1097
G1 X75.798 Y87.136 E.11159
G1 X75.626 Y83.699 E.11066
G1 X75.798 Y80.262 E.11066
G1 X76.309 Y76.889 E.10972
G1 X77.159 Y73.554 E.11065
G1 X78.305 Y70.399 E.10795
G1 X79.793 Y67.297 E.11063
G1 X81.584 Y64.358 E.11066
G1 X83.642 Y61.637 E.10972
G1 X85.98 Y59.112 E.11065
G1 X88.581 Y56.814 E.11159
G1 X91.402 Y54.793 E.11159
G1 X94.358 Y53.091 E.1097
G1 X97.392 Y51.722 E.10704
G1 X100.652 Y50.621 E.11063
G1 X104.02 Y49.85 E.1111
G1 X107.505 Y49.422 E.1129
G1 X110.861 Y49.336 E.10795
G1 X114.292 Y49.594 E.11066
G1 X117.681 Y50.195 E.11066
G1 X120.964 Y51.123 E.10972
G1 X124.09 Y52.347 E.10795
G1 X127.154 Y53.912 E.11064
G1 X130.047 Y55.776 E.11066
G1 X132.715 Y57.902 E.10972
G1 X135.181 Y60.303 E.11065
G1 X137.413 Y62.96 E.11159
G1 X139.349 Y65.805 E.11066
G1 X140.99 Y68.829 E.11064
G1 X142.272 Y71.87 E.10612
G1 X143.293 Y75.155 E.11061
G1 X143.987 Y78.555 E.11159
G1 X144.331 Y82.008 E.11159
G1 X144.331 Y85.42 E.10972
G1 X143.987 Y88.844 E.11066
G1 X143.302 Y92.216 E.11066
G1 X142.283 Y95.503 E.11064
G1 X140.99 Y98.57 E.10703
G1 X139.349 Y101.594 E.11064
G1 X137.413 Y104.439 E.11066
G1 X135.202 Y107.076 E.11066
G1 X132.759 Y109.458 E.10972
G1 X130.047 Y111.623 E.11159
G1 X127.154 Y113.487 E.11066
G1 X124.09 Y115.052 E.11063
G1 X121.018 Y116.257 E.10612
G1 X117.709 Y117.196 E.11062
G1 X114.292 Y117.805 E.11159
G1 X110.861 Y118.063 E.11066
G1 X107.42 Y117.977 E.11066
G1 X104.035 Y117.55 E.10972
G1 X100.683 Y116.784 E.11057
M204 T1000
G1 X100.774 Y116.381 F9000
M204 P1000
;TYPE:Outer wall
;WIDTH:0.419999
G1 F1440
G1 X100.773 Y116.381 E.00003
G1 X97.544 Y115.291 E.10151
G1 X94.54 Y113.935 E.09817
G1 X91.601 Y112.243 E.10101
G1 X88.839 Y110.26 E.10128
G1 X86.289 Y108.012 E.10126
G1 X83.977 Y105.519 E.10128
G1 X81.926 Y102.808 E.10126
G1 X80.156 Y99.905 E.10128
G1 X78.686 Y96.839 E.10128
G1 X77.562 Y93.75 E.09791
G1 X76.721 Y90.464 E.10103
G1 X76.21 Y87.095 E.1015
G1 X76.04 Y83.699 E.10128
G1 X76.21 Y80.304 E.10125
G1 X76.718 Y76.951 E.10101
G1 X77.56 Y73.657 E.10127
G1 X78.686 Y70.559 E.09818
G1 X80.156 Y67.494 E.10125
G1 X81.926 Y64.591 E.10128
G1 X83.972 Y61.886 E.10102
G1 X86.283 Y59.393 E.10126
G1 X88.839 Y57.138 E.10153
G1 X91.608 Y55.152 E.1015
G1 X94.547 Y53.46 E.10101
G1 X97.544 Y52.107 E.09795
G1 X100.765 Y51.02 E.10126
G1 X104.082 Y50.259 E.10137
G1 X107.555 Y49.833 E.10422
G1 X110.85 Y49.75 E.09818
G1 X114.24 Y50.005 E.10126
G1 X117.588 Y50.598 E.10128
G1 X120.851 Y51.521 E.10101
G1 X123.92 Y52.724 E.09819
G1 X126.947 Y54.271 E.10126
G1 X129.805 Y56.112 E.10126
G1 X132.458 Y58.226 E.10104
G1 X134.892 Y60.599 E.10125
G1 X137.083 Y63.21 E.10153
G1 X138.995 Y66.021 E.10126
G1 X140.617 Y69.008 E.10124
G1 X141.891 Y72.03 E.09769
G1 X142.898 Y75.277 E.10126
G1 X143.578 Y78.617 E.10153
G1 X143.918 Y82.008 E.10151
G1 X143.918 Y85.399 E.10101
G1 X143.578 Y88.782 E.10128
G1 X142.901 Y92.114 E.10128
G1 X141.894 Y95.361 E.10126
G1 X140.617 Y98.39 E.09791
G1 X138.995 Y101.378 E.10127
G1 X137.083 Y104.189 E.10126
G1 X134.898 Y106.794 E.10128
G1 X132.47 Y109.162 E.10102
G1 X129.805 Y111.286 E.10151
G1 X126.947 Y113.128 E.10128
G1 X123.92 Y114.674 E.10124
G1 X120.867 Y115.872 E.09769
G1 X117.596 Y116.798 E.10126
G1 X114.24 Y117.394 E.10153
G1 X110.85 Y117.649 E.10126
G1 X107.451 Y117.564 E.10128
G1 X104.087 Y117.14 E.10099
G1 X100.813 Y116.39 E.10005
M204 T2500
G1 E-.84 F2400
;WIPE_START
G1 F1440
G1 X100.773 Y116.381 E-.01487
G1 X99.864 Y116.074 E-.34513
;WIPE_END
G1 F9000
G1 X99.5666 Y115.574 Z0.430769
G1 X99.5355 Y114.992 Z0.461538
G1 X99.7783 Y114.463 Z0.492308
G1 X100.239 Y114.107 Z0.523077
G1 X100.813 Y114.006 Z0.553846
G1 X101.368 Y114.183 Z0.584615
G1 X101.777 Y114.598 Z0.615385
G1 X101.946 Y115.155 Z0.646154
G1 X101.837 Y115.727 Z0.676923
G1 X101.475 Y116.183 Z0.707692
G1 X100.942 Y116.418 Z0.738462
G1 X100.361 Y116.379 Z0.769231
G1 X99.8644 Y116.074 Z0.8
G1 X17.441 Y32.485 Z.8
G1 Z.4
G1 E1.2 F1800
M204 P2000
;TYPE:Inner wall
;WIDTH:0.449999
G1 F5400
M106 S0
G1 X17.184 Y32.174 E.01297
G1 X16.97 Y31.71 E.01644
G1 X16.875 Y31.175 E.01747
G1 X16.924 Y30.65 E.01696
G1 X17.108 Y30.156 E.01696
G1 X17.413 Y29.725 E.01696
G1 X17.819 Y29.389 E.01696
G1 X18.298 Y29.169 E.01696
G1 X18.796 Y29.083 E.01625
G1 X19.335 Y29.128 E.01737
G1 X19.838 Y29.313 E.01724
G1 X20.268 Y29.618 E.01696
G1 X20.605 Y30.024 E.01696
G1 X20.825 Y30.504 E.01696
G1 X20.913 Y31.024 E.01696
G1 X20.864 Y31.549 E.01696
G1 X20.68 Y32.043 E.01696
G1 X20.375 Y32.473 E.01696
G1 X19.969 Y32.81 E.01696
G1 X19.49 Y33.03 E.01696
G1 X18.97 Y33.118 E.01696
G1 X18.445 Y33.069 E.01696
G1 X17.95 Y32.886 E.01696
G1 X17.52 Y32.581 E.01696
G1 X17.466 Y32.516 E.0027
M204 T1000
G1 X17.753 Y32.227 F9000
M204 P1000
;TYPE:Outer wall
;WIDTH:0.419999
G1 F3600
G1 X17.49 Y31.885 E.01285
G1 X17.334 Y31.495 E.01251
G1 X17.285 Y31.078 E.01251
G1 X17.346 Y30.662 E.01251
G1 X17.512 Y30.276 E.01251
G1 X17.772 Y29.946 E.01251
G1 X18.109 Y29.695 E.01251
G1 X18.515 Y29.537 E.01298
G1 X18.891 Y29.493 E.0113
G1 X19.331 Y29.551 E.01322
G1 X19.717 Y29.717 E.01252
G1 X20.047 Y29.977 E.01251
G1 X20.298 Y30.314 E.01251
G1 X20.454 Y30.704 E.01251
G1 X20.503 Y31.121 E.01251
G1 X20.443 Y31.537 E.01251
G1 X20.277 Y31.923 E.01251
G1 X20.016 Y32.252 E.01251
G1 X19.68 Y32.504 E.01251
G1 X19.289 Y32.659 E.01251
G1 X18.872 Y32.708 E.01251
G1 X18.457 Y32.648 E.01251
G1 X18.071 Y32.482 E.01251
G1 X17.778 Y32.258 E.01098
M204 T2500
G1 E-.84 F2400
;WIPE_START
G1 F3600
G1 X17.49 Y31.885 E-.16966
G1 X17.334 Y31.495 E-.15122
G1 X17.322 Y31.387 E-.03912
;WIPE_END
G1 F9000
G1 X17.4821 Y31.9467 Z0.430769
G1 X17.3641 Y32.5171 Z0.461538
G1 X16.9944 Y32.9673 Z0.492308
G1 X16.4579 Y33.1941 Z0.523077
G1 X15.8775 Y33.1456 Z0.553846
G1 X15.386 Y32.8329 Z0.584615
G1 X15.0962 Y32.3277 Z0.615385
G1 X15.0743 Y31.7456 Z0.646154
G1 X15.3255 Y31.2201 Z0.676923
G1 X15.7921 Y30.8715 Z0.707692
G1 X16.3673 Y30.7796 Z0.738462
G1 X16.9193 Y30.9656 Z0.769231
G1 X17.3216 Y31.3868 Z0.8
G1 X108.271 Y189.929 Z.8
G1 Z.4
G1 E1.2 F1800
M204 P2000
;TYPE:Inner wall
;WIDTH:0.449999
G1 F5400
G1 X108.22 Y189.857 E.00284
G1 X108.03 Y189.349 E.01745
G1 X107.981 Y188.824 E.01696
G1 X108.069 Y188.304 E.01696
G1 X108.276 Y187.852 E.01598
G1 X108.626 Y187.418 E.01791
G1 X109.056 Y187.113 E.01697
G1 X109.551 Y186.93 E.01696
G1 X110.045 Y186.882 E.01598
G1 X110.541 Y186.949 E.01608
G1 X111.009 Y187.145 E.01632
G1 X111.429 Y187.466 E.01702
G1 X111.752 Y187.886 E.01701
G1 X111.97 Y188.45 E.01945
G1 X112.019 Y188.975 E.01696
G1 X111.939 Y189.474 E.01625
G1 X111.73 Y189.947 E.01662
G1 X111.387 Y190.37 E.01753
G1 X110.971 Y190.674 E.01657
G1 X110.459 Y190.868 E.01758
G1 X109.949 Y190.921 E.01652
G1 X109.408 Y190.831 E.01762
G1 X108.941 Y190.622 E.01646
G1 X108.519 Y190.273 E.0176
G1 X108.295 Y189.961 E.01236
M204 T1000
G1 X108.601 Y189.692 F9000
M204 P1000
;TYPE:Outer wall
;WIDTH:0.419999
G1 F3600
G1 X108.596 Y189.685 E.00025
G1 X108.44 Y189.295 E.01251
G1 X108.391 Y188.878 E.01251
G1 X108.452 Y188.462 E.01251
G1 X108.608 Y188.099 E.01178
G1 X108.877 Y187.746 E.01322
G1 X109.214 Y187.495 E.01252
G1 X109.605 Y187.34 E.01251
G1 X109.997 Y187.293 E.01178
G1 X110.437 Y187.351 E.01321
G1 X110.823 Y187.517 E.01252
G1 X111.153 Y187.777 E.01251
G1 X111.404 Y188.114 E.01251
G1 X111.56 Y188.504 E.01251
G1 X111.609 Y188.921 E.01251
G1 X111.548 Y189.337 E.01251
G1 X111.382 Y189.723 E.01251
G1 X111.122 Y190.052 E.01251
G1 X110.786 Y190.304 E.01251
G1 X110.395 Y190.459 E.01251
G1 X109.978 Y190.508 E.01251
G1 X109.563 Y190.448 E.01251
G1 X109.177 Y190.282 E.01251
G1 X108.837 Y190.009 E.01298
G1 X108.625 Y189.724 E.01058
M204 T2500
G1 E-.84 F2400
;WIPE_START
G1 F3600
G1 X108.596 Y189.685 E-.01746
G1 X108.44 Y189.295 E-.15122
G1 X108.391 Y188.878 E-.15122
G1 X108.407 Y188.767 E-.04009
;WIPE_END
G1 F9000
G1 X108.83 Y188.367 Z0.430769
G1 X109.39 Y188.208 Z0.461538
G1 X109.96 Y188.329 Z0.492308
G1 X110.409 Y188.7 Z0.523077
G1 X110.634 Y189.238 Z0.553846
G1 X110.583 Y189.818 Z0.584615
G1 X110.268 Y190.308 Z0.615385
G1 X109.762 Y190.596 Z0.646154
G1 X109.18 Y190.615 Z0.676923
G1 X108.655 Y190.362 Z0.707692
G1 X108.308 Y189.894 Z0.738462
G1 X108.219 Y189.319 Z0.769231
G1 X108.407 Y188.767 Z0.8
G1 X203.025 Y41.378 Z.8
G1 Z.4
G1 E1.2 F1800
M204 P2500
;TYPE:Internal solid infill
;WIDTH:0.420439
G1 F7528.376
G1 X209.055 Y35.348 E.25432
G1 X209.557 Y34.312 E.0343
G1 X201.417 Y42.452 E.34327
G1 X198.703 Y44.633 E.10384
G1 X209.767 Y33.568 E.46664
G1 X209.976 Y32.826 E.023
G1 X195.988 Y46.813 E.58992
G1 X193.273 Y48.994 E.10384
G1 X210.046 Y32.222 E.70734
G1 X210.103 Y31.631 E.01771
G1 X190.559 Y51.175 E.82424
G1 X187.844 Y53.355 E.10384
G1 X210.138 Y31.061 E.94022
G1 X210.098 Y30.567 E.01478
G1 X185.13 Y55.536 E1.05302
G1 X182.415 Y57.717 E.10384
G1 X210.059 Y30.073 E1.16582
G1 X210.019 Y29.579 E.01478
G1 X179.701 Y59.897 E1.27862
G1 X176.986 Y62.078 E.10384
G1 X209.908 Y29.156 E1.38842
G1 X209.796 Y28.734 E.01303
G1 X174.271 Y64.259 E1.49821
G1 X171.557 Y66.439 E.10384
G1 X209.685 Y28.311 E1.60799
G1 X209.611 Y28.03 E.00869
G1 X209.554 Y27.908 E.00399
G1 X168.842 Y68.62 E1.71696
G1 X166.128 Y70.801 E.10384
G1 X209.385 Y27.544 E1.8243
G1 X209.215 Y27.179 E.01199
G1 X162.307 Y74.088 E1.97831
G1 E-.88121 F2400
;WIPE_START
G1 F7528.376
G1 X163.014 Y73.381 E-.31879
;WIPE_END
G1 F9000
G1 X162.658 Y73.8418 Z0.430769
G1 X162.128 Y74.0843 Z0.461538
G1 X161.546 Y74.053 Z0.492308
G1 X161.046 Y73.755 Z0.523077
G1 X160.741 Y73.2586 Z0.553846
G1 X160.702 Y72.6774 Z0.584615
G1 X160.938 Y72.1447 Z0.615385
G1 X161.394 Y71.7824 Z0.646154
G1 X161.966 Y71.6736 Z0.676923
G1 X162.523 Y71.8432 Z0.707692
G1 X162.938 Y72.2523 Z0.738462
G1 X163.115 Y72.8073 Z0.769231
G1 X163.014 Y73.3809 Z0.8
G1 X140.59 Y124.1 Z.8
G1 Z.4
G1 E1.2 F1800
G1 F7528.376
G1 X149.433 Y115.258 E.37293
G1 X150.485 Y113.961 E.04979
G1 X151.12 Y113.037 E.03345
G1 X139.229 Y124.928 E.50151
G1 X137.673 Y125.95 E.0555
G1 X152.296 Y111.327 E.6167
G1 X152.743 Y110.678 E.0235
G1 X153.195 Y109.894 E.02698
G1 X136.161 Y126.928 E.71839
G1 X135.796 Y127.164 E.01295
G1 X134.913 Y127.642 E.02993
G1 X153.924 Y108.631 E.80177
G1 X154.654 Y107.368 E.0435
G1 X133.75 Y128.271 E.88159
G1 X132.587 Y128.901 E.03945
G1 X155.167 Y106.32 E.9523
G1 X155.653 Y105.3 E.0337
G1 X131.568 Y129.385 E1.01575
G1 X130.609 Y129.81 E.03127
G1 X156.139 Y104.28 E1.07669
G1 X156.45 Y103.629 E.02151
G1 X156.569 Y103.316 E.01
G1 X129.318 Y130.568 E1.14932
G1 E-.88121 F2400
;WIPE_START
G1 F7528.376
G1 X130.025 Y129.861 E-.31879
;WIPE_END
G1 F9000
G1 X129.784 Y130.392 Z0.430769
G1 X129.324 Y130.749 Z0.461538
G1 X128.751 Y130.853 Z0.492308
G1 X128.196 Y130.678 Z0.523077
G1 X127.785 Y130.265 Z0.553846
G1 X127.613 Y129.708 Z0.584615
G1 X127.72 Y129.135 Z0.615385
G1 X128.081 Y128.678 Z0.646154
G1 X128.613 Y128.44 Z0.676923
G1 X129.194 Y128.477 Z0.707692
G1 X129.691 Y128.78 Z0.738462
G1 X129.991 Y129.28 Z0.769231
G1 X130.025 Y129.861 Z0.8
G1 X118.282 Y192.858 Z.8
G1 Z.4
G1 E1.2 F1800
G1 F7528.376
G1 X114.322 Y196.817 E.16699
G1 X113.307 Y197.299 E.03353
G1 X118.376 Y192.23 E.21379
G1 X118.553 Y191.832 E.01297
G1 X118.655 Y191.416 E.01278
G1 X112.526 Y197.546 E.2585
G1 X111.792 Y197.745 E.02267
G1 X118.83 Y190.708 E.2968
G1 X118.946 Y190.238 E.01444
G1 X118.979 Y190.025 E.00641
G1 X111.166 Y197.837 E.32947
G1 X110.581 Y197.889 E.01754
G1 X119.076 Y189.394 E.3583
G1 X119.174 Y188.762 E.01905
G1 X109.995 Y197.941 E.38708
G1 X109.505 Y197.897 E.01468
G1 X119.271 Y188.131 E.41187
G1 X119.369 Y187.5 E.01905
G1 X109.015 Y197.854 E.43666
G1 X108.524 Y197.81 E.01468
G1 X119.466 Y186.868 E.46145
G1 X119.564 Y186.237 E.01905
G1 X108.088 Y197.713 E.48398
G1 X107.668 Y197.599 E.01297
G1 X119.661 Y185.606 E.50579
G1 X119.759 Y184.974 E.01905
G1 X107.248 Y197.484 E.52759
G1 X106.833 Y197.365 E.01288
G1 X119.856 Y184.343 E.54921
G1 X119.953 Y183.712 E.01905
G1 X106.471 Y197.194 E.56859
G1 X106.109 Y197.022 E.01195
G1 X120.051 Y183.08 E.58797
G1 X120.148 Y182.449 E.01905
G1 X105.747 Y196.85 E.60735
G1 X105.389 Y196.674 E.01189
G1 X120.246 Y181.817 E.62655
G1 X120.343 Y181.186 E.01905
G1 X112.322 Y189.207 E.33828
G1 X112.348 Y189.01 E.00593
G1 X112.332 Y188.664 E.01034
G1 X120.441 Y180.555 E.34199
G1 X120.538 Y179.923 E.01905
G1 X112.247 Y188.214 E.34965
G1 X112.094 Y187.834 E.01224
G1 X120.636 Y179.292 E.36023
G1 X120.733 Y178.661 E.01905
G1 X111.884 Y187.51 E.37321
G1 X111.644 Y187.216 E.01132
G1 X120.831 Y178.029 E.38744
G1 X120.928 Y177.398 E.01905
G1 X111.341 Y186.985 E.40431
G1 X111.175 Y186.857 E.00626
G1 X111.007 Y186.785 E.00544
G1 X121.026 Y176.767 E.42252
G1 X121.123 Y176.135 E.01905
G1 X110.623 Y186.636 E.44284
G1 X110.486 Y186.6 E.0042
G1 X110.155 Y186.569 E.00992
G1 X121.22 Y175.504 E.46667
G1 X121.318 Y174.873 E.01905
G1 X109.385 Y186.806 E.50327
G1 E-.88121 F2400
;WIPE_START
G1 F7528.376
G1 X110.092 Y186.099 E-.31879
;WIPE_END
G1 F9000
G1 X110.001 Y186.674 Z0.430769
G1 X109.654 Y187.141 Z0.461538
G1 X109.129 Y187.394 Z0.492308
G1 X108.546 Y187.373 Z0.523077
G1 X108.041 Y187.084 Z0.553846
G1 X107.727 Y186.594 Z0.584615
G1 X107.677 Y186.013 Z0.615385
G1 X107.903 Y185.476 Z0.646154
G1 X108.352 Y185.106 Z0.676923
G1 X108.922 Y184.986 Z0.707692
G1 X109.483 Y185.146 Z0.738462
G1 X109.905 Y185.547 Z0.769231
G1 X110.092 Y186.099 Z0.8
G1 X110.513 Y191.016 Z.8
G1 Z.4
G1 E1.2 F1800
G1 F7528.376
G1 X105.078 Y196.451 E.22922
G1 X104.767 Y196.229 E.01141
G1 X109.77 Y191.225 E.21103
G1 X109.388 Y191.174 E.01151
G1 X109.316 Y191.146 E.00231
G1 X104.455 Y196.007 E.205
G1 X104.144 Y195.784 E.01141
G1 X108.934 Y190.993 E.20204
G1 X108.752 Y190.894 E.0062
G1 X108.611 Y190.783 E.00534
G1 X103.875 Y195.518 E.19972
G1 X103.612 Y195.248 E.01126
G1 X108.316 Y190.544 E.1984
G1 X108.081 Y190.245 E.01134
G1 X103.348 Y194.978 E.19961
G1 X103.084 Y194.708 E.01126
G1 X107.884 Y189.908 E.20243
G1 X107.733 Y189.525 E.01227
G1 X102.853 Y194.406 E.20583
G1 X102.637 Y194.088 E.01146
G1 X107.659 Y189.065 E.21183
G1 X107.652 Y188.789 E.00824
G1 X107.69 Y188.501 E.00866
G1 X102.421 Y193.77 E.22221
G1 X102.205 Y193.452 E.01146
G1 X121.415 Y174.241 E.81017
G1 X121.513 Y173.61 E.01905
G1 X102.015 Y193.108 E.82229
G1 X101.851 Y192.738 E.01206
G1 X121.61 Y172.978 E.83334
G1 X121.708 Y172.347 E.01905
G1 X101.686 Y192.369 E.84439
G1 X101.522 Y191.999 E.01206
G1 X121.805 Y171.716 E.85544
G1 X121.903 Y171.084 E.01905
G1 X101.389 Y191.598 E.86512
G1 X101.284 Y191.169 E.01315
G1 X122 Y170.453 E.87369
G1 X122.098 Y169.822 E.01905
G1 X101.178 Y190.741 E.88225
G1 X101.073 Y190.313 E.01315
G1 X122.195 Y169.19 E.89082
G1 X122.293 Y168.559 E.01905
G1 X100.995 Y189.856 E.89819
G1 X100.924 Y189.394 E.01396
G1 X122.39 Y167.928 E.90531
G1 X122.488 Y167.296 E.01905
G1 X100.852 Y188.931 E.91244
G1 X100.781 Y188.469 E.01396
G1 X122.585 Y166.665 E.91956
G1 X122.682 Y166.034 E.01905
G1 X100.71 Y188.006 E.92668
G1 X100.638 Y187.544 E.01396
G1 X122.78 Y165.402 E.9338
G1 X122.877 Y164.771 E.01905
G1 X100.567 Y187.081 E.94092
G1 X100.495 Y186.619 E.01396
G1 X122.975 Y164.139 E.94804
G1 X123.072 Y163.508 E.01905
G1 X100.424 Y186.156 E.95516
G1 X100.353 Y185.694 E.01396
G1 X123.17 Y162.877 E.96229
G1 X123.267 Y162.245 E.01905
G1 X100.281 Y185.231 E.96941
G1 X100.21 Y184.769 E.01396
G1 X123.365 Y161.614 E.97653
G1 X123.462 Y160.983 E.01905
G1 X100.138 Y184.306 E.98365
G1 X100.067 Y183.844 E.01396
G1 X123.56 Y160.351 E.99077
G1 X123.657 Y159.72 E.01905
G1 X99.996 Y183.381 E.99789
G1 X99.924 Y182.919 E.01396
G1 X123.755 Y159.089 E1.00502
G1 X123.852 Y158.457 E.01905
G1 X99.853 Y182.456 E1.01214
G1 X99.781 Y181.994 E.01396
G1 X123.95 Y157.826 E1.01926
G1 X124.047 Y157.195 E.01905
G1 X99.71 Y181.531 E1.02638
G1 X99.639 Y181.069 E.01396
G1 X124.144 Y156.563 E1.0335
G1 X124.242 Y155.932 E.01905
G1 X99.567 Y180.607 E1.04062
G1 X99.496 Y180.144 E.01396
G1 X124.339 Y155.3 E1.04774
G1 X124.437 Y154.669 E.01905
G1 X99.424 Y179.682 E1.05487
G1 X99.353 Y179.219 E.01396
G1 X124.534 Y154.038 E1.06199
G1 X124.632 Y153.406 E.01905
G1 X99.282 Y178.757 E1.06911
G1 X99.21 Y178.294 E.01396
G1 X124.729 Y152.775 E1.07623
G1 X124.827 Y152.144 E.01905
G1 X99.139 Y177.832 E1.08335
G1 X99.067 Y177.369 E.01396
G1 X124.924 Y151.512 E1.09047
G1 X125.022 Y150.881 E.01905
G1 X98.996 Y176.907 E1.0976
G1 X98.925 Y176.444 E.01396
G1 X125.119 Y150.25 E1.10472
G1 X125.217 Y149.618 E.01905
G1 X98.853 Y175.982 E1.11184
G1 X98.782 Y175.519 E.01396
G1 X125.314 Y148.987 E1.11896
G1 X125.411 Y148.356 E.01905
G1 X98.71 Y175.057 E1.12608
G1 X98.639 Y174.594 E.01396
G1 X125.509 Y147.724 E1.1332
G1 X125.606 Y147.093 E.01905
G1 X98.568 Y174.132 E1.14032
G1 X98.496 Y173.669 E.01396
G1 X125.704 Y146.461 E1.14745
G1 X125.801 Y145.83 E.01905
G1 X98.425 Y173.207 E1.15457
G1 X98.353 Y172.744 E.01396
G1 X125.899 Y145.199 E1.16169
G1 X125.996 Y144.567 E.01905
G1 X98.282 Y172.282 E1.16881
G1 X98.211 Y171.819 E.01396
G1 X126.094 Y143.936 E1.17593
G1 X126.191 Y143.305 E.01905
G1 X98.139 Y171.357 E1.18305
G1 X98.068 Y170.894 E.01396
G1 X126.289 Y142.673 E1.19018
G1 X126.386 Y142.042 E.01905
G1 X97.996 Y170.432 E1.1973
G1 X97.925 Y169.969 E.01396
G1 X126.484 Y141.411 E1.20442
G1 X126.581 Y140.779 E.01905
G1 X97.854 Y169.507 E1.21154
G1 X97.782 Y169.044 E.01396
G1 X126.679 Y140.148 E1.21866
G1 X126.776 Y139.517 E.01905
G1 X97.711 Y168.582 E1.22578
G1 X97.639 Y168.119 E.01396
G1 X126.873 Y138.885 E1.2329
G1 X126.971 Y138.254 E.01905
G1 X97.568 Y167.657 E1.24003
G1 X97.497 Y167.194 E.01396
G1 X127.068 Y137.622 E1.24715
G1 X127.166 Y136.991 E.01905
G1 X97.425 Y166.732 E1.25427
G1 X97.354 Y166.269 E.01396
G1 X127.263 Y136.36 E1.26139
G1 X127.361 Y135.728 E.01905
G1 X97.283 Y165.807 E1.26851
G1 X97.211 Y165.344 E.01396
G1 X127.458 Y135.097 E1.27563
G1 X127.556 Y134.466 E.01905
G1 X97.14 Y164.882 E1.28276
G1 X97.068 Y164.419 E.01396
G1 X127.653 Y133.834 E1.28988
G1 X127.751 Y133.203 E.01905
G1 X96.997 Y163.957 E1.297
G1 X96.926 Y163.494 E.01396
G1 X127.848 Y132.572 E1.30412
G1 X127.946 Y131.94 E.01905
G1 X96.854 Y163.032 E1.31124
G1 X96.783 Y162.569 E.01396
G1 X156.901 Y102.451 E2.53541
G1 X157.233 Y101.585 E.02764
G1 X96.711 Y162.107 E2.55241
G1 X96.64 Y161.644 E.01396
G1 X157.564 Y100.72 E2.5694
G1 X157.889 Y99.861 E.02738
G1 X96.569 Y161.182 E2.58612
G1 X96.497 Y160.719 E.01396
G1 X158.113 Y99.104 E2.59856
G1 X158.336 Y98.346 E.02355
G1 X96.426 Y160.257 E2.611
G1 X96.354 Y159.794 E.01396
G1 X158.56 Y97.589 E2.62344
G1 X158.783 Y96.831 E.02355
G1 X96.283 Y159.332 E2.63588
G1 X96.212 Y158.869 E.01396
G1 X159.006 Y96.075 E2.64826
G1 X159.149 Y95.398 E.02063
G1 X96.14 Y158.407 E2.6573
G1 X96.069 Y157.944 E.01396
G1 X159.292 Y94.721 E2.66634
G1 X159.435 Y94.045 E.02063
G1 X95.997 Y157.482 E2.67538
G1 X95.926 Y157.019 E.01396
G1 X159.578 Y93.368 E2.68442
G1 X159.721 Y92.691 E.02063
G1 X95.855 Y156.557 E2.69346
G1 X95.783 Y156.094 E.01396
G1 X159.847 Y92.03 E2.70182
G1 X159.927 Y91.416 E.01846
G1 X95.712 Y155.632 E2.7082
G1 X95.64 Y155.169 E.01396
G1 X160.007 Y90.803 E2.71457
G1 X160.087 Y90.189 E.01846
G1 X95.569 Y154.707 E2.72095
G1 X95.498 Y154.244 E.01396
G1 X160.166 Y89.575 E2.72732
G1 X160.246 Y88.962 E.01846
G1 X95.426 Y153.782 E2.7337
G1 X95.355 Y153.319 E.01396
G1 X160.326 Y88.348 E2.74008
G1 X160.364 Y87.776 E.01708
G1 X95.283 Y152.857 E2.74468
G1 X95.212 Y152.394 E.01396
G1 X160.392 Y87.214 E2.74889
G1 X160.421 Y86.652 E.01679
G1 X95.141 Y151.932 E2.7531
G1 X95.069 Y151.469 E.01396
G1 X160.449 Y86.09 E2.75731
G1 X160.477 Y85.527 E.01679
G1 X94.998 Y151.007 E2.76151
G1 X94.926 Y150.544 E.01396
G1 X160.506 Y84.965 E2.76572
G1 X160.534 Y84.403 E.01679
G1 X94.855 Y150.082 E2.76993
G1 X94.784 Y149.619 E.01396
G1 X160.531 Y83.872 E2.77279
G1 X160.516 Y83.353 E.01549
G1 X94.712 Y149.157 E2.77518
G1 X94.641 Y148.694 E.01396
G1 X160.501 Y82.834 E2.77757
G1 X160.486 Y82.315 E.01549
G1 X94.569 Y148.232 E2.77996
G1 X94.498 Y147.769 E.01396
G1 X130.909 Y111.358 E1.5356
G1 X132.962 Y109.722 E.07829
G1 X135.437 Y107.308 E.10311
G1 X137.689 Y104.62 E.10455
G1 X137.779 Y104.488 E.00477
G1 X160.472 Y81.796 E.95703
G1 X160.457 Y81.277 E.01549
G1 X138.912 Y102.822 E.90863
G1 X139.64 Y101.75 E.03865
G1 X139.866 Y101.333 E.01412
G1 X160.442 Y80.758 E.86776
G1 X160.425 Y80.241 E.01542
G1 X140.499 Y100.166 E.84033
G1 X141.132 Y98.999 E.03959
G1 X160.373 Y79.759 E.81145
G1 X160.321 Y79.277 E.01446
G1 X141.582 Y98.016 E.79031
G1 X141.971 Y97.093 E.02988
G1 X160.269 Y78.795 E.7717
G1 X160.218 Y78.312 E.01446
G1 X142.361 Y96.17 E.7531
G1 X142.589 Y95.628 E.01754
G1 X142.688 Y95.308 E.00998
G1 X160.166 Y77.83 E.7371
G1 X160.114 Y77.348 E.01446
G1 X142.928 Y94.534 E.7248
G1 X143.168 Y93.76 E.02416
G1 X160.062 Y76.866 E.71249
G1 X160.01 Y76.384 E.01446
G1 X143.408 Y92.987 E.70019
G1 X143.638 Y92.223 E.02378
G1 X209.046 Y26.815 E2.75851
G1 X208.936 Y26.579 E.00777
G1 X208.859 Y26.468 E.00402
G1 X143.773 Y91.553 E2.74488
G1 X143.909 Y90.884 E.02038
G1 X201.369 Y33.424 E2.42328
G1 X201.103 Y33.455 E.00797
G1 X200.835 Y33.424 E.00805
G1 X144.045 Y90.214 E2.39506
G1 X144.181 Y89.544 E.02038
G1 X200.388 Y33.338 E2.37045
G1 X200.015 Y33.176 E.01211
G1 X144.316 Y88.875 E2.34902
G1 X144.376 Y88.282 E.01779
G1 X199.694 Y32.963 E2.33299
G1 X199.462 Y32.786 E.0087
G1 X199.406 Y32.717 E.00265
G1 X144.435 Y87.688 E2.31833
G1 X144.495 Y87.095 E.01779
G1 X199.169 Y32.421 E2.3058
G1 X199.016 Y32.176 E.00859
G1 X198.978 Y32.078 E.00316
G1 X144.554 Y86.501 E2.29524
G1 X144.614 Y85.908 E.01779
G1 X198.828 Y31.693 E2.28642
G1 X198.765 Y31.223 E.01416
G1 X144.661 Y85.327 E2.28175
G1 X144.661 Y84.793 E.01593
G1 X199.037 Y30.417 E2.29322
G1 E-.88121 F2400
;WIPE_START
G1 F7528.376
G1 X198.33 Y31.124 E-.31879
;WIPE_END
G1 F9000
G1 X198.881 Y31.3135 Z0.430769
G1 X199.28 Y31.7372 Z0.461538
G1 X199.437 Y32.2981 Z0.492308
G1 X199.316 Y32.8678 Z0.523077
G1 X198.943 Y33.3156 Z0.553846
G1 X198.405 Y33.5391 Z0.584615
G1 X197.825 Y33.487 Z0.615385
G1 X197.336 Y33.1712 Z0.646154
G1 X197.049 Y32.6641 Z0.676923
G1 X197.031 Y32.082 Z0.707692
G1 X197.285 Y31.558 Z0.738462
G1 X197.754 Y31.2123 Z0.769231
G1 X198.33 Y31.1241 Z0.8
G1 X203.229 Y31.564 Z.8
G1 Z.4
G1 E1.2 F1800
G1 F7528.376
G1 X208.638 Y26.154 E.22815
G1 X208.418 Y25.841 E.01143
G1 X203.429 Y30.83 E.21039
G1 X203.402 Y30.594 E.00707
G1 X203.344 Y30.381 E.00658
G1 X208.198 Y25.527 E.20471
G1 X207.969 Y25.222 E.01137
G1 X203.183 Y30.008 E.20184
G1 X203.146 Y29.921 E.00284
G1 X202.968 Y29.689 E.0087
G1 X207.701 Y24.956 E.19962
G1 X207.433 Y24.69 E.01126
G1 X202.726 Y29.398 E.19853
G1 X202.423 Y29.167 E.01136
G1 X207.165 Y24.424 E.2
G1 X206.897 Y24.158 E.01126
G1 X202.083 Y28.972 E.20302
G1 X201.799 Y28.851 E.0092
G1 X201.696 Y28.825 E.00317
G1 X206.584 Y23.937 E.20614
G1 X206.268 Y23.719 E.01145
G1 X201.229 Y28.759 E.21253
G1 X200.991 Y28.752 E.00709
G1 X200.651 Y28.803 E.01025
G1 X205.953 Y23.501 E.22357
G1 X205.637 Y23.283 E.01145
G1 X144.662 Y84.258 E2.57155
G1 X144.662 Y83.724 E.01593
G1 X205.282 Y23.105 E2.55656
G1 X204.915 Y22.938 E.01202
G1 X144.662 Y83.19 E2.54108
G1 X144.662 Y82.656 E.01593
G1 X204.548 Y22.771 E2.5256
G1 X204.181 Y22.604 E.01202
G1 X144.662 Y82.122 E2.51012
G1 X144.625 Y81.626 E.01484
G1 X203.767 Y22.484 E2.49425
G1 X203.342 Y22.375 E.01309
G1 X144.576 Y81.141 E2.47836
G1 X144.528 Y80.655 E.01455
G1 X202.916 Y22.267 E2.46247
G1 X202.48 Y22.169 E.01334
G1 X144.479 Y80.17 E2.4461
G1 X144.43 Y79.685 E.01455
G1 X201.982 Y22.133 E2.42716
G1 X201.484 Y22.097 E.01488
G1 X144.382 Y79.199 E2.40822
G1 X144.333 Y78.714 E.01455
G1 X200.987 Y22.061 E2.38927
G1 X200.395 Y22.118 E.01772
G1 X144.263 Y78.251 E2.36731
G1 X144.172 Y77.807 E.0135
G1 X199.799 Y22.181 E2.34596
G1 X199.37 Y22.226 E.01286
G1 X199.159 Y22.287 E.00655
G1 X144.082 Y77.363 E2.32277
G1 X143.992 Y76.92 E.0135
G1 X198.407 Y22.505 E2.29488
G1 X197.634 Y22.744 E.02415
G1 X143.902 Y76.476 E2.26607
G1 X143.811 Y76.032 E.0135
G1 X196.761 Y23.083 E2.23306
G1 X195.888 Y23.422 E.02792
G1 X143.721 Y75.589 E2.20005
G1 X143.631 Y75.145 E.0135
G1 X195.015 Y23.761 E2.16705
G1 X194.142 Y24.1 E.02792
G1 X143.508 Y74.734 E2.13541
G1 X143.382 Y74.326 E.01272
G1 X193.269 Y24.439 E2.10392
G1 X192.396 Y24.778 E.02792
G1 X143.256 Y73.919 E2.07244
G1 X143.129 Y73.511 E.01272
G1 X191.523 Y25.117 E2.04095
G1 X190.65 Y25.456 E.02792
G1 X143.003 Y73.104 E2.00947
G1 X142.877 Y72.696 E.01272
G1 X189.778 Y25.795 E1.97799
G1 X188.905 Y26.134 E.02792
G1 X142.75 Y72.289 E1.9465
G1 X142.624 Y71.881 E.01272
G1 X188.032 Y26.473 E1.91502
G1 X187.159 Y26.812 E.02792
G1 X142.473 Y71.498 E1.88455
G1 X142.315 Y71.122 E.01216
G1 X186.286 Y27.151 E1.85441
G1 X185.413 Y27.49 E.02792
G1 X142.157 Y70.746 E1.82427
G1 X141.999 Y70.371 E.01216
G1 X184.54 Y27.829 E1.79413
G1 X183.667 Y28.168 E.02792
G1 X141.84 Y69.995 E1.76399
G1 X141.682 Y69.619 E.01216
G1 X182.794 Y28.507 E1.73385
G1 X181.922 Y28.846 E.02792
G1 X141.524 Y69.244 E1.70371
G1 X141.366 Y68.868 E.01216
G1 X181.049 Y29.185 E1.67357
G1 X180.176 Y29.524 E.02792
G1 X141.19 Y68.51 E1.64419
G1 X141.002 Y68.164 E.01174
G1 X179.303 Y29.863 E1.61529
G1 X178.43 Y30.202 E.02792
G1 X140.814 Y67.818 E1.58638
G1 X140.627 Y67.471 E.01174
G1 X177.557 Y30.541 E1.55748
G1 X176.684 Y30.88 E.02792
G1 X140.439 Y67.125 E1.52858
G1 X140.252 Y66.779 E.01174
G1 X175.811 Y31.219 E1.49968
G1 X174.938 Y31.558 E.02792
G1 X140.064 Y66.433 E1.47078
G1 X139.876 Y66.086 E.01174
G1 X174.066 Y31.897 E1.44188
G1 X173.193 Y32.236 E.02792
G1 X139.689 Y65.74 E1.41298
G1 X139.481 Y65.413 E.01154
G1 X172.32 Y32.575 E1.38491
G1 X171.447 Y32.914 E.02792
G1 X139.265 Y65.096 E1.35721
G1 X139.049 Y64.778 E.01146
G1 X170.574 Y33.253 E1.32951
G1 X169.701 Y33.592 E.02792
G1 X138.833 Y64.46 E1.30181
G1 X138.617 Y64.142 E.01146
G1 X168.828 Y33.931 E1.27411
G1 X167.955 Y34.27 E.02792
G1 X138.401 Y63.824 E1.24641
G1 X138.185 Y63.507 E.01146
G1 X167.082 Y34.609 E1.21871
G1 X166.209 Y34.948 E.02792
G1 X137.969 Y63.189 E1.19102
G1 X137.753 Y62.871 E.01146
G1 X165.337 Y35.287 E1.16332
G1 X164.464 Y35.626 E.02792
G1 X137.516 Y62.574 E1.13649
G1 X137.272 Y62.284 E.0113
G1 X163.591 Y35.965 E1.10994
G1 X162.718 Y36.304 E.02792
G1 X137.029 Y61.993 E1.0834
G1 X136.785 Y61.703 E.0113
G1 X161.845 Y36.643 E1.05685
G1 X160.972 Y36.982 E.02792
G1 X136.542 Y61.412 E1.03031
G1 X136.299 Y61.122 E.0113
G1 X160.099 Y37.321 E1.00376
G1 X159.226 Y37.66 E.02792
G1 X136.055 Y60.831 E.97722
G1 X135.812 Y60.541 E.0113
G1 X158.353 Y37.999 E.95067
G1 X157.481 Y38.338 E.02792
G1 X135.568 Y60.251 E.92413
G1 X135.314 Y59.97 E.01127
G1 X156.608 Y38.677 E.89801
G1 X155.735 Y39.016 E.02792
G1 X135.044 Y59.707 E.8726
G1 X134.774 Y59.443 E.01126
G1 X154.862 Y39.355 E.84719
G1 X153.989 Y39.694 E.02792
G1 X134.503 Y59.18 E.82178
G1 X134.233 Y58.916 E.01126
G1 X153.116 Y40.033 E.79637
G1 X152.243 Y40.372 E.02792
G1 X133.963 Y58.653 E.77096
G1 X133.692 Y58.389 E.01126
G1 X151.37 Y40.711 E.74555
G1 X150.497 Y41.05 E.02792
G1 X133.422 Y58.126 E.72014
G1 X133.152 Y57.862 E.01126
G1 X149.625 Y41.389 E.69473
G1 X148.752 Y41.728 E.02792
G1 X132.874 Y57.606 E.66963
G1 X132.577 Y57.369 E.01133
G1 X147.879 Y42.067 E.64535
G1 X147.006 Y42.406 E.02792
G1 X132.279 Y57.133 E.62107
G1 X131.982 Y56.896 E.01133
G1 X146.133 Y42.745 E.59679
G1 X145.26 Y43.084 E.02792
G1 X131.685 Y56.659 E.57251
G1 X131.388 Y56.422 E.01133
G1 X144.387 Y43.423 E.54823
G1 X143.514 Y43.762 E.02792
G1 X131.091 Y56.186 E.52395
G1 X130.794 Y55.949 E.01133
G1 X142.641 Y44.101 E.49967
G1 X142.295 Y44.235 E.01107
G1 X142.01 Y44.294 E.0087
G1 X141.924 Y44.284 E.00256
G1 X130.496 Y55.712 E.48196
G1 X130.195 Y55.48 E.01135
G1 X141.51 Y44.165 E.47718
G1 X141.2 Y43.941 E.0114
G1 X129.871 Y55.27 E.47779
G1 X129.546 Y55.061 E.01152
G1 X140.891 Y43.716 E.47845
G1 X140.582 Y43.491 E.0114
G1 X129.221 Y54.852 E.47912
G1 X128.897 Y54.642 E.01152
G1 X140.273 Y43.266 E.47979
G1 X139.965 Y43.041 E.0114
G1 X128.572 Y54.433 E.48046
G1 X128.248 Y54.224 E.01152
G1 X139.656 Y42.816 E.48112
G1 X139.347 Y42.59 E.0114
G1 X127.923 Y54.014 E.48179
G1 X127.599 Y53.805 E.01152
G1 X139.038 Y42.365 E.48246
G1 X138.73 Y42.14 E.0114
G1 X127.268 Y53.601 E.48337
G1 X126.915 Y53.421 E.01183
G1 X138.421 Y41.915 E.48525
G1 X138.107 Y41.695 E.01143
G1 X126.562 Y53.24 E.48692
G1 X126.208 Y53.06 E.01183
G1 X137.777 Y41.491 E.48788
G1 X137.446 Y41.288 E.01157
G1 X125.855 Y52.879 E.48884
G1 X125.501 Y52.699 E.01183
G1 X137.115 Y41.085 E.4898
G1 X136.785 Y40.882 E.01157
G1 X125.148 Y52.518 E.49076
G1 X124.795 Y52.338 E.01183
G1 X136.454 Y40.678 E.49172
G1 X136.123 Y40.475 E.01157
G1 X124.441 Y52.157 E.49268
G1 X124.078 Y51.987 E.01197
G1 X135.793 Y40.272 E.49406
G1 X135.462 Y40.069 E.01157
G1 X123.694 Y51.836 E.49629
G1 X123.311 Y51.686 E.01228
G1 X135.132 Y39.865 E.49852
G1 X134.801 Y39.662 E.01157
G1 X122.927 Y51.536 E.50076
G1 X122.544 Y51.385 E.01228
G1 X134.452 Y39.477 E.5022
G1 X134.099 Y39.297 E.01183
G1 X122.16 Y51.235 E.50348
G1 X121.777 Y51.085 E.01228
G1 X133.745 Y39.116 E.50476
G1 X133.392 Y38.935 E.01183
G1 X121.393 Y50.934 E.50604
G1 X121.003 Y50.791 E.0124
G1 X133.039 Y38.755 E.50761
G1 X132.686 Y38.574 E.01183
G1 X120.587 Y50.673 E.51027
G1 X120.17 Y50.555 E.0129
G1 X132.333 Y38.393 E.51293
G1 X131.979 Y38.212 E.01183
G1 X119.754 Y50.438 E.51558
G1 X119.338 Y50.32 E.0129
G1 X131.626 Y38.032 E.51824
G1 X131.273 Y37.851 E.01183
G1 X118.922 Y50.202 E.5209
G1 X118.506 Y50.085 E.0129
G1 X130.898 Y37.692 E.52264
G1 X130.521 Y37.535 E.01218
G1 X118.089 Y49.967 E.52429
G1 X117.665 Y49.857 E.01307
G1 X130.144 Y37.378 E.52629
G1 X129.767 Y37.221 E.01218
G1 X117.212 Y49.777 E.52952
G1 X116.758 Y49.697 E.01374
G1 X129.39 Y37.064 E.53275
G1 X129.013 Y36.908 E.01218
G1 X116.304 Y49.617 E.53598
G1 X115.85 Y49.536 E.01374
G1 X128.636 Y36.751 E.53922
G1 X128.259 Y36.594 E.01218
G1 X115.397 Y49.456 E.54245
G1 X114.943 Y49.376 E.01374
G1 X127.882 Y36.437 E.54568
G1 X127.501 Y36.284 E.01224
G1 X114.489 Y49.296 E.54875
G1 X114.01 Y49.241 E.01439
G1 X127.099 Y36.153 E.552
G1 X126.696 Y36.021 E.01263
G1 X113.513 Y49.205 E.55599
G1 X113.016 Y49.168 E.01486
G1 X126.294 Y35.89 E.55997
G1 X125.891 Y35.759 E.01263
G1 X112.519 Y49.131 E.56396
G1 X112.022 Y49.094 E.01486
G1 X125.489 Y35.627 E.56794
G1 X125.086 Y35.496 E.01263
G1 X111.525 Y49.057 E.57193
G1 X111.028 Y49.02 E.01486
G1 X124.683 Y35.364 E.57591
G1 X124.281 Y35.233 E.01263
G1 X110.5 Y49.014 E.58118
G1 X109.952 Y49.028 E.01634
G1 X123.878 Y35.102 E.58731
G1 X123.455 Y34.991 E.01304
G1 X109.405 Y49.041 E.59257
G1 X108.857 Y49.055 E.01634
G1 X123.025 Y34.887 E.59753
G1 X122.595 Y34.783 E.0132
G1 X108.309 Y49.069 E.60248
G1 X107.762 Y49.083 E.01634
G1 X122.165 Y34.68 E.60744
G1 X121.735 Y34.576 E.0132
G1 X107.182 Y49.129 E.61376
G1 X106.573 Y49.204 E.01828
G1 X121.304 Y34.472 E.62128
G1 X120.874 Y34.369 E.0132
G1 X105.964 Y49.279 E.62881
G1 X105.356 Y49.353 E.01828
G1 X120.444 Y34.265 E.63633
G1 X120.014 Y34.161 E.0132
G1 X104.747 Y49.428 E.64386
G1 X104.139 Y49.503 E.01828
G1 X119.561 Y34.08 E.65043
G1 X119.101 Y34.007 E.01391
G1 X103.47 Y49.637 E.65919
G1 X102.778 Y49.796 E.02119
G1 X118.64 Y33.933 E.66897
G1 X118.179 Y33.86 E.01391
G1 X102.085 Y49.954 E.67876
G1 X101.392 Y50.113 E.02119
G1 X117.719 Y33.787 E.68854
G1 X117.258 Y33.714 E.01391
G1 X100.7 Y50.272 E.69833
G1 X99.916 Y50.521 E.02452
G1 X116.798 Y33.64 E.71194
G1 X116.337 Y33.567 E.01391
G1 X99.11 Y50.794 E.72653
G1 X98.303 Y51.067 E.02539
G1 X115.87 Y33.5 E.74084
G1 X115.375 Y33.461 E.0148
G1 X97.497 Y51.339 E.75399
G1 X97.257 Y51.42 E.00755
G1 X96.573 Y51.729 E.02238
G1 X114.88 Y33.422 E.77207
G1 X114.385 Y33.383 E.0148
G1 X95.6 Y52.169 E.79225
G1 X94.627 Y52.608 E.03184
G1 X113.891 Y33.344 E.81243
G1 X113.396 Y33.305 E.0148
G1 X93.491 Y53.209 E.83944
G1 X92.234 Y53.933 E.04327
G1 X112.901 Y33.266 E.87161
G1 X112.406 Y33.227 E.0148
G1 X90.117 Y55.516 E.94001
G1 E-.88121 F2400
;WIPE_START
G1 F7528.376
G1 X90.824 Y54.809 E-.31879
;WIPE_END
G1 F9000
G1 X91.0267 Y55.3548 Z0.430769
G1 X90.9521 Y55.9325 Z0.461538
G1 X90.6176 Y56.4093 Z0.492308
G1 X90.0999 Y56.6762 Z0.523077
G1 X89.5174 Y56.6718 Z0.553846
G1 X89.0037 Y56.3972 Z0.584615
G1 X88.6764 Y55.9154 Z0.615385
G1 X88.6105 Y55.3366 Z0.646154
G1 X88.8212 Y54.7936 Z0.676923
G1 X89.2601 Y54.4106 Z0.707692
G1 X89.8266 Y54.2755 Z0.738462
G1 X90.3911 Y54.4191 Z0.769231
G1 X90.8242 Y54.8086 Z0.8
G1 X129.696 Y112.038 Z.8
G1 Z.4
G1 E1.2 F1800
G1 F7528.376
G1 X94.427 Y147.307 E1.48743
G1 X94.355 Y146.844 E.01396
G1 X127.626 Y113.574 E1.40315
G1 X127.301 Y113.783 E.01154
G1 X126.446 Y114.219 E.0286
G1 X94.284 Y146.382 E1.35641
G1 X94.212 Y145.919 E.01396
G1 X125.356 Y114.776 E1.31343
G1 X124.265 Y115.333 E.03651
G1 X94.141 Y145.457 E1.27045
G1 X94.07 Y144.994 E.01396
G1 X123.378 Y115.686 E1.23604
G1 X122.499 Y116.031 E.02815
G1 X93.998 Y144.532 E1.202
G1 X93.927 Y144.069 E.01396
G1 X121.621 Y116.376 E1.16795
G1 X121.097 Y116.581 E.01679
G1 X120.796 Y116.666 E.00931
G1 X93.855 Y143.607 E1.13619
G1 X93.784 Y143.144 E.01396
G1 X120.052 Y116.877 E1.10781
G1 X119.308 Y117.087 E.02307
G1 X93.713 Y142.682 E1.07943
G1 X93.641 Y142.219 E.01396
G1 X118.563 Y117.297 E1.05105
G1 X117.819 Y117.508 E.02307
G1 X93.57 Y141.757 E1.02267
G1 X93.498 Y141.294 E.01396
G1 X117.162 Y117.631 E.99796
G1 X116.513 Y117.746 E.01965
G1 X93.427 Y140.832 E.97361
G1 X93.356 Y140.369 E.01396
G1 X115.864 Y117.861 E.94926
G1 X115.215 Y117.976 E.01965
G1 X93.284 Y139.907 E.9249
G1 X93.213 Y139.444 E.01396
G1 X114.566 Y118.091 E.90055
G1 X114.333 Y118.132 E.00707
G1 X113.963 Y118.16 E.01105
G1 X93.141 Y138.982 E.87813
G1 X93.07 Y138.519 E.01396
G1 X113.386 Y118.204 E.85679
G1 X112.808 Y118.247 E.01727
G1 X92.999 Y138.057 E.83545
G1 X92.927 Y137.594 E.01396
G1 X112.231 Y118.291 E.81411
G1 X111.654 Y118.334 E.01727
G1 X92.856 Y137.132 E.79277
G1 X92.784 Y136.669 E.01396
G1 X111.076 Y118.378 E.77144
G1 X110.868 Y118.393 E.00623
G1 X110.535 Y118.385 E.00993
G1 X92.713 Y136.207 E.75162
G1 X92.642 Y135.744 E.01396
G1 X110.014 Y118.372 E.73267
G1 X109.493 Y118.359 E.01554
G1 X92.57 Y135.282 E.71371
G1 X92.499 Y134.819 E.01396
G1 X108.973 Y118.346 E.69476
G1 X108.452 Y118.333 E.01554
G1 X92.427 Y134.357 E.6758
G1 X92.356 Y133.894 E.01396
G1 X107.931 Y118.32 E.65685
G1 X107.41 Y118.307 E.01554
G1 X92.285 Y133.432 E.63789
G1 X92.213 Y132.969 E.01396
G1 X106.935 Y118.248 E.62085
G1 X106.46 Y118.188 E.01425
G1 X92.142 Y132.507 E.60387
G1 X92.071 Y132.045 E.01396
G1 X105.986 Y118.129 E.58688
G1 X105.512 Y118.069 E.01425
G1 X91.999 Y131.582 E.56989
G1 X91.971 Y131.4 E.0055
G1 X91.89 Y131.158 E.00762
G1 X105.038 Y118.009 E.55451
G1 X104.564 Y117.95 E.01425
G1 X91.654 Y130.859 E.54444
G1 X91.513 Y130.751 E.00532
G1 X91.316 Y130.664 E.00642
G1 X104.089 Y117.89 E.53871
G1 X103.643 Y117.802 E.01356
G1 X90.946 Y130.5 E.5355
G1 X90.576 Y130.336 E.01207
G1 X103.209 Y117.703 E.53279
G1 X102.775 Y117.603 E.01329
G1 X90.206 Y130.172 E.53007
G1 X89.836 Y130.008 E.01207
G1 X102.341 Y117.503 E.52736
G1 X101.906 Y117.404 E.01329
G1 X89.466 Y129.844 E.52465
G1 X89.096 Y129.68 E.01207
G1 X101.472 Y117.304 E.52193
G1 X101.038 Y117.204 E.01329
G1 X88.726 Y129.516 E.51922
G1 X88.356 Y129.352 E.01207
G1 X100.603 Y117.105 E.51651
G1 X100.201 Y116.973 E.01263
G1 X87.986 Y129.188 E.51513
G1 X87.625 Y129.015 E.01194
G1 X99.802 Y116.839 E.51353
G1 X99.403 Y116.704 E.01256
G1 X87.279 Y128.828 E.51131
G1 X86.932 Y128.641 E.01175
G1 X99.003 Y116.569 E.50908
G1 X98.604 Y116.435 E.01256
G1 X86.586 Y128.453 E.50686
G1 X86.239 Y128.266 E.01175
G1 X98.205 Y116.3 E.50463
G1 X97.806 Y116.165 E.01256
G1 X85.893 Y128.078 E.50241
G1 X85.546 Y127.891 E.01175
G1 X97.407 Y116.031 E.50018
G1 X97.03 Y115.873 E.01217
G1 X85.2 Y127.703 E.49891
G1 X84.854 Y127.516 E.01175
G1 X96.662 Y115.707 E.498
G1 X96.294 Y115.541 E.01204
G1 X84.507 Y127.328 E.4971
G1 X84.163 Y127.138 E.01171
G1 X95.926 Y115.376 E.49607
G1 X95.558 Y115.21 E.01204
G1 X83.839 Y126.928 E.49423
G1 X83.515 Y126.719 E.01151
G1 X95.19 Y115.044 E.49238
G1 X94.822 Y114.878 E.01204
G1 X83.191 Y126.509 E.49053
G1 X82.867 Y126.299 E.01151
G1 X94.454 Y114.712 E.48869
G1 X94.095 Y114.537 E.01192
G1 X82.543 Y126.089 E.48719
G1 X82.218 Y125.88 E.01151
G1 X93.756 Y114.342 E.48658
G1 X93.417 Y114.147 E.01166
G1 X81.894 Y125.67 E.48596
G1 X81.57 Y125.46 E.01151
G1 X93.078 Y113.952 E.48535
G1 X92.74 Y113.757 E.01166
G1 X81.246 Y125.251 E.48473
G1 X80.922 Y125.041 E.01151
G1 X92.401 Y113.562 E.48411
G1 X92.062 Y113.367 E.01166
G1 X80.618 Y124.811 E.48264
G1 X80.315 Y124.58 E.01136
G1 X91.723 Y113.172 E.48112
G1 X91.385 Y112.976 E.01166
G1 X80.013 Y124.348 E.47959
G1 X79.71 Y124.117 E.01136
G1 X91.058 Y112.769 E.47858
G1 X90.747 Y112.546 E.01141
G1 X79.408 Y123.885 E.47823
G1 X79.105 Y123.654 E.01136
G1 X90.436 Y112.323 E.47788
G1 X90.126 Y112.1 E.01141
G1 X78.803 Y123.423 E.47753
G1 X78.5 Y123.191 E.01136
G1 X89.815 Y111.877 E.47718
G1 X89.504 Y111.654 E.01141
G1 X78.198 Y122.96 E.47683
G1 X77.895 Y122.729 E.01136
G1 X89.193 Y111.431 E.47648
G1 X88.882 Y111.208 E.01141
G1 X77.603 Y122.487 E.4757
G1 X77.321 Y122.235 E.01127
G1 X88.571 Y110.985 E.47445
G1 X88.272 Y110.751 E.01134
G1 X77.04 Y121.982 E.47367
G1 X76.759 Y121.729 E.01127
G1 X87.988 Y110.5 E.47357
G1 X87.704 Y110.25 E.01128
G1 X76.478 Y121.477 E.47346
G1 X76.196 Y121.224 E.01127
G1 X87.42 Y110 E.47335
G1 X87.136 Y109.75 E.01128
G1 X75.915 Y120.972 E.47325
G1 X75.634 Y120.719 E.01127
G1 X86.853 Y109.5 E.47314
G1 X86.569 Y109.25 E.01128
G1 X75.352 Y120.466 E.47304
G1 X75.071 Y120.214 E.01127
G1 X86.285 Y109 E.47293
G1 X86.001 Y108.75 E.01128
G1 X74.79 Y119.961 E.47283
G1 X74.528 Y119.689 E.01126
G1 X85.723 Y108.494 E.47212
G1 X85.466 Y108.217 E.01127
G1 X74.268 Y119.415 E.47226
G1 X74.008 Y119.141 E.01126
G1 X85.209 Y107.94 E.4724
G1 X84.952 Y107.663 E.01127
G1 X73.748 Y118.868 E.47254
G1 X73.487 Y118.594 E.01126
G1 X84.695 Y107.386 E.47268
G1 X84.438 Y107.109 E.01127
G1 X73.227 Y118.32 E.47282
G1 X72.967 Y118.047 E.01126
G1 X84.182 Y106.832 E.47296
G1 X83.925 Y106.555 E.01127
G1 X72.707 Y117.773 E.4731
G1 X72.447 Y117.499 E.01126
G1 X83.668 Y106.278 E.47324
G1 X83.411 Y106.001 E.01127
G1 X72.186 Y117.226 E.47338
G1 X71.934 Y116.944 E.01128
G1 X83.18 Y105.698 E.47427
G1 X82.95 Y105.394 E.01137
G1 X71.695 Y116.649 E.47465
G1 X71.456 Y116.354 E.01132
G1 X82.72 Y105.09 E.47504
G1 X82.49 Y104.786 E.01137
G1 X71.217 Y116.059 E.47543
G1 X70.978 Y115.765 E.01132
G1 X82.26 Y104.482 E.47581
G1 X82.03 Y104.178 E.01137
G1 X70.739 Y115.47 E.4762
G1 X70.5 Y115.175 E.01132
G1 X81.8 Y103.874 E.47658
G1 X81.57 Y103.57 E.01137
G1 X70.261 Y114.88 E.47697
G1 X70.022 Y114.585 E.01132
G1 X81.341 Y103.266 E.47736
G1 X81.135 Y102.938 E.01155
G1 X69.783 Y114.29 E.47877
G1 X69.544 Y113.996 E.01132
G1 X80.933 Y102.607 E.48032
G1 X80.73 Y102.275 E.01158
G1 X69.323 Y113.682 E.48107
G1 X69.106 Y113.366 E.01145
G1 X80.528 Y101.943 E.48172
G1 X80.326 Y101.612 E.01158
G1 X68.888 Y113.049 E.48236
G1 X68.671 Y112.733 E.01145
G1 X80.124 Y101.28 E.48301
G1 X79.921 Y100.948 E.01158
G1 X68.453 Y112.417 E.48365
G1 X68.236 Y112.1 E.01145
G1 X79.719 Y100.617 E.4843
G1 X79.517 Y100.285 E.01158
G1 X68.018 Y111.784 E.48494
G1 X67.801 Y111.468 E.01145
G1 X79.343 Y99.925 E.48679
G1 X79.17 Y99.564 E.01193
G1 X67.583 Y111.151 E.48867
G1 X67.365 Y110.835 E.01145
G1 X78.997 Y99.203 E.49055
G1 X78.824 Y98.842 E.01193
G1 X67.159 Y110.507 E.49196
G1 X66.964 Y110.169 E.01166
G1 X78.651 Y98.481 E.4929
G1 X78.478 Y98.121 E.01193
G1 X66.768 Y109.83 E.49385
G1 X66.573 Y109.492 E.01166
G1 X78.305 Y97.76 E.49479
G1 X78.132 Y97.399 E.01193
G1 X66.377 Y109.153 E.49573
G1 X66.182 Y108.815 E.01166
G1 X77.965 Y97.032 E.49692
G1 X77.822 Y96.641 E.01242
G1 X65.986 Y108.477 E.49916
G1 X65.791 Y108.138 E.01166
G1 X77.68 Y96.249 E.50139
G1 X77.538 Y95.858 E.01242
G1 X65.596 Y107.8 E.50363
G1 X65.4 Y107.461 E.01166
G1 X77.395 Y95.466 E.50587
G1 X77.253 Y95.075 E.01242
G1 X65.212 Y107.116 E.50781
G1 X65.04 Y106.754 E.01194
G1 X77.111 Y94.683 E.50908
G1 X76.968 Y94.291 E.01242
G1 X64.867 Y106.392 E.51034
G1 X64.695 Y106.031 E.01194
G1 X76.831 Y93.895 E.51182
G1 X76.722 Y93.47 E.01309
G1 X64.523 Y105.669 E.5145
G1 X64.35 Y105.308 E.01194
G1 X76.614 Y93.044 E.51718
G1 X76.505 Y92.619 E.01309
G1 X64.178 Y104.946 E.51986
G1 X64.006 Y104.585 E.01194
G1 X76.396 Y92.194 E.52254
G1 X76.287 Y91.769 E.01309
G1 X63.833 Y104.223 E.52522
G1 X63.661 Y103.861 E.01194
G1 X76.178 Y91.344 E.52791
G1 X76.07 Y90.919 E.01309
G1 X63.497 Y103.491 E.53022
G1 X63.35 Y103.105 E.01233
G1 X75.971 Y90.483 E.53231
G1 X75.901 Y90.02 E.01398
G1 X63.202 Y102.719 E.53558
G1 X63.054 Y102.333 E.01233
G1 X75.831 Y89.556 E.53885
G1 X75.76 Y89.093 E.01398
G1 X62.906 Y101.947 E.54212
G1 X62.758 Y101.561 E.01233
G1 X75.69 Y88.629 E.54539
G1 X75.62 Y88.166 E.01398
G1 X62.61 Y101.175 E.54866
G1 X62.462 Y100.789 E.01233
G1 X75.549 Y87.702 E.55193
G1 X75.479 Y87.238 E.01398
G1 X62.314 Y100.403 E.5552
G1 X62.166 Y100.017 E.01233
G1 X75.449 Y86.735 E.56017
G1 X75.423 Y86.226 E.01518
G1 X62.037 Y99.612 E.56454
G1 X61.916 Y99.2 E.01282
G1 X75.398 Y85.718 E.56859
G1 X75.372 Y85.209 E.01518
G1 X61.794 Y98.788 E.57265
G1 X61.672 Y98.376 E.01282
G1 X75.347 Y84.701 E.57671
G1 X75.321 Y84.193 E.01518
G1 X61.551 Y97.963 E.58076
G1 X61.429 Y97.551 E.01282
G1 X75.296 Y83.684 E.58482
G1 X75.324 Y83.123 E.01677
G1 X61.307 Y97.139 E.59111
G1 X61.186 Y96.727 E.01282
G1 X75.352 Y82.56 E.59744
G1 X75.38 Y81.998 E.01679
G1 X61.064 Y96.314 E.60377
G1 X60.997 Y96.086 E.00709
G1 X60.955 Y95.889 E.006
G1 X75.409 Y81.436 E.60956
G1 X75.437 Y80.874 E.01679
G1 X60.862 Y95.449 E.61468
G1 X60.769 Y95.008 E.01343
G1 X75.465 Y80.311 E.61981
G1 X75.55 Y79.693 E.01863
G1 X60.676 Y94.567 E.62731
G1 X60.583 Y94.126 E.01343
G1 X75.646 Y79.063 E.63526
G1 X75.741 Y78.434 E.01898
G1 X60.49 Y93.686 E.64321
G1 X60.396 Y93.245 E.01343
G1 X75.836 Y77.805 E.65116
G1 X75.932 Y77.176 E.01898
G1 X60.303 Y92.804 E.65911
G1 X60.21 Y92.363 E.01343
G1 X76.062 Y76.512 E.66852
G1 X76.245 Y75.794 E.02209
G1 X60.136 Y91.903 E.67939
G1 X60.075 Y91.431 E.01421
G1 X76.429 Y75.077 E.68972
G1 X76.613 Y74.359 E.02209
G1 X60.013 Y90.958 E.70006
G1 X59.952 Y90.486 E.01421
G1 X76.796 Y73.642 E.71039
G1 X76.851 Y73.428 E.00657
G1 X77.066 Y72.838 E.01872
G1 X59.89 Y90.013 E.72434
G1 X59.829 Y89.541 E.01421
G1 X77.371 Y71.999 E.73982
G1 X77.677 Y71.159 E.02664
G1 X59.768 Y89.069 E.75529
G1 X59.706 Y88.596 E.01421
G1 X77.982 Y70.32 E.77077
G1 X78.463 Y69.305 E.03349
G1 X59.653 Y88.115 E.79329
G1 X59.628 Y87.607 E.01518
G1 X78.955 Y68.279 E.81512
G1 X79.447 Y67.253 E.03393
G1 X59.602 Y87.099 E.83696
G1 X59.576 Y86.59 E.01518
G1 X80.243 Y65.924 E.87158
G1 X81.076 Y64.557 E.04775
G1 X59.551 Y86.082 E.90781
G1 X59.525 Y85.574 E.01518
G1 X82.502 Y62.597 E.96904
G1 X83.406 Y61.402 E.04465
G1 X85.769 Y58.855 E.10363
G1 X88.357 Y56.57 E.10295
G1 X88.965 Y56.134 E.0223
G1 X111.905 Y33.194 E.96748
G1 X111.371 Y33.194 E.01592
G1 X59.499 Y85.066 E2.18762
G1 X59.474 Y84.557 E.01518
G1 X110.837 Y33.194 E2.16619
G1 X110.303 Y33.194 E.01592
G1 X59.465 Y84.032 E2.14405
G1 X59.48 Y83.483 E.01639
G1 X109.769 Y33.194 E2.12087
G1 X109.236 Y33.194 E.01592
G1 X59.496 Y82.933 E2.0977
G1 X59.512 Y82.384 E.01639
G1 X108.702 Y33.194 E2.07452
G1 X108.168 Y33.194 E.01592
G1 X59.527 Y81.834 E2.05135
G1 X59.543 Y81.285 E.01639
G1 X107.602 Y33.226 E2.02682
G1 X107.022 Y33.272 E.01734
G1 X59.559 Y80.735 E2.00171
G1 X59.582 Y80.178 E.01663
G1 X106.442 Y33.318 E1.97628
G1 X105.863 Y33.363 E.01734
G1 X59.646 Y79.58 E1.94914
G1 X59.71 Y78.983 E.01793
G1 X105.283 Y33.409 E1.922
G1 X104.703 Y33.455 E.01734
G1 X59.773 Y78.385 E1.89486
G1 X59.837 Y77.787 E.01793
G1 X104.124 Y33.501 E1.86772
G1 X103.497 Y33.593 E.01888
G1 X59.901 Y77.189 E1.8386
G1 X59.965 Y76.592 E.01793
G1 X102.862 Y33.694 E1.80914
G1 X102.227 Y33.795 E.01917
G1 X59.997 Y76.026 E1.78101
G1 X59.954 Y75.856 E.00522
G1 X59.838 Y75.651 E.00704
G1 X101.593 Y33.896 E1.76093
G1 X100.958 Y33.997 E.01917
G1 X59.574 Y75.381 E1.7453
G1 X59.278 Y75.143 E.01132
G1 X100.323 Y34.098 E1.73101
G1 X100.1 Y34.134 E.00674
G1 X99.643 Y34.244 E.014
G1 X58.982 Y74.905 E1.71485
G1 X58.686 Y74.668 E.01132
G1 X98.94 Y34.413 E1.69767
G1 X98.236 Y34.583 E.02158
G1 X58.39 Y74.43 E1.68048
G1 X58.094 Y74.192 E.01132
G1 X97.533 Y34.753 E1.6633
G1 X96.829 Y34.922 E.02158
G1 X57.798 Y73.954 E1.64612
G1 X57.502 Y73.716 E.01132
G1 X96.113 Y35.104 E1.6284
G1 X95.321 Y35.363 E.02486
G1 X57.205 Y73.478 E1.60746
G1 X56.909 Y73.241 E.01132
G1 X94.528 Y35.622 E1.58652
G1 X93.736 Y35.88 E.02486
G1 X56.613 Y73.003 E1.56559
G1 X56.317 Y72.765 E.01132
G1 X92.943 Y36.139 E1.54465
G1 X92.438 Y36.304 E.01586
G1 X92.107 Y36.442 E.01069
G1 X56.021 Y72.527 E1.52185
G1 X55.725 Y72.289 E.01132
G1 X91.192 Y36.822 E1.49578
G1 X90.278 Y37.203 E.02953
G1 X55.429 Y72.051 E1.4697
G1 X55.133 Y71.814 E.01132
G1 X89.364 Y37.583 E1.44363
G1 X88.759 Y37.835 E.01954
G1 X88.388 Y38.024 E.0124
G1 X54.837 Y71.576 E1.41499
G1 X54.541 Y71.338 E.01132
G1 X87.295 Y38.584 E1.38134
G1 X86.201 Y39.144 E.03665
G1 X54.245 Y71.1 E1.34769
G1 X53.949 Y70.862 E.01132
G1 X85.078 Y39.733 E1.31285
G1 X83.688 Y40.589 E.04868
G1 X53.653 Y70.624 E1.26671
G1 X53.357 Y70.387 E.01132
G1 X82.298 Y41.445 E1.22058
G1 X81.818 Y41.74 E.01681
G1 X80.528 Y42.682 E.04764
G1 X53.061 Y70.149 E1.15839
G1 X52.765 Y69.911 E.01132
G1 X78.556 Y44.119 E1.08772
G1 X78.497 Y44.163 E.00219
G1 X78.237 Y44.27 E.00838
G1 X77.924 Y44.289 E.00936
G1 X77.866 Y44.275 E.00176
G1 X52.469 Y69.673 E1.07112
G1 X52.172 Y69.435 E.01132
G1 X77.465 Y44.143 E1.06669
G1 X77.081 Y43.993 E.0123
G1 X51.876 Y69.197 E1.06295
G1 X51.58 Y68.96 E.01132
G1 X76.696 Y43.844 E1.05922
G1 X76.312 Y43.694 E.0123
G1 X51.284 Y68.722 E1.05549
G1 X50.988 Y68.484 E.01132
G1 X75.927 Y43.545 E1.05176
G1 X75.542 Y43.396 E.0123
G1 X50.692 Y68.246 E1.04803
G1 X50.396 Y68.008 E.01132
G1 X75.158 Y43.246 E1.04429
G1 X74.773 Y43.097 E.0123
G1 X50.1 Y67.77 E1.04056
G1 X49.804 Y67.533 E.01132
G1 X74.389 Y42.948 E1.03683
G1 X74.004 Y42.798 E.0123
G1 X49.508 Y67.295 E1.0331
G1 X49.212 Y67.057 E.01132
G1 X73.62 Y42.649 E1.02937
G1 X73.235 Y42.5 E.0123
G1 X48.916 Y66.819 E1.02564
G1 X48.62 Y66.581 E.01132
G1 X72.851 Y42.35 E1.0219
G1 X72.466 Y42.201 E.0123
G1 X48.324 Y66.343 E1.01817
G1 X48.028 Y66.106 E.01132
G1 X72.081 Y42.052 E1.01444
G1 X71.697 Y41.902 E.0123
G1 X47.732 Y65.868 E1.01071
G1 X47.435 Y65.63 E.01132
G1 X71.312 Y41.753 E1.00698
G1 X70.928 Y41.604 E.0123
G1 X47.139 Y65.392 E1.00324
G1 X46.843 Y65.154 E.01132
G1 X70.543 Y41.454 E.99951
G1 X70.159 Y41.305 E.0123
G1 X46.547 Y64.916 E.99578
G1 X46.251 Y64.679 E.01132
G1 X69.774 Y41.156 E.99205
G1 X69.39 Y41.006 E.0123
G1 X45.955 Y64.441 E.98832
G1 X45.659 Y64.203 E.01132
G1 X69.005 Y40.857 E.98458
G1 X68.621 Y40.708 E.0123
G1 X45.363 Y63.965 E.98085
G1 X45.067 Y63.727 E.01132
G1 X68.236 Y40.558 E.97712
G1 X67.851 Y40.409 E.0123
G1 X44.771 Y63.489 E.97339
G1 X44.475 Y63.252 E.01132
G1 X67.467 Y40.26 E.96966
G1 X67.082 Y40.11 E.0123
G1 X44.179 Y63.014 E.96593
G1 X43.883 Y62.776 E.01132
G1 X66.698 Y39.961 E.96219
G1 X66.313 Y39.812 E.0123
G1 X43.587 Y62.538 E.95846
G1 X43.291 Y62.3 E.01132
G1 X65.929 Y39.662 E.95473
G1 X65.544 Y39.513 E.0123
G1 X42.995 Y62.062 E.951
G1 X42.699 Y61.825 E.01132
G1 X65.16 Y39.364 E.94727
G1 X64.775 Y39.214 E.0123
G1 X42.402 Y61.587 E.94353
G1 X42.106 Y61.349 E.01132
G1 X64.391 Y39.065 E.9398
G1 X64.006 Y38.915 E.0123
G1 X41.81 Y61.111 E.93607
G1 X41.514 Y60.873 E.01132
G1 X63.621 Y38.766 E.93234
G1 X63.237 Y38.617 E.0123
G1 X41.218 Y60.635 E.92861
G1 X40.922 Y60.398 E.01132
G1 X62.852 Y38.467 E.92488
G1 X62.468 Y38.318 E.0123
G1 X40.626 Y60.16 E.92114
G1 X40.33 Y59.922 E.01132
G1 X62.083 Y38.169 E.91741
G1 X61.699 Y38.019 E.0123
G1 X40.034 Y59.684 E.91368
G1 X39.738 Y59.446 E.01132
G1 X61.314 Y37.87 E.90995
G1 X60.93 Y37.721 E.0123
G1 X39.442 Y59.208 E.90622
G1 X39.146 Y58.971 E.01132
G1 X60.545 Y37.571 E.90248
G1 X60.16 Y37.422 E.0123
G1 X38.85 Y58.733 E.89875
G1 X38.554 Y58.495 E.01132
G1 X59.776 Y37.273 E.89502
G1 X59.391 Y37.123 E.0123
G1 X38.258 Y58.257 E.89129
G1 X37.962 Y58.019 E.01132
G1 X59.007 Y36.974 E.88756
G1 X58.622 Y36.825 E.0123
G1 X37.665 Y57.781 E.88382
G1 X37.369 Y57.544 E.01132
G1 X58.238 Y36.675 E.88009
G1 X57.853 Y36.526 E.0123
G1 X37.073 Y57.306 E.87636
G1 X36.777 Y57.068 E.01132
G1 X57.469 Y36.377 E.87263
G1 X57.084 Y36.227 E.0123
G1 X36.481 Y56.83 E.8689
G1 X36.185 Y56.592 E.01132
G1 X56.7 Y36.078 E.86517
G1 X56.315 Y35.929 E.0123
G1 X35.889 Y56.354 E.86143
G1 X35.593 Y56.117 E.01132
G1 X55.93 Y35.779 E.8577
G1 X55.546 Y35.63 E.0123
G1 X35.297 Y55.879 E.85397
G1 X35.001 Y55.641 E.01132
G1 X55.161 Y35.481 E.85024
G1 X54.777 Y35.331 E.0123
G1 X34.705 Y55.403 E.84651
G1 X34.409 Y55.165 E.01132
G1 X54.392 Y35.182 E.84277
G1 X54.008 Y35.033 E.0123
G1 X34.113 Y54.927 E.83904
G1 X33.817 Y54.69 E.01132
G1 X53.623 Y34.883 E.83531
G1 X53.239 Y34.734 E.0123
G1 X33.521 Y54.452 E.83158
G1 X33.225 Y54.214 E.01132
G1 X52.854 Y34.584 E.82785
G1 X52.47 Y34.435 E.0123
G1 X32.929 Y53.976 E.82412
G1 X32.632 Y53.738 E.01132
G1 X52.085 Y34.286 E.82038
G1 X51.7 Y34.136 E.0123
G1 X32.336 Y53.5 E.81665
G1 X32.04 Y53.263 E.01132
G1 X51.316 Y33.987 E.81292
G1 X50.931 Y33.838 E.0123
G1 X31.744 Y53.025 E.80919
G1 X31.448 Y52.787 E.01132
G1 X50.547 Y33.688 E.80546
G1 X50.162 Y33.539 E.0123
G1 X31.152 Y52.549 E.80172
G1 X30.856 Y52.311 E.01132
G1 X49.778 Y33.39 E.79799
G1 X49.393 Y33.24 E.0123
G1 X30.56 Y52.073 E.79426
G1 X30.264 Y51.836 E.01132
G1 X49.009 Y33.091 E.79053
G1 X48.624 Y32.942 E.0123
G1 X29.968 Y51.598 E.7868
G1 X29.672 Y51.36 E.01132
G1 X48.239 Y32.792 E.78306
G1 X47.855 Y32.643 E.0123
G1 X29.376 Y51.122 E.77933
G1 X29.08 Y50.884 E.01132
G1 X47.47 Y32.494 E.7756
G1 X47.086 Y32.344 E.0123
G1 X28.784 Y50.646 E.77187
G1 X28.488 Y50.409 E.01132
G1 X46.701 Y32.195 E.76814
G1 X46.317 Y32.046 E.0123
G1 X28.192 Y50.171 E.76441
G1 X27.895 Y49.933 E.01132
G1 X45.932 Y31.896 E.76067
G1 X45.548 Y31.747 E.0123
G1 X27.599 Y49.695 E.75694
G1 X27.303 Y49.457 E.01132
G1 X45.163 Y31.598 E.75321
G1 X44.779 Y31.448 E.0123
G1 X27.007 Y49.219 E.74948
G1 X26.711 Y48.982 E.01132
G1 X44.394 Y31.299 E.74575
G1 X44.009 Y31.15 E.0123
G1 X26.415 Y48.744 E.74201
G1 X26.119 Y48.506 E.01132
G1 X43.625 Y31 E.73828
G1 X43.24 Y30.851 E.0123
G1 X25.823 Y48.268 E.73455
G1 X25.527 Y48.03 E.01132
G1 X42.856 Y30.702 E.73082
G1 X42.471 Y30.552 E.0123
G1 X25.231 Y47.792 E.72709
G1 X24.935 Y47.555 E.01132
G1 X42.087 Y30.403 E.72336
G1 X41.702 Y30.254 E.0123
G1 X24.639 Y47.317 E.71962
G1 X24.343 Y47.079 E.01132
G1 X41.318 Y30.104 E.71589
G1 X40.933 Y29.955 E.0123
G1 X24.047 Y46.841 E.71216
G1 X23.751 Y46.603 E.01132
G1 X40.549 Y29.805 E.70843
G1 X40.164 Y29.656 E.0123
G1 X23.455 Y46.366 E.7047
G1 X23.159 Y46.128 E.01132
G1 X39.779 Y29.507 E.70096
G1 X39.395 Y29.357 E.0123
G1 X22.862 Y45.89 E.69723
G1 X22.566 Y45.652 E.01132
G1 X39.01 Y29.208 E.6935
G1 X38.626 Y29.059 E.0123
G1 X22.27 Y45.414 E.68977
G1 X21.974 Y45.176 E.01132
G1 X38.241 Y28.909 E.68604
G1 X37.857 Y28.76 E.0123
G1 X21.678 Y44.939 E.6823
G1 X21.382 Y44.701 E.01132
G1 X37.472 Y28.611 E.67857
G1 X37.088 Y28.461 E.0123
G1 X21.086 Y44.463 E.67484
G1 X20.79 Y44.225 E.01132
G1 X36.703 Y28.312 E.67111
G1 X36.318 Y28.163 E.0123
G1 X20.494 Y43.987 E.66738
G1 X20.198 Y43.749 E.01132
G1 X35.934 Y28.013 E.66365
G1 X35.549 Y27.864 E.0123
G1 X19.902 Y43.512 E.65991
G1 X19.606 Y43.274 E.01132
G1 X35.165 Y27.715 E.65618
G1 X34.78 Y27.565 E.0123
G1 X19.31 Y43.036 E.65245
G1 X19.014 Y42.798 E.01132
G1 X34.396 Y27.416 E.64872
G1 X34.011 Y27.267 E.0123
G1 X18.718 Y42.56 E.64499
G1 X18.422 Y42.322 E.01132
G1 X33.627 Y27.117 E.64125
G1 X33.242 Y26.968 E.0123
G1 X18.125 Y42.085 E.63752
G1 X17.829 Y41.847 E.01132
G1 X32.858 Y26.819 E.63379
G1 X32.473 Y26.669 E.0123
G1 X17.533 Y41.609 E.63006
G1 X17.237 Y41.371 E.01132
G1 X32.088 Y26.52 E.62633
G1 X31.704 Y26.371 E.0123
G1 X16.941 Y41.133 E.62259
G1 X16.645 Y40.895 E.01132
G1 X31.319 Y26.221 E.61886
G1 X30.935 Y26.072 E.0123
G1 X16.349 Y40.658 E.61513
G1 X16.053 Y40.42 E.01132
G1 X30.55 Y25.923 E.6114
G1 X30.166 Y25.773 E.0123
G1 X15.757 Y40.182 E.60767
G1 X15.461 Y39.944 E.01132
G1 X29.781 Y25.624 E.60394
G1 X29.397 Y25.474 E.0123
G1 X15.165 Y39.706 E.6002
G1 X14.869 Y39.468 E.01132
G1 X29.012 Y25.325 E.59647
G1 X28.628 Y25.176 E.0123
G1 X14.573 Y39.231 E.59274
G1 X14.277 Y38.993 E.01132
G1 X28.243 Y25.026 E.58901
G1 X27.858 Y24.877 E.0123
G1 X21.195 Y31.541 E.28103
G1 X21.25 Y31.104 E.01314
G1 X21.233 Y30.969 E.00405
G1 X27.474 Y24.728 E.26322
G1 X27.089 Y24.578 E.0123
G1 X21.171 Y30.496 E.24959
G1 X21.02 Y30.114 E.01227
G1 X26.705 Y24.429 E.23975
G1 X26.32 Y24.28 E.0123
G1 X20.828 Y29.772 E.23162
G1 X20.591 Y29.475 E.01133
G1 X25.936 Y24.13 E.22541
G1 X25.551 Y23.981 E.0123
G1 X20.302 Y29.23 E.22136
G1 X20.086 Y29.068 E.00806
G1 X19.978 Y29.02 E.00353
G1 X25.167 Y23.832 E.21883
G1 X24.782 Y23.682 E.0123
G1 X19.606 Y28.859 E.21831
G1 X19.38 Y28.8 E.00694
G1 X19.151 Y28.779 E.00686
G1 X24.397 Y23.533 E.22126
G1 X24.013 Y23.384 E.0123
G1 X18.422 Y28.975 E.23579
G1 E-.88121 F2400
;WIPE_START
G1 F7528.376
G1 X19.129 Y28.268 E-.31879
;WIPE_END
G1 F9000
G1 X19.0397 Y28.8432 Z0.430769
G1 X18.6931 Y29.3113 Z0.461538
G1 X18.1686 Y29.5647 Z0.492308
G1 X17.5865 Y29.5454 Z0.523077
G1 X17.08 Y29.2578 Z0.553846
G1 X16.7652 Y28.7677 Z0.584615
G1 X16.7142 Y28.1875 Z0.615385
G1 X16.9387 Y27.65 Z0.646154
G1 X17.3872 Y27.2784 Z0.676923
G1 X17.9571 Y27.1578 Z0.707692
G1 X18.5177 Y27.3159 Z0.738462
G1 X18.9406 Y27.7164 Z0.769231
G1 X19.129 Y28.2676 Z0.8
G1 X19.56 Y33.175 Z.8
G1 Z.4
G1 E1.2 F1800
G1 F7528.376
G1 X13.981 Y38.755 E.23532
G1 X13.685 Y38.517 E.01132
G1 X18.762 Y33.439 E.21414
G1 X18.297 Y33.37 E.01402
G1 X13.389 Y38.279 E.20702
G1 X13.106 Y38.028 E.01128
G1 X17.91 Y33.224 E.20259
G1 X17.73 Y33.147 E.00583
G1 X17.572 Y33.028 E.00591
G1 X12.834 Y37.766 E.19983
G1 X12.562 Y37.505 E.01126
G1 X17.268 Y32.798 E.19849
G1 X17.026 Y32.507 E.01131
G1 X12.289 Y37.243 E.19975
G1 X12.028 Y36.971 E.01126
G1 X16.811 Y32.187 E.20173
G1 X16.657 Y31.808 E.01222
G1 X11.803 Y36.661 E.20471
G1 X11.578 Y36.352 E.0114
G1 X16.572 Y31.358 E.21061
G1 X16.538 Y31.109 E.0075
G1 X16.571 Y30.826 E.00851
G1 X11.354 Y36.043 E.22004
G1 X11.131 Y35.732 E.01141
G1 X23.628 Y23.234 E.52707
G1 X23.244 Y23.085 E.0123
G1 X10.957 Y35.372 E.5182
G1 X10.782 Y35.012 E.01192
G1 X22.859 Y22.936 E.50933
G1 X22.475 Y22.786 E.0123
G1 X10.608 Y34.653 E.50045
G1 X10.436 Y34.291 E.01194
G1 X22.081 Y22.646 E.49112
G1 X21.667 Y22.526 E.01285
G1 X10.319 Y33.874 E.4786
G1 X10.202 Y33.458 E.01291
G1 X21.253 Y22.406 E.46608
G1 X20.839 Y22.286 E.01285
G1 X10.085 Y33.041 E.45355
G1 X10.007 Y32.764 E.00856
G1 X9.991 Y32.6 E.00492
G1 X20.391 Y22.201 E.43859
G1 X19.908 Y22.15 E.01449
G1 X9.944 Y32.114 E.4202
G1 X9.897 Y31.627 E.01458
G1 X19.424 Y22.099 E.40181
G1 X19.039 Y22.059 E.01156
G1 X18.923 Y22.067 E.00348
G1 X9.856 Y31.134 E.38238
G1 X9.903 Y30.553 E.01738
G1 X18.347 Y22.109 E.35612
G1 X17.771 Y22.151 E.01722
G1 X9.95 Y29.973 E.32986
G1 X9.982 Y29.577 E.01184
G1 X10.042 Y29.346 E.00713
G1 X17.135 Y22.254 E.2991
G1 X16.418 Y22.436 E.02206
G1 X10.234 Y28.621 E.26081
G1 X10.389 Y28.03 E.01823
G1 X10.475 Y27.845 E.00606
G1 X15.631 Y22.689 E.21744
G1 X14.651 Y23.135 E.03209
G1 X10.939 Y26.848 E.15658
G1 X11.064 Y26.579 E.00886
G1 X11.983 Y25.27 E.04768
G1 X13.757 Y23.496 E.07482
; stop printing object 본체3 id:257835021507036052 copy 0
;LAYER_CHANGE
;Z:0.6
;HEIGHT:0.2
;BEFORE_LAYER_CHANGE
;0.6
G92 E0

G1 E-.88121 F2400
;WIPE_START
G1 F7528.376
G1 X13.05 Y24.203 E-.31879
;WIPE_END
;_SET_FAN_SPEED_CHANGING_LAYER
; printing object 본체3 id:257835021507036052 copy 0
G1 F9000
G1 X13.3691 Y24.69 Z0.630769
G1 X13.4256 Y25.2698 Z0.661538
G1 X13.2062 Y25.8093 Z0.692308
G1 X12.7612 Y26.1852 Z0.723077
G1 X12.1925 Y26.3111 Z0.753846
G1 X11.6304 Y26.1584 Z0.784615
G1 X11.2037 Y25.7619 Z0.815385
G1 X11.0101 Y25.2126 Z0.846154
G1 X11.094 Y24.6362 Z0.876923
G1 X11.4361 Y24.1648 Z0.907692
G1 X11.9582 Y23.9063 Z0.938462
G1 X12.5405 Y23.9201 Z0.969231
G1 X13.0497 Y24.203 Z1
G1 X128.393 Y131.368 Z1
G1 Z.6
G1 E1.2 F1800
M204 P2000
;TYPE:Inner wall
;WIDTH:0.449999
G1 F5400
G1 X128.355 Y131.456 E.00307
G1 X119.271 Y190.303 E1.91471
G1 X118.867 Y191.94 E.05424
G1 X118.192 Y193.456 E.05335
G1 X117.261 Y194.828 E.05335
G1 X116.102 Y196.015 E.05335
G1 X114.752 Y196.98 E.05335
G1 X113.253 Y197.691 E.05335
G1 X111.652 Y198.127 E.05335
G1 X110 Y198.273 E.05335
G1 X108.348 Y198.127 E.05335
G1 X106.747 Y197.691 E.05335
G1 X105.248 Y196.98 E.05335
G1 X103.898 Y196.015 E.05335
G1 X102.739 Y194.828 E.05335
G1 X101.808 Y193.456 E.05335
G1 X101.133 Y191.94 E.05335
G1 X100.729 Y190.303 E.05424
G1 X91.638 Y131.414 E1.91606
G1 X91.525 Y131.187 E.00816
G1 X91.307 Y131.019 E.00888
G1 X87.615 Y129.386 E.1298
G1 X84.012 Y127.435 E.13176
G1 X80.715 Y125.302 E.12628
G1 X77.528 Y122.865 E.12902
G1 X74.543 Y120.184 E.12901
G1 X71.778 Y117.277 E.12901
G1 X69.251 Y114.16 E.12901
G1 X66.977 Y110.855 E.12901
G1 X64.971 Y107.38 E.12901
G1 X63.245 Y103.759 E.12901
G1 X61.81 Y100.012 E.12901
G1 X60.675 Y96.164 E.12901
G1 X59.846 Y92.238 E.12901
G1 X59.329 Y88.26 E.12901
G1 X59.127 Y84.253 E.12901
G1 X59.242 Y80.242 E.12901
G1 X59.678 Y76.187 E.13116
G1 X59.625 Y75.927 E.00853
G1 X59.46 Y75.714 E.00868
G1 X13.043 Y38.427 E1.91454
G1 X11.827 Y37.258 E.05424
G1 X10.852 Y35.916 E.05335
G1 X10.129 Y34.423 E.05335
G1 X9.68 Y32.826 E.05334
G1 X9.52 Y31.174 E.05335
G1 X9.654 Y29.521 E.05334
G1 X10.077 Y27.917 E.05335
G1 X10.776 Y26.412 E.05335
G1 X11.729 Y25.055 E.05335
G1 X12.907 Y23.886 E.05334
G1 X14.272 Y22.944 E.05335
G1 X15.782 Y22.257 E.05335
G1 X17.39 Y21.847 E.05334
G1 X19.044 Y21.727 E.05335
G1 X20.694 Y21.9 E.05335
G1 X22.314 Y22.369 E.05424
G1 X77.814 Y43.923 E1.91454
G1 X78.107 Y43.957 E.00946
G1 X78.367 Y43.851 E.00904
G1 X81.627 Y41.47 E.12981
G1 X85.043 Y39.365 E.12901
G1 X88.614 Y37.537 E.12901
G1 X92.318 Y35.995 E.12901
G1 X96.132 Y34.75 E.12901
G1 X100.032 Y33.809 E.12901
G1 X103.994 Y33.179 E.12901
G1 X107.994 Y32.863 E.12901
G1 X112.006 Y32.863 E.12901
G1 X116.006 Y33.179 E.12901
G1 X119.968 Y33.809 E.12901
G1 X123.868 Y34.75 E.12901
G1 X127.682 Y35.995 E.12901
G1 X131.386 Y37.537 E.12901
G1 X134.882 Y39.326 E.12628
G1 X138.373 Y41.47 E.13175
G1 X141.665 Y43.874 E.13108
G1 X141.913 Y43.959 E.00844
G1 X142.184 Y43.924 E.00879
G1 X197.686 Y22.369 E1.91458
G1 X199.306 Y21.9 E.05424
G1 X200.956 Y21.727 E.05335
G1 X202.61 Y21.847 E.05335
G1 X204.218 Y22.257 E.05334
G1 X205.728 Y22.944 E.05335
G1 X207.093 Y23.886 E.05335
G1 X208.271 Y25.055 E.05334
G1 X209.224 Y26.412 E.05335
G1 X209.923 Y27.917 E.05335
G1 X210.346 Y29.521 E.05335
G1 X210.48 Y31.174 E.05334
G1 X210.32 Y32.826 E.05335
G1 X209.871 Y34.423 E.05335
G1 X209.148 Y35.916 E.05335
G1 X208.173 Y37.258 E.05335
G1 X206.957 Y38.427 E.05424
G1 X160.54 Y75.714 E1.91454
G1 X160.367 Y75.946 E.00931
G1 X160.326 Y76.229 E.00919
G1 X160.758 Y80.242 E.12981
G1 X160.873 Y84.253 E.12901
G1 X160.671 Y88.26 E.12901
G1 X160.154 Y92.238 E.12901
G1 X159.325 Y96.164 E.12901
G1 X158.19 Y100.012 E.12901
G1 X156.755 Y103.759 E.12901
G1 X155.029 Y107.38 E.12901
G1 X153.023 Y110.855 E.12901
G1 X150.749 Y114.16 E.12901
G1 X148.222 Y117.277 E.12901
G1 X145.457 Y120.184 E.12901
G1 X142.472 Y122.865 E.12901
G1 X139.285 Y125.302 E.12902
G1 X135.988 Y127.435 E.12628
G1 X132.385 Y129.386 E.13176
G1 X128.658 Y131.034 E.13103
G1 X128.462 Y131.203 E.00833
G1 X128.408 Y131.331 E.00446
M204 T1000
G1 X128.763 Y131.523 F9000
M204 P1000
;TYPE:Outer wall
;WIDTH:0.419999
G1 F3600
G1 X119.677 Y190.384 E1.77404
G1 X119.26 Y192.075 E.05188
G1 X118.555 Y193.657 E.0516
G1 X117.582 Y195.091 E.0516
G1 X116.372 Y196.331 E.0516
G1 X114.962 Y197.338 E.0516
G1 X113.397 Y198.08 E.0516
G1 X111.726 Y198.535 E.0516
G1 X110 Y198.689 E.0516
G1 X108.274 Y198.535 E.0516
G1 X106.603 Y198.08 E.0516
G1 X105.038 Y197.338 E.0516
G1 X103.628 Y196.331 E.0516
G1 X102.418 Y195.091 E.0516
G1 X101.445 Y193.657 E.0516
G1 X100.74 Y192.075 E.0516
G1 X100.323 Y190.384 E.05188
G1 X91.235 Y131.51 E1.77443
G1 X91.141 Y131.398 E.00435
G1 X87.433 Y129.757 E.12078
G1 X83.801 Y127.791 E.12302
G1 X80.477 Y125.64 E.11793
G1 X77.264 Y123.183 E.12048
G1 X74.254 Y120.481 E.12048
G1 X71.467 Y117.55 E.12048
G1 X68.919 Y114.408 E.12048
G1 X66.627 Y111.076 E.12048
G1 X64.605 Y107.573 E.12048
G1 X62.865 Y103.922 E.12048
G1 X61.418 Y100.145 E.12048
G1 X60.273 Y96.265 E.12048
G1 X59.438 Y92.308 E.12048
G1 X58.917 Y88.297 E.12048
G1 X58.713 Y84.257 E.12048
G1 X58.829 Y80.214 E.12048
G1 X59.264 Y76.172 E.12111
G1 X59.203 Y76.038 E.00439
G1 X12.77 Y38.738 E1.77406
G1 X11.514 Y37.531 E.05188
G1 X10.496 Y36.129 E.0516
G1 X9.741 Y34.57 E.0516
G1 X9.272 Y32.902 E.0516
G1 X9.105 Y31.178 E.0516
G1 X9.245 Y29.451 E.0516
G1 X9.686 Y27.776 E.0516
G1 X10.416 Y26.205 E.0516
G1 X11.412 Y24.787 E.0516
G1 X12.642 Y23.567 E.0516
G1 X14.068 Y22.583 E.0516
G1 X15.645 Y21.865 E.0516
G1 X17.323 Y21.437 E.0516
G1 X19.051 Y21.311 E.0516
G1 X20.774 Y21.492 E.0516
G1 X22.447 Y21.977 E.05188
G1 X77.977 Y43.543 E1.7744
G1 X78.123 Y43.517 E.00442
G1 X81.396 Y41.126 E.12073
G1 X84.84 Y39.005 E.12048
G1 X88.44 Y37.161 E.12048
G1 X92.174 Y35.607 E.12048
G1 X96.019 Y34.352 E.12048
G1 X99.951 Y33.404 E.12048
G1 X103.946 Y32.768 E.12048
G1 X107.978 Y32.449 E.12048
G1 X112.022 Y32.449 E.12048
G1 X116.054 Y32.768 E.12048
G1 X120.049 Y33.404 E.12048
G1 X123.981 Y34.352 E.12048
G1 X127.826 Y35.607 E.12048
G1 X131.56 Y37.161 E.12048
G1 X135.085 Y38.965 E.11794
G1 X138.604 Y41.126 E.12302
G1 X141.887 Y43.524 E.12109
G1 X142.036 Y43.538 E.00445
G1 X197.553 Y21.977 E1.774
G1 X199.226 Y21.492 E.05188
G1 X200.949 Y21.311 E.0516
G1 X202.677 Y21.437 E.0516
G1 X204.355 Y21.865 E.0516
G1 X205.932 Y22.583 E.0516
G1 X207.358 Y23.567 E.0516
G1 X208.588 Y24.787 E.0516
G1 X209.584 Y26.205 E.0516
G1 X210.314 Y27.776 E.0516
G1 X210.755 Y29.451 E.0516
G1 X210.895 Y31.178 E.0516
G1 X210.728 Y32.902 E.0516
G1 X210.259 Y34.57 E.0516
G1 X209.504 Y36.129 E.0516
G1 X208.486 Y37.531 E.0516
G1 X207.23 Y38.738 E.05188
G1 X160.789 Y76.045 E1.77438
G1 X160.738 Y76.185 E.00444
G1 X161.171 Y80.214 E.12073
G1 X161.287 Y84.257 E.12048
G1 X161.083 Y88.297 E.12048
G1 X160.562 Y92.308 E.12048
G1 X159.727 Y96.265 E.12048
G1 X158.582 Y100.145 E.12048
G1 X157.135 Y103.922 E.12048
G1 X155.395 Y107.573 E.12048
G1 X153.373 Y111.076 E.12048
G1 X151.081 Y114.408 E.12048
G1 X148.533 Y117.55 E.12048
G1 X145.746 Y120.481 E.12048
G1 X142.736 Y123.183 E.12048
G1 X139.523 Y125.64 E.12048
G1 X136.199 Y127.791 E.11793
G1 X132.567 Y129.757 E.12302
G1 X128.85 Y131.402 E.12108
G1 X128.787 Y131.49 E.00324
M204 T2500
G1 E-.84 F2400
;WIPE_START
G1 F3600
G1 X128.634 Y132.478 E-.36
;WIPE_END
G1 F9000
G1 X129.07 Y132.092 Z0.630769
G1 X129.636 Y131.953 Z0.661538
G1 X130.201 Y132.093 Z0.692308
G1 X130.637 Y132.479 Z0.723077
G1 X130.843 Y133.024 Z0.753846
G1 X130.773 Y133.602 Z0.784615
G1 X130.442 Y134.081 Z0.815385
G1 X129.926 Y134.352 Z0.846154
G1 X129.343 Y134.352 Z0.876923
G1 X128.828 Y134.081 Z0.907692
G1 X128.497 Y133.601 Z0.938462
G1 X128.427 Y133.023 Z0.969231
G1 X128.634 Y132.478 Z1
G1 X199.383 Y30.066 Z1
G1 Z.6
G1 E1.2 F1800
M204 P2000
;TYPE:Inner wall
;WIDTH:0.449999
G1 F5400
G1 X199.625 Y29.725 E.01344
G1 X200.031 Y29.389 E.01696
G1 X200.51 Y29.169 E.01696
G1 X201.008 Y29.083 E.01626
G1 X201.541 Y29.128 E.01719
G1 X202.05 Y29.313 E.01741
G1 X202.48 Y29.618 E.01696
G1 X202.816 Y30.024 E.01696
G1 X203.036 Y30.504 E.01696
G1 X203.125 Y31.024 E.01696
G1 X203.076 Y31.549 E.01696
G1 X202.892 Y32.043 E.01696
G1 X202.587 Y32.473 E.01696
G1 X202.181 Y32.81 E.01696
G1 X201.736 Y33.016 E.01577
G1 X201.196 Y33.116 E.01767
G1 X200.657 Y33.069 E.0174
G1 X200.162 Y32.886 E.01696
G1 X199.732 Y32.581 E.01696
G1 X199.395 Y32.174 E.01696
G1 X199.175 Y31.695 E.01696
G1 X199.087 Y31.175 E.01696
G1 X199.136 Y30.65 E.01696
G1 X199.32 Y30.156 E.01696
G1 X199.36 Y30.099 E.00224
M204 T1000
G1 X199.714 Y30.299 F9000
M204 P1000
;TYPE:Outer wall
;WIDTH:0.419999
G1 F3600
G1 X199.723 Y30.276 E.00074
G1 X199.984 Y29.946 E.01251
G1 X200.32 Y29.695 E.01251
G1 X200.711 Y29.54 E.01251
G1 X201.087 Y29.495 E.01129
G1 X201.497 Y29.539 E.01228
G1 X201.929 Y29.717 E.01393
G1 X202.259 Y29.977 E.01251
G1 X202.51 Y30.314 E.01251
G1 X202.666 Y30.704 E.01251
G1 X202.715 Y31.121 E.01251
G1 X202.648 Y31.552 E.01298
G1 X202.488 Y31.923 E.01203
G1 X202.228 Y32.252 E.01251
G1 X201.891 Y32.504 E.01251
G1 X201.539 Y32.644 E.01129
G1 X201.085 Y32.708 E.01368
G1 X200.668 Y32.648 E.01253
G1 X200.283 Y32.482 E.01251
G1 X199.953 Y32.222 E.01251
G1 X199.702 Y31.885 E.01251
G1 X199.546 Y31.495 E.01251
G1 X199.497 Y31.078 E.01251
G1 X199.557 Y30.662 E.01251
G1 X199.698 Y30.335 E.01058
M204 T2500
G1 E-.84 F2400
;WIPE_START
G1 F3600
G1 X199.723 Y30.276 E-.02329
G1 X199.984 Y29.946 E-.15122
G1 X200.32 Y29.695 E-.15122
G1 X200.409 Y29.66 E-.03427
;WIPE_END
G1 F9000
G1 X199.891 Y29.9263 Z0.630769
G1 X199.308 Y29.9215 Z0.661538
G1 X198.795 Y29.6466 Z0.692308
G1 X198.468 Y29.1646 Z0.723077
G1 X198.402 Y28.5858 Z0.753846
G1 X198.613 Y28.0429 Z0.784615
G1 X199.052 Y27.6602 Z0.815385
G1 X199.619 Y27.5254 Z0.846154
G1 X200.184 Y27.6695 Z0.876923
G1 X200.616 Y28.0593 Z0.907692
G1 X200.818 Y28.6056 Z0.938462
G1 X200.744 Y29.1832 Z0.969231
G1 X200.409 Y29.6598 Z1
G1 X100.672 Y116.571 Z1
G1 Z.6
G1 E1.2 F1800
M204 P2000
;TYPE:Inner wall
;WIDTH:0.449999
G1 F5400
G1 X97.432 Y115.476 E.10998
G1 X94.476 Y114.143 E.10428
G1 X91.502 Y112.434 E.11029
G1 X88.714 Y110.435 E.11033
G1 X86.14 Y108.166 E.11033
G1 X83.807 Y105.65 E.11033
G1 X81.756 Y102.936 E.10939
G1 X79.955 Y99.982 E.11126
G1 X78.476 Y96.888 E.11029
G1 X77.367 Y93.84 E.10429
G1 X76.521 Y90.546 E.10936
G1 X75.998 Y87.126 E.11126
G1 X75.826 Y83.699 E.11033
G1 X75.998 Y80.273 E.11033
G1 X76.509 Y76.91 E.10939
G1 X77.359 Y73.586 E.11032
G1 X78.476 Y70.511 E.10519
G1 X79.943 Y67.443 E.10935
G1 X81.739 Y64.486 E.11126
G1 X83.79 Y61.772 E.10939
G1 X86.121 Y59.254 E.11032
G1 X86.795 Y58.656 E.02899
G1 X88.714 Y56.964 E.08228
G1 X91.528 Y54.95 E.11126
G1 X94.476 Y53.256 E.10935
G1 X97.407 Y51.934 E.10338
G1 X100.681 Y50.822 E.11119
G1 X104.038 Y50.05 E.11076
G1 X107.428 Y49.622 E.10989
G1 X110.858 Y49.536 E.11033
G1 X114.279 Y49.794 E.11033
G1 X117.657 Y50.395 E.11033
G1 X120.93 Y51.323 E.10938
G1 X123.976 Y52.516 E.10519
G1 X127.032 Y54.073 E.11029
G1 X129.917 Y55.929 E.11033
G1 X132.578 Y58.048 E.10939
G1 X135.037 Y60.441 E.11032
G1 X137.261 Y63.091 E.11126
G1 X139.19 Y65.929 E.11032
G1 X140.823 Y68.945 E.11029
G1 X142.072 Y71.907 E.10338
G1 X143.093 Y75.181 E.11026
G1 X143.787 Y78.57 E.11126
G1 X144.131 Y82.013 E.11126
G1 X144.131 Y85.415 E.10939
G1 X143.787 Y88.829 E.11033
G1 X143.102 Y92.19 E.11033
G1 X142.083 Y95.465 E.11029
G1 X140.823 Y98.454 E.10429
G1 X139.19 Y101.47 E.11029
G1 X137.261 Y104.307 E.11033
G1 X135.058 Y106.937 E.11033
G1 X132.622 Y109.312 E.10939
G1 X129.917 Y111.469 E.11126
G1 X127.032 Y113.326 E.11033
G1 X123.976 Y114.883 E.11029
G1 X120.983 Y116.057 E.10338
G1 X117.685 Y116.996 E.11026
G1 X114.279 Y117.604 E.11127
G1 X110.858 Y117.863 E.11032
G1 X107.428 Y117.777 E.11033
G1 X104.053 Y117.35 E.10939
G1 X100.71 Y116.584 E.11029
M204 T1000
G1 X100.803 Y116.181 F9000
M204 P1000
;TYPE:Outer wall
;WIDTH:0.419999
G1 F1440
G1 X100.802 Y116.181 E.00003
G1 X97.584 Y115.091 E.1012
G1 X94.665 Y113.774 E.09539
G1 X91.726 Y112.086 E.10095
G1 X88.972 Y110.111 E.10095
G1 X86.429 Y107.869 E.10098
G1 X84.125 Y105.384 E.10094
G1 X82.086 Y102.687 E.10071
G1 X80.32 Y99.785 E.10119
G1 X78.857 Y96.727 E.10097
G1 X77.762 Y93.718 E.09538
G1 X76.921 Y90.443 E.10072
G1 X76.41 Y87.084 E.1012
G1 X76.24 Y83.699 E.10095
G1 X76.41 Y80.314 E.10095
G1 X76.918 Y76.972 E.10069
G1 X77.131 Y76.139 E.02561
G1 X77.76 Y73.689 E.07534
G1 X78.858 Y70.671 E.09566
G1 X80.316 Y67.622 E.10067
G1 X82.081 Y64.719 E.1012
G1 X84.12 Y62.021 E.10073
G1 X86.424 Y59.536 E.10094
G1 X88.972 Y57.288 E.10121
G1 X91.734 Y55.309 E.10121
G1 X94.665 Y53.625 E.10069
G1 X97.584 Y52.308 E.09539
G1 X100.794 Y51.22 E.10096
G1 X104.105 Y50.459 E.10119
G1 X107.459 Y50.035 E.1007
G1 X110.848 Y49.95 E.10098
G1 X114.227 Y50.205 E.10093
G1 X117.564 Y50.798 E.10095
G1 X120.817 Y51.721 E.10072
G1 X123.806 Y52.893 E.09563
G1 X126.825 Y54.432 E.10094
G1 X129.676 Y56.266 E.10097
G1 X132.321 Y58.372 E.10071
G1 X134.748 Y60.737 E.10094
G1 X136.931 Y63.341 E.10121
G1 X138.836 Y66.144 E.10095
G1 X140.45 Y69.124 E.10095
G1 X141.691 Y72.068 E.09516
G1 X142.698 Y75.303 E.10092
G1 X143.377 Y78.632 E.1012
G1 X143.718 Y82.013 E.10122
G1 X143.718 Y85.394 E.10071
G1 X143.377 Y88.766 E.10095
G1 X142.701 Y92.087 E.10095
G1 X141.694 Y95.323 E.10095
G1 X140.45 Y98.275 E.09542
G1 X138.836 Y101.254 E.10092
G1 X136.931 Y104.058 E.10097
G1 X134.754 Y106.656 E.10096
G1 X132.334 Y109.016 E.10069
G1 X129.676 Y111.133 E.10122
G1 X126.825 Y112.967 E.10097
G1 X123.806 Y114.505 E.10092
G1 X120.832 Y115.672 E.09516
G1 X117.572 Y116.598 E.10095
G1 X114.227 Y117.194 E.10121
G1 X110.848 Y117.449 E.10093
G1 X107.459 Y117.364 E.10098
G1 X104.105 Y116.94 E.1007
G1 X100.842 Y116.19 E.09973
M204 T2500
G1 E-.84 F2400
;WIPE_START
G1 F1440
G1 X100.802 Y116.181 E-.01468
G1 X99.893 Y115.873 E-.34532
;WIPE_END
G1 F9000
G1 X99.5949 Y115.373 Z0.630769
G1 X99.563 Y114.791 Z0.661538
G1 X99.805 Y114.262 Z0.692308
G1 X100.266 Y113.905 Z0.723077
G1 X100.839 Y113.803 Z0.753846
G1 X101.394 Y113.98 Z0.784615
G1 X101.804 Y114.394 Z0.815385
G1 X101.974 Y114.951 Z0.846154
G1 X101.866 Y115.523 Z0.876923
G1 X101.504 Y115.98 Z0.907692
G1 X100.971 Y116.216 Z0.938462
G1 X100.39 Y116.177 Z0.969231
G1 X99.8934 Y115.873 Z1
G1 X17.442 Y32.486 Z1
G1 Z.6
G1 E1.2 F1800
M204 P2000
;TYPE:Inner wall
;WIDTH:0.449999
G1 F5400
M106 S0
G1 X17.184 Y32.174 E.01303
G1 X16.97 Y31.71 E.01644
G1 X16.875 Y31.175 E.01747
G1 X16.924 Y30.65 E.01696
G1 X17.108 Y30.156 E.01696
G1 X17.413 Y29.725 E.01696
G1 X17.819 Y29.389 E.01696
G1 X18.298 Y29.169 E.01696
G1 X18.815 Y29.082 E.01686
G1 X19.329 Y29.128 E.0166
G1 X19.838 Y29.313 E.01741
G1 X20.268 Y29.618 E.01696
G1 X20.605 Y30.024 E.01696
G1 X20.825 Y30.504 E.01696
G1 X20.913 Y31.024 E.01696
G1 X20.864 Y31.549 E.01696
G1 X20.68 Y32.043 E.01696
G1 X20.375 Y32.473 E.01696
G1 X19.969 Y32.81 E.01696
G1 X19.49 Y33.03 E.01696
G1 X18.97 Y33.118 E.01696
G1 X18.445 Y33.069 E.01696
G1 X17.95 Y32.886 E.01696
G1 X17.52 Y32.581 E.01696
G1 X17.468 Y32.517 E.00264
M204 T1000
G1 X17.751 Y32.229 F9000
M204 P1000
;TYPE:Outer wall
;WIDTH:0.419999
G1 F3600
G1 X17.741 Y32.222 E.00036
G1 X17.49 Y31.885 E.01251
G1 X17.334 Y31.495 E.01251
G1 X17.285 Y31.121 E.01122
G1 X17.346 Y30.662 E.0138
G1 X17.512 Y30.276 E.01251
G1 X17.772 Y29.946 E.01251
G1 X18.109 Y29.695 E.01251
G1 X18.515 Y29.537 E.01298
G1 X18.875 Y29.495 E.01081
G1 X19.331 Y29.551 E.01368
G1 X19.717 Y29.717 E.01253
G1 X20.047 Y29.977 E.01251
G1 X20.298 Y30.314 E.01251
G1 X20.454 Y30.704 E.01251
G1 X20.503 Y31.121 E.01251
G1 X20.443 Y31.537 E.01251
G1 X20.277 Y31.923 E.01251
G1 X20.016 Y32.252 E.01251
G1 X19.68 Y32.504 E.01251
G1 X19.289 Y32.659 E.01251
G1 X18.872 Y32.708 E.01251
G1 X18.457 Y32.648 E.01251
G1 X18.071 Y32.482 E.01251
G1 X17.782 Y32.254 E.01096
M204 T2500
G1 E-.84 F2400
;WIPE_START
G1 F3600
G1 X17.741 Y32.222 E-.01877
G1 X17.49 Y31.885 E-.15122
G1 X17.334 Y31.495 E-.15122
G1 X17.32 Y31.388 E-.03879
;WIPE_END
G1 F9000
G1 X17.4808 Y31.9478 Z0.630769
G1 X17.3628 Y32.5182 Z0.661538
G1 X16.9931 Y32.9684 Z0.692308
G1 X16.4566 Y33.1952 Z0.723077
G1 X15.8762 Y33.1468 Z0.753846
G1 X15.3847 Y32.8341 Z0.784615
G1 X15.0949 Y32.3289 Z0.815385
G1 X15.073 Y31.7468 Z0.846154
G1 X15.3242 Y31.2212 Z0.876923
G1 X15.7908 Y30.8726 Z0.907692
G1 X16.366 Y30.7807 Z0.938462
G1 X16.918 Y30.9667 Z0.969231
G1 X17.3203 Y31.3879 Z1
G1 X108.238 Y189.862 Z1
G1 Z.6
G1 E1.2 F1800
M204 P2000
;TYPE:Inner wall
;WIDTH:0.449999
G1 F5400
G1 X108.069 Y189.495 E.01297
G1 X107.981 Y188.975 E.01696
G1 X108.03 Y188.45 E.01696
G1 X108.199 Y187.99 E.01577
G1 X108.51 Y187.537 E.01767
G1 X108.925 Y187.189 E.01741
G1 X109.404 Y186.969 E.01696
G1 X109.928 Y186.881 E.01706
G1 X110.435 Y186.928 E.01639
G1 X110.944 Y187.113 E.01741
G1 X111.374 Y187.418 E.01696
G1 X111.711 Y187.824 E.01696
G1 X111.931 Y188.304 E.01696
G1 X112.019 Y188.824 E.01696
G1 X111.97 Y189.349 E.01696
G1 X111.795 Y189.823 E.01626
G1 X111.49 Y190.262 E.01719
G1 X111.075 Y190.61 E.0174
G1 X110.596 Y190.83 E.01696
G1 X110.076 Y190.918 E.01696
G1 X109.551 Y190.869 E.01696
G1 X109.056 Y190.686 E.01696
G1 X108.626 Y190.381 E.01696
G1 X108.289 Y189.974 E.01696
G1 X108.254 Y189.898 E.00271
M204 T1000
G1 X108.605 Y189.693 F9000
M204 P1000
;TYPE:Outer wall
;WIDTH:0.419999
G1 F3600
G1 X108.44 Y189.295 E.01285
G1 X108.391 Y188.878 E.01251
G1 X108.452 Y188.462 E.01251
G1 X108.601 Y188.113 E.01129
G1 X108.877 Y187.747 E.01368
G1 X109.214 Y187.495 E.01253
G1 X109.605 Y187.34 E.01251
G1 X109.981 Y187.295 E.01129
G1 X110.437 Y187.351 E.01368
G1 X110.823 Y187.517 E.01253
G1 X111.153 Y187.777 E.01251
G1 X111.404 Y188.114 E.01251
G1 X111.56 Y188.504 E.01251
G1 X111.609 Y188.921 E.01251
G1 X111.548 Y189.337 E.01251
G1 X111.399 Y189.685 E.01129
G1 X111.123 Y190.052 E.01368
G1 X110.786 Y190.304 E.01253
G1 X110.395 Y190.459 E.01251
G1 X109.978 Y190.508 E.01251
G1 X109.563 Y190.448 E.01251
G1 X109.177 Y190.282 E.01251
G1 X108.837 Y190.009 E.01298
G1 X108.622 Y189.729 E.0105
M204 T2500
G1 E-.84 F2400
;WIPE_START
G1 F3600
G1 X108.44 Y189.295 E-.16958
G1 X108.391 Y188.878 E-.15122
G1 X108.407 Y188.77 E-.0392
;WIPE_END
G1 F9000
G1 X108.817 Y188.356 Z0.630769
G1 X109.372 Y188.18 Z0.661538
G1 X109.945 Y188.282 Z0.692308
G1 X110.406 Y188.639 Z0.723077
G1 X110.647 Y189.169 Z0.753846
G1 X110.615 Y189.751 Z0.784615
G1 X110.316 Y190.251 Z0.815385
G1 X109.819 Y190.555 Z0.846154
G1 X109.237 Y190.593 Z0.876923
G1 X108.705 Y190.356 Z0.907692
G1 X108.344 Y189.899 Z0.938462
G1 X108.236 Y189.327 Z0.969231
G1 X108.407 Y188.77 Z1
G1 X206.857 Y24.171 Z1
G1 Z.6
G1 E1.2 F1800
M204 P2500
;TYPE:Internal solid infill
;WIDTH:0.38292
G1 F8359.133
G1 X207.985 Y25.295 E.04279
G1 X208.834 Y26.306 E.03544
G1 X205.052 Y22.814 F9000
;WIDTH:0.420439
G1 F7528.376
G1 X209.04 Y26.802 E.16819
G1 X209.503 Y27.799 E.0328
G1 X204.414 Y22.71 E.21462
G1 X204.107 Y22.57 E.01006
G1 X203.615 Y22.445 E.01514
G1 X209.757 Y28.587 E.25904
G1 X209.949 Y29.312 E.02236
G1 X202.899 Y22.262 E.29733
G1 X202.557 Y22.175 E.01052
G1 X202.256 Y22.153 E.00901
G1 X210.048 Y29.946 E.32864
G1 X210.095 Y30.526 E.01738
G1 X201.68 Y22.111 E.3549
G1 X201.104 Y22.069 E.01721
G1 X210.142 Y31.107 E.38116
G1 X210.105 Y31.604 E.01487
G1 X200.598 Y22.097 E.40096
G1 X200.115 Y22.148 E.01449
G1 X210.058 Y32.091 E.41935
G1 X210.011 Y32.578 E.01458
G1 X199.632 Y22.198 E.43774
G1 X199.37 Y22.226 E.00786
G1 X199.18 Y22.281 E.00588
G1 X209.921 Y33.021 E.45297
G1 X209.804 Y33.438 E.01291
G1 X198.766 Y22.401 E.4655
G1 X198.352 Y22.521 E.01285
G1 X209.687 Y33.855 E.47802
G1 X209.57 Y34.272 E.01291
G1 X197.938 Y22.64 E.49054
G1 X197.543 Y22.779 E.01249
G1 X209.4 Y34.636 E.50004
G1 X209.226 Y34.996 E.01192
G1 X197.159 Y22.929 E.50891
G1 X196.774 Y23.078 E.0123
G1 X209.051 Y35.356 E.51779
G1 X208.877 Y35.715 E.01192
G1 X196.389 Y23.227 E.52666
G1 X196.005 Y23.377 E.0123
G1 X201.409 Y28.781 E.22791
G1 X201.132 Y28.751 E.00832
G1 X200.865 Y28.771 E.00798
G1 X195.62 Y23.526 E.22118
G1 X195.236 Y23.675 E.0123
G1 X200.415 Y28.855 E.21842
G1 X200.034 Y29.008 E.01224
G1 X194.851 Y23.825 E.21858
G1 X194.467 Y23.974 E.0123
G1 X199.71 Y29.218 E.22114
G1 X199.422 Y29.463 E.0113
G1 X194.082 Y24.123 E.22518
G1 X193.698 Y24.273 E.0123
G1 X199.186 Y29.761 E.23145
G1 X199.064 Y29.924 E.00605
G1 X198.989 Y30.098 E.00567
G1 X193.313 Y24.422 E.23939
G1 X192.929 Y24.572 E.0123
G1 X198.84 Y30.483 E.24931
G1 X198.809 Y30.599 E.0036
G1 X198.769 Y30.945 E.01039
G1 X192.544 Y24.721 E.26251
G1 X192.159 Y24.87 E.0123
G1 X199.028 Y31.739 E.28968
G1 E-.88121 F2400
;WIPE_START
G1 F7528.376
G1 X198.321 Y31.032 E-.31879
;WIPE_END
G1 F9000
G1 X198.897 Y31.121 Z0.630769
G1 X199.365 Y31.4675 Z0.661538
G1 X199.618 Y31.992 Z0.692308
G1 X199.599 Y32.5741 Z0.723077
G1 X199.311 Y33.0807 Z0.753846
G1 X198.821 Y33.3955 Z0.784615
G1 X198.241 Y33.4466 Z0.815385
G1 X197.704 Y33.2221 Z0.846154
G1 X197.332 Y32.7736 Z0.876923
G1 X197.211 Y32.2038 Z0.907692
G1 X197.369 Y31.6431 Z0.938462
G1 X197.77 Y31.2202 Z0.969231
G1 X198.321 Y31.0317 Z1
G1 X203.228 Y30.6 Z1
G1 Z.6
G1 E1.2 F1800
G1 F7528.376
G1 X208.657 Y36.029 E.22895
G1 X208.432 Y36.338 E.0114
G1 X203.431 Y31.337 E.21092
G1 X203.379 Y31.718 E.01147
G1 X203.35 Y31.79 E.00232
G1 X208.208 Y36.647 E.20485
G1 X207.983 Y36.956 E.0114
G1 X203.198 Y32.171 E.20181
G1 X203.096 Y32.353 E.00621
G1 X202.985 Y32.493 E.00532
G1 X207.723 Y37.231 E.19982
G1 X207.451 Y37.492 E.01126
G1 X202.746 Y32.787 E.19843
G1 X202.447 Y33.022 E.01134
G1 X207.179 Y37.754 E.19956
G1 X206.907 Y38.016 E.01126
G1 X202.11 Y33.219 E.20229
G1 X201.72 Y33.363 E.0124
G1 X206.625 Y38.268 E.20689
G1 X206.329 Y38.506 E.01132
G1 X201.258 Y33.435 E.21385
G1 X201.114 Y33.455 E.00434
G1 X200.696 Y33.407 E.01256
G1 X206.033 Y38.744 E.22508
G1 X205.737 Y38.982 E.01132
G1 X191.775 Y25.02 E.58884
G1 X191.39 Y25.169 E.0123
G1 X205.441 Y39.22 E.59257
G1 X205.145 Y39.457 E.01132
G1 X191.006 Y25.318 E.5963
G1 X190.621 Y25.468 E.0123
G1 X204.849 Y39.695 E.60003
G1 X204.553 Y39.933 E.01132
G1 X190.237 Y25.617 E.60376
G1 X189.852 Y25.766 E.0123
G1 X204.257 Y40.171 E.60749
G1 X203.961 Y40.409 E.01132
G1 X189.468 Y25.916 E.61123
G1 X189.083 Y26.065 E.0123
G1 X203.665 Y40.647 E.61496
G1 X203.369 Y40.884 E.01132
G1 X188.698 Y26.214 E.61869
G1 X188.314 Y26.364 E.0123
G1 X203.072 Y41.122 E.62242
G1 X202.776 Y41.36 E.01132
G1 X187.929 Y26.513 E.62615
G1 X187.545 Y26.662 E.0123
G1 X202.48 Y41.598 E.62989
G1 X202.184 Y41.836 E.01132
G1 X187.16 Y26.812 E.63362
G1 X186.776 Y26.961 E.0123
G1 X201.888 Y42.074 E.63735
G1 X201.592 Y42.311 E.01132
G1 X186.391 Y27.11 E.64108
G1 X186.007 Y27.26 E.0123
G1 X201.296 Y42.549 E.64481
G1 X201 Y42.787 E.01132
G1 X185.622 Y27.409 E.64854
G1 X185.238 Y27.558 E.0123
G1 X200.704 Y43.025 E.65228
G1 X200.408 Y43.263 E.01132
G1 X184.853 Y27.708 E.65601
G1 X184.468 Y27.857 E.0123
G1 X200.112 Y43.5 E.65974
G1 X199.816 Y43.738 E.01132
G1 X184.084 Y28.006 E.66347
G1 X183.699 Y28.156 E.0123
G1 X199.52 Y43.976 E.6672
G1 X199.224 Y44.214 E.01132
G1 X183.315 Y28.305 E.67094
G1 X182.93 Y28.454 E.0123
G1 X198.928 Y44.452 E.67467
G1 X198.632 Y44.69 E.01132
G1 X182.546 Y28.604 E.6784
G1 X182.161 Y28.753 E.0123
G1 X198.335 Y44.927 E.68213
G1 X198.039 Y45.165 E.01132
G1 X181.777 Y28.902 E.68586
G1 X181.392 Y29.052 E.0123
G1 X197.743 Y45.403 E.6896
G1 X197.447 Y45.641 E.01132
G1 X181.008 Y29.201 E.69333
G1 X180.623 Y29.351 E.0123
G1 X197.151 Y45.879 E.69706
G1 X196.855 Y46.117 E.01132
G1 X180.238 Y29.5 E.70079
G1 X179.854 Y29.649 E.0123
G1 X196.559 Y46.354 E.70452
G1 X196.263 Y46.592 E.01132
G1 X179.469 Y29.799 E.70825
G1 X179.085 Y29.948 E.0123
G1 X195.967 Y46.83 E.71199
G1 X195.671 Y47.068 E.01132
G1 X178.7 Y30.097 E.71572
G1 X178.316 Y30.247 E.0123
G1 X195.375 Y47.306 E.71945
G1 X195.079 Y47.544 E.01132
G1 X177.931 Y30.396 E.72318
G1 X177.547 Y30.545 E.0123
G1 X194.783 Y47.781 E.72691
G1 X194.487 Y48.019 E.01132
G1 X177.162 Y30.695 E.73065
G1 X176.777 Y30.844 E.0123
G1 X194.191 Y48.257 E.73438
G1 X193.895 Y48.495 E.01132
G1 X176.393 Y30.993 E.73811
G1 X176.008 Y31.143 E.0123
G1 X193.599 Y48.733 E.74184
G1 X193.302 Y48.971 E.01132
G1 X175.624 Y31.292 E.74557
G1 X175.239 Y31.441 E.0123
G1 X193.006 Y49.208 E.7493
G1 X192.71 Y49.446 E.01132
G1 X174.855 Y31.591 E.75304
G1 X174.47 Y31.74 E.0123
G1 X192.414 Y49.684 E.75677
G1 X192.118 Y49.922 E.01132
G1 X174.086 Y31.889 E.7605
G1 X173.701 Y32.039 E.0123
G1 X191.822 Y50.16 E.76423
G1 X191.526 Y50.398 E.01132
G1 X173.317 Y32.188 E.76796
G1 X172.932 Y32.337 E.0123
G1 X191.23 Y50.635 E.7717
G1 X190.934 Y50.873 E.01132
G1 X172.547 Y32.487 E.77543
G1 X172.163 Y32.636 E.0123
G1 X190.638 Y51.111 E.77916
G1 X190.342 Y51.349 E.01132
G1 X171.778 Y32.785 E.78289
G1 X171.394 Y32.935 E.0123
G1 X190.046 Y51.587 E.78662
G1 X189.75 Y51.825 E.01132
G1 X171.009 Y33.084 E.79036
G1 X170.625 Y33.233 E.0123
G1 X189.454 Y52.062 E.79409
G1 X189.158 Y52.3 E.01132
G1 X170.24 Y33.383 E.79782
G1 X169.856 Y33.532 E.0123
G1 X188.862 Y52.538 E.80155
G1 X188.566 Y52.776 E.01132
G1 X169.471 Y33.682 E.80528
G1 X169.087 Y33.831 E.0123
G1 X188.269 Y53.014 E.80901
G1 X187.973 Y53.252 E.01132
G1 X168.702 Y33.98 E.81275
G1 X168.317 Y34.13 E.0123
G1 X187.677 Y53.489 E.81648
G1 X187.381 Y53.727 E.01132
G1 X167.933 Y34.279 E.82021
G1 X167.548 Y34.428 E.0123
G1 X187.085 Y53.965 E.82394
G1 X186.789 Y54.203 E.01132
G1 X167.164 Y34.578 E.82767
G1 X166.779 Y34.727 E.0123
G1 X186.493 Y54.441 E.83141
G1 X186.197 Y54.679 E.01132
G1 X166.395 Y34.876 E.83514
G1 X166.01 Y35.026 E.0123
G1 X185.901 Y54.916 E.83887
G1 X185.605 Y55.154 E.01132
G1 X165.626 Y35.175 E.8426
G1 X165.241 Y35.324 E.0123
G1 X185.309 Y55.392 E.84633
G1 X185.013 Y55.63 E.01132
G1 X164.856 Y35.474 E.85007
G1 X164.472 Y35.623 E.0123
G1 X184.717 Y55.868 E.8538
G1 X184.421 Y56.106 E.01132
G1 X164.087 Y35.772 E.85753
G1 X163.703 Y35.922 E.0123
G1 X184.125 Y56.343 E.86126
G1 X183.829 Y56.581 E.01132
G1 X163.318 Y36.071 E.86499
G1 X162.934 Y36.22 E.0123
G1 X183.532 Y56.819 E.86872
G1 X183.236 Y57.057 E.01132
G1 X162.549 Y36.37 E.87246
G1 X162.165 Y36.519 E.0123
G1 X182.94 Y57.295 E.87619
G1 X182.644 Y57.533 E.01132
G1 X161.78 Y36.668 E.87992
G1 X161.396 Y36.818 E.0123
G1 X182.348 Y57.77 E.88365
G1 X182.052 Y58.008 E.01132
G1 X161.011 Y36.967 E.88738
G1 X160.626 Y37.116 E.0123
G1 X181.756 Y58.246 E.89112
G1 X181.46 Y58.484 E.01132
G1 X160.242 Y37.266 E.89485
G1 X159.857 Y37.415 E.0123
G1 X181.164 Y58.722 E.89858
G1 X180.868 Y58.96 E.01132
G1 X159.473 Y37.564 E.90231
G1 X159.088 Y37.714 E.0123
G1 X180.572 Y59.197 E.90604
G1 X180.276 Y59.435 E.01132
G1 X158.704 Y37.863 E.90977
G1 X158.319 Y38.012 E.0123
G1 X179.98 Y59.673 E.91351
G1 X179.684 Y59.911 E.01132
G1 X157.935 Y38.162 E.91724
G1 X157.55 Y38.311 E.0123
G1 X179.388 Y60.149 E.92097
G1 X179.092 Y60.387 E.01132
G1 X157.166 Y38.461 E.9247
G1 X156.781 Y38.61 E.0123
G1 X178.796 Y60.624 E.92843
G1 X178.499 Y60.862 E.01132
G1 X156.396 Y38.759 E.93217
G1 X156.012 Y38.909 E.0123
G1 X178.203 Y61.1 E.9359
G1 X177.907 Y61.338 E.01132
G1 X155.627 Y39.058 E.93963
G1 X155.243 Y39.207 E.0123
G1 X177.611 Y61.576 E.94336
G1 X177.315 Y61.814 E.01132
G1 X154.858 Y39.357 E.94709
G1 X154.474 Y39.506 E.0123
G1 X177.019 Y62.051 E.95083
G1 X176.723 Y62.289 E.01132
G1 X154.089 Y39.655 E.95456
G1 X153.705 Y39.805 E.0123
G1 X176.427 Y62.527 E.95829
G1 X176.131 Y62.765 E.01132
G1 X153.32 Y39.954 E.96202
G1 X152.935 Y40.103 E.0123
G1 X175.835 Y63.003 E.96575
G1 X175.539 Y63.241 E.01132
G1 X152.551 Y40.253 E.96948
G1 X152.166 Y40.402 E.0123
G1 X175.243 Y63.478 E.97322
G1 X174.947 Y63.716 E.01132
G1 X151.782 Y40.551 E.97695
G1 X151.397 Y40.701 E.0123
G1 X174.651 Y63.954 E.98068
G1 X174.355 Y64.192 E.01132
G1 X151.013 Y40.85 E.98441
G1 X150.628 Y40.999 E.0123
G1 X174.059 Y64.43 E.98814
G1 X173.762 Y64.668 E.01132
G1 X150.244 Y41.149 E.99188
G1 X149.859 Y41.298 E.0123
G1 X173.466 Y64.905 E.99561
G1 X173.17 Y65.143 E.01132
G1 X149.475 Y41.447 E.99934
G1 X149.09 Y41.597 E.0123
G1 X172.874 Y65.381 E1.00307
G1 X172.578 Y65.619 E.01132
G1 X148.705 Y41.746 E1.0068
G1 X148.321 Y41.895 E.0123
G1 X172.282 Y65.857 E1.01053
G1 X171.986 Y66.095 E.01132
G1 X147.936 Y42.045 E1.01427
G1 X147.552 Y42.194 E.0123
G1 X171.69 Y66.332 E1.018
G1 X171.394 Y66.57 E.01132
G1 X147.167 Y42.343 E1.02173
G1 X146.783 Y42.493 E.0123
G1 X171.098 Y66.808 E1.02546
G1 X170.802 Y67.046 E.01132
G1 X146.398 Y42.642 E1.02919
G1 X146.014 Y42.791 E.0123
G1 X170.506 Y67.284 E1.03293
G1 X170.21 Y67.522 E.01132
G1 X145.629 Y42.941 E1.03666
G1 X145.245 Y43.09 E.0123
G1 X169.914 Y67.759 E1.04039
G1 X169.618 Y67.997 E.01132
G1 X144.86 Y43.24 E1.04412
G1 X144.475 Y43.389 E.0123
G1 X169.322 Y68.235 E1.04785
G1 X169.026 Y68.473 E.01132
G1 X144.091 Y43.538 E1.05159
G1 X143.706 Y43.688 E.0123
G1 X168.729 Y68.711 E1.05532
G1 X168.433 Y68.949 E.01132
G1 X143.322 Y43.837 E1.05905
G1 X142.937 Y43.986 E.0123
G1 X168.137 Y69.186 E1.06278
G1 X167.841 Y69.424 E.01132
G1 X142.553 Y44.136 E1.06651
G1 X142.295 Y44.236 E.00824
G1 X142.148 Y44.265 E.00447
G1 X167.545 Y69.662 E1.07107
G1 X167.249 Y69.9 E.01132
G1 X141.518 Y44.168 E1.08519
G1 X139.563 Y42.748 E.07204
G1 X166.953 Y70.138 E1.15512
G1 X166.657 Y70.376 E.01132
G1 X137.769 Y41.488 E1.21831
G1 X136.385 Y40.637 E.04844
G1 X166.361 Y70.613 E1.2642
G1 X166.065 Y70.851 E.01132
G1 X135.001 Y39.787 E1.31009
G1 X134.72 Y39.614 E.00983
G1 X133.848 Y39.168 E.02919
G1 X165.769 Y71.089 E1.34621
G1 X165.473 Y71.327 E.01132
G1 X132.755 Y38.609 E1.37983
G1 X131.662 Y38.049 E.03663
G1 X165.177 Y71.565 E1.41346
G1 X164.881 Y71.803 E.01132
G1 X130.679 Y37.601 E1.4424
G1 X129.765 Y37.22 E.02954
G1 X164.585 Y72.04 E1.46848
G1 X164.289 Y72.278 E.01132
G1 X128.85 Y36.84 E1.49457
G1 X127.936 Y36.459 E.02954
G1 X163.992 Y72.516 E1.52065
G1 X163.696 Y72.754 E.01132
G1 X127.094 Y36.151 E1.54367
G1 X126.301 Y35.892 E.02486
G1 X163.4 Y72.992 E1.56461
G1 X163.104 Y73.229 E.01132
G1 X125.509 Y35.634 E1.58555
G1 X124.716 Y35.375 E.02486
G1 X162.808 Y73.467 E1.60649
G1 X162.512 Y73.705 E.01132
G1 X123.923 Y35.116 E1.62744
G1 X123.203 Y34.93 E.02217
G1 X162.216 Y73.943 E1.64531
G1 X161.92 Y74.181 E.01132
G1 X122.5 Y34.761 E1.6625
G1 X121.796 Y34.591 E.02158
G1 X161.624 Y74.419 E1.67968
G1 X161.328 Y74.656 E.01132
G1 X121.093 Y34.421 E1.69687
G1 X120.389 Y34.252 E.02158
G1 X161.032 Y74.894 E1.71406
G1 X160.736 Y75.132 E.01132
G1 X119.707 Y34.103 E1.73035
G1 X119.072 Y34.002 E.01917
G1 X160.44 Y75.37 E1.74464
G1 X160.324 Y75.463 E.00441
G1 X160.171 Y75.635 E.00688
G1 X118.437 Y33.901 E1.76009
G1 X117.802 Y33.8 E.01917
G1 X160.008 Y76.006 E1.77997
G1 X159.994 Y76.231 E.00674
G1 X160.03 Y76.561 E.00991
G1 X117.167 Y33.699 E1.80767
G1 X116.532 Y33.598 E.01917
G1 X160.094 Y77.16 E1.83715
G1 X160.158 Y77.758 E.01794
G1 X115.903 Y33.503 E1.86639
G1 X115.324 Y33.457 E.01734
G1 X160.223 Y78.356 E1.89355
G1 X160.287 Y78.954 E.01794
G1 X114.744 Y33.411 E1.92071
G1 X114.164 Y33.366 E.01734
G1 X160.351 Y79.552 E1.94787
G1 X160.415 Y80.151 E.01794
G1 X113.585 Y33.32 E1.97503
G1 X113.005 Y33.274 E.01734
G1 X160.44 Y80.71 E2.00053
G1 X160.456 Y81.259 E.0164
G1 X112.425 Y33.228 E2.02564
G1 X111.857 Y33.194 E.01697
G1 X160.472 Y81.809 E2.05026
G1 X160.488 Y82.358 E.0164
G1 X111.323 Y33.194 E2.07344
G1 X110.789 Y33.194 E.01592
G1 X160.503 Y82.908 E2.09662
G1 X160.519 Y83.458 E.0164
G1 X110.255 Y33.194 E2.1198
G1 X109.721 Y33.194 E.01592
G1 X160.535 Y84.007 E2.14298
G1 X160.527 Y84.534 E.0157
G1 X109.188 Y33.194 E2.16518
G1 X108.654 Y33.194 E.01592
G1 X160.502 Y85.042 E2.18662
G1 X160.476 Y85.55 E.01518
G1 X108.12 Y33.194 E2.20806
G1 X107.617 Y33.225 E.01503
G1 X129.951 Y55.56 E.94194
G1 X128.452 Y54.594 E.05319
G1 X107.122 Y33.264 E.89956
G1 X106.627 Y33.303 E.0148
G1 X127.025 Y53.701 E.86024
G1 X125.936 Y53.146 E.03644
G1 X106.132 Y33.342 E.83519
G1 X105.638 Y33.381 E.0148
G1 X124.847 Y52.591 E.81015
G1 X124.091 Y52.206 E.02532
G1 X123.823 Y52.101 E.00858
G1 X105.143 Y33.42 E.78781
G1 X104.648 Y33.459 E.0148
G1 X122.945 Y51.756 E.77164
G1 X122.067 Y51.412 E.02813
G1 X104.153 Y33.499 E.75547
G1 X103.684 Y33.564 E.01412
G1 X121.188 Y51.068 E.73821
G1 X120.423 Y50.836 E.02385
G1 X103.224 Y33.637 E.72535
G1 X102.763 Y33.71 E.01391
G1 X119.678 Y50.625 E.71334
G1 X118.932 Y50.413 E.02311
G1 X102.303 Y33.783 E.70133
G1 X101.842 Y33.857 E.01391
G1 X118.187 Y50.202 E.68932
G1 X117.739 Y50.075 E.01387
G1 X117.48 Y50.028 E.00786
G1 X101.381 Y33.93 E.67893
G1 X100.921 Y34.003 E.01391
G1 X116.83 Y49.913 E.67096
G1 X116.18 Y49.797 E.01968
G1 X100.46 Y34.077 E.66299
G1 X100.006 Y34.156 E.01375
G1 X115.531 Y49.681 E.65474
G1 X114.881 Y49.565 E.01968
G1 X99.576 Y34.26 E.64548
G1 X99.146 Y34.364 E.0132
G1 X114.244 Y49.462 E.63676
G1 X113.667 Y49.419 E.01726
G1 X98.715 Y34.467 E.63056
G1 X98.285 Y34.571 E.0132
G1 X113.09 Y49.376 E.62435
G1 X112.512 Y49.332 E.01726
G1 X97.855 Y34.675 E.61815
G1 X97.425 Y34.779 E.0132
G1 X111.935 Y49.289 E.61194
G1 X111.358 Y49.245 E.01726
G1 X96.995 Y34.882 E.60574
G1 X96.565 Y34.986 E.0132
G1 X110.785 Y49.207 E.59973
G1 X110.264 Y49.22 E.01553
G1 X96.14 Y35.096 E.59567
G1 X95.738 Y35.227 E.01263
G1 X109.744 Y49.233 E.59069
G1 X109.223 Y49.246 E.01553
G1 X95.335 Y35.358 E.58571
G1 X94.933 Y35.49 E.01263
G1 X108.703 Y49.26 E.58073
G1 X108.182 Y49.273 E.01553
G1 X94.53 Y35.621 E.57574
G1 X94.128 Y35.752 E.01263
G1 X107.661 Y49.286 E.57076
G1 X107.4 Y49.293 E.00778
G1 X107.164 Y49.323 E.00711
G1 X93.725 Y35.884 E.56676
G1 X93.323 Y36.015 E.01263
G1 X106.69 Y49.382 E.56374
G1 X106.216 Y49.442 E.01425
G1 X92.92 Y36.147 E.56072
G1 X92.518 Y36.278 E.01263
G1 X105.742 Y49.502 E.55771
G1 X105.268 Y49.562 E.01425
G1 X92.135 Y36.43 E.55384
G1 X91.758 Y36.587 E.01218
G1 X104.794 Y49.622 E.54974
G1 X104.319 Y49.682 E.01425
G1 X91.381 Y36.743 E.54565
G1 X91.004 Y36.9 E.01218
G1 X103.857 Y49.753 E.54204
G1 X103.423 Y49.853 E.01328
G1 X90.627 Y37.057 E.53963
G1 X90.25 Y37.214 E.01218
G1 X102.989 Y49.952 E.53722
G1 X102.554 Y50.052 E.01328
G1 X89.873 Y37.371 E.53481
G1 X89.496 Y37.528 E.01218
G1 X102.12 Y50.152 E.5324
G1 X101.686 Y50.252 E.01328
G1 X89.119 Y37.685 E.52999
G1 X88.743 Y37.842 E.01217
G1 X101.252 Y50.352 E.52755
G1 X100.818 Y50.451 E.01328
G1 X88.39 Y38.023 E.52414
G1 X88.037 Y38.204 E.01183
G1 X100.401 Y50.568 E.52143
G1 X100.002 Y50.703 E.01255
G1 X87.684 Y38.385 E.51951
G1 X87.331 Y38.566 E.01183
G1 X99.603 Y50.838 E.51758
G1 X99.205 Y50.974 E.01255
G1 X86.978 Y38.747 E.51566
G1 X86.625 Y38.927 E.01183
G1 X98.806 Y51.109 E.51374
G1 X98.407 Y51.244 E.01255
G1 X86.272 Y39.108 E.51181
G1 X85.918 Y39.289 E.01183
G1 X98.009 Y51.379 E.50989
G1 X97.61 Y51.514 E.01255
G1 X85.565 Y39.47 E.50797
G1 X85.212 Y39.651 E.01183
G1 X97.218 Y51.656 E.50632
G1 X96.85 Y51.822 E.01204
G1 X84.882 Y39.854 E.50476
G1 X84.551 Y40.057 E.01157
G1 X96.482 Y51.988 E.50318
G1 X96.115 Y52.154 E.01204
G1 X84.221 Y40.261 E.5016
G1 X83.89 Y40.464 E.01157
G1 X95.747 Y52.321 E.50002
G1 X95.379 Y52.487 E.01204
G1 X83.56 Y40.668 E.49844
G1 X83.23 Y40.871 E.01157
G1 X95.011 Y52.653 E.49686
G1 X94.643 Y52.819 E.01204
G1 X82.899 Y41.075 E.49528
G1 X82.569 Y41.278 E.01157
G1 X94.279 Y52.989 E.49386
G1 X93.94 Y53.183 E.01166
G1 X82.239 Y41.482 E.49349
G1 X81.908 Y41.685 E.01157
G1 X93.601 Y53.378 E.49312
G1 X93.262 Y53.573 E.01166
G1 X81.593 Y41.904 E.49211
G1 X81.285 Y42.129 E.0114
G1 X92.923 Y53.768 E.49083
G1 X92.584 Y53.963 E.01166
G1 X80.976 Y42.355 E.48955
G1 X80.667 Y42.58 E.0114
G1 X92.245 Y54.157 E.48826
G1 X91.905 Y54.352 E.01166
G1 X80.358 Y42.805 E.48698
G1 X80.05 Y43.03 E.0114
G1 X91.566 Y54.547 E.4857
G1 X91.236 Y54.751 E.01157
G1 X79.741 Y43.255 E.4848
G1 X79.432 Y43.48 E.0114
G1 X90.925 Y54.974 E.48471
G1 X90.614 Y55.197 E.01141
G1 X79.123 Y43.706 E.48462
G1 X78.815 Y43.931 E.0114
G1 X90.304 Y55.42 E.48453
G1 X89.993 Y55.643 E.01141
G1 X78.506 Y44.156 E.48444
G1 X78.243 Y44.269 E.00854
G1 X78.095 Y44.279 E.00441
G1 X89.682 Y55.866 E.48866
G1 X89.371 Y56.089 E.01141
G1 X77.399 Y44.117 E.5049
G1 X76.526 Y43.778 E.02792
G1 X89.06 Y56.312 E.5286
G1 X88.749 Y56.535 E.01141
G1 X75.653 Y43.439 E.5523
G1 X74.78 Y43.1 E.02792
G1 X88.443 Y56.762 E.57619
G1 X88.159 Y57.012 E.01128
G1 X73.907 Y42.761 E.60104
G1 X73.035 Y42.422 E.02792
G1 X87.875 Y57.263 E.62589
G1 X87.592 Y57.513 E.01128
G1 X72.162 Y42.083 E.65074
G1 X71.289 Y41.744 E.02792
G1 X87.308 Y57.763 E.67559
G1 X87.024 Y58.013 E.01128
G1 X70.416 Y41.405 E.70044
G1 X69.543 Y41.066 E.02792
G1 X86.741 Y58.263 E.72529
G1 X86.457 Y58.514 E.01128
G1 X68.67 Y40.727 E.75014
G1 X67.797 Y40.388 E.02792
G1 X86.173 Y58.764 E.77499
G1 X85.891 Y59.016 E.01128
G1 X66.924 Y40.049 E.79991
G1 X66.051 Y39.71 E.02792
G1 X85.635 Y59.293 E.82589
G1 X85.378 Y59.57 E.01127
G1 X65.179 Y39.371 E.85187
G1 X64.306 Y39.032 E.02792
G1 X85.121 Y59.847 E.87785
G1 X84.864 Y60.124 E.01127
G1 X63.433 Y38.693 E.90383
G1 X62.56 Y38.354 E.02792
G1 X84.607 Y60.401 E.92981
G1 X84.35 Y60.678 E.01127
G1 X61.687 Y38.015 E.95579
G1 X60.814 Y37.676 E.02792
G1 X84.093 Y60.955 E.98177
G1 X83.837 Y61.232 E.01127
G1 X59.941 Y37.337 E1.00775
G1 X59.068 Y36.998 E.02792
G1 X83.58 Y61.509 E1.03373
G1 X83.347 Y61.811 E.01135
G1 X58.195 Y36.659 E1.06074
G1 X57.323 Y36.32 E.02792
G1 X83.117 Y62.115 E1.08786
G1 X82.887 Y62.419 E.01137
G1 X56.45 Y35.981 E1.11498
G1 X55.577 Y35.642 E.02792
G1 X82.658 Y62.723 E1.1421
G1 X82.428 Y63.027 E.01137
G1 X54.704 Y35.303 E1.16922
G1 X53.831 Y34.964 E.02792
G1 X82.198 Y63.331 E1.19634
G1 X81.968 Y63.635 E.01137
G1 X52.958 Y34.625 E1.22347
G1 X52.085 Y34.286 E.02792
G1 X81.738 Y63.939 E1.25059
G1 X81.509 Y64.243 E.01137
G1 X51.212 Y33.947 E1.27771
G1 X50.339 Y33.608 E.02792
G1 X81.301 Y64.57 E1.30578
G1 X81.099 Y64.902 E.01159
G1 X49.467 Y33.269 E1.33408
G1 X48.594 Y32.93 E.02792
G1 X80.898 Y65.234 E1.36237
G1 X80.696 Y65.566 E.01159
G1 X47.721 Y32.591 E1.39067
G1 X46.848 Y32.252 E.02792
G1 X80.494 Y65.898 E1.41896
G1 X80.292 Y66.23 E.01159
G1 X45.975 Y31.913 E1.44726
G1 X45.102 Y31.574 E.02792
G1 X80.09 Y66.561 E1.47555
G1 X79.888 Y66.893 E.01159
G1 X44.229 Y31.235 E1.50385
G1 X43.356 Y30.896 E.02792
G1 X79.686 Y67.225 E1.53214
G1 X79.51 Y67.584 E.0119
G1 X42.483 Y30.557 E1.56155
G1 X41.611 Y30.218 E.02792
G1 X79.338 Y67.945 E1.59109
G1 X79.165 Y68.306 E.01194
G1 X40.738 Y29.879 E1.62062
G1 X39.865 Y29.54 E.02792
G1 X78.992 Y68.668 E1.65016
G1 X78.82 Y69.029 E.01194
G1 X38.992 Y29.201 E1.67969
G1 X38.119 Y28.862 E.02792
G1 X78.647 Y69.39 E1.70923
G1 X78.475 Y69.752 E.01194
G1 X37.246 Y28.523 E1.73876
G1 X36.373 Y28.184 E.02792
G1 X78.302 Y70.113 E1.7683
G1 X78.135 Y70.48 E.01202
G1 X35.5 Y27.845 E1.79806
G1 X34.627 Y27.506 E.02792
G1 X77.993 Y70.871 E1.82887
G1 X77.85 Y71.263 E.01242
G1 X33.755 Y27.167 E1.85968
G1 X32.882 Y26.828 E.02792
G1 X77.708 Y71.654 E1.89048
G1 X77.565 Y72.046 E.01242
G1 X32.009 Y26.489 E1.92129
G1 X31.136 Y26.15 E.02792
G1 X77.423 Y72.437 E1.9521
G1 X77.281 Y72.829 E.01242
G1 X30.263 Y25.811 E1.98291
G1 X29.39 Y25.472 E.02792
G1 X77.138 Y73.22 E2.01372
G1 X77.009 Y73.625 E.01266
G1 X28.517 Y25.133 E2.04507
G1 X27.644 Y24.794 E.02792
G1 X76.9 Y74.049 E2.07728
G1 X76.791 Y74.474 E.01308
G1 X26.771 Y24.455 E2.1095
G1 X25.899 Y24.116 E.02792
G1 X76.682 Y74.899 E2.14171
G1 X76.572 Y75.324 E.01308
G1 X25.026 Y23.777 E2.17392
G1 X24.153 Y23.438 E.02792
G1 X76.463 Y75.749 E2.20613
G1 X76.354 Y76.173 E.01308
G1 X23.28 Y23.099 E2.23835
G1 X22.407 Y22.76 E.02792
G1 X76.245 Y76.598 E2.27056
G1 X76.155 Y77.042 E.0135
G1 X21.628 Y22.515 E2.29962
G1 X20.876 Y22.297 E.02333
G1 X76.085 Y77.506 E2.32834
G1 X76.014 Y77.969 E.01398
G1 X20.229 Y22.184 E2.35266
G1 X19.633 Y22.121 E.01789
G1 X75.944 Y78.432 E2.37485
G1 X75.873 Y78.896 E.01398
G1 X19.037 Y22.059 E2.39702
G1 X18.539 Y22.095 E.01488
G1 X75.803 Y79.359 E2.41504
G1 X75.732 Y79.823 E.01398
G1 X18.041 Y22.131 E2.43305
G1 X17.543 Y22.168 E.01488
G1 X75.667 Y80.291 E2.45128
G1 X75.641 Y80.799 E.01517
G1 X17.103 Y22.262 E2.46875
G1 X16.678 Y22.37 E.01309
G1 X75.616 Y81.307 E2.48561
G1 X75.59 Y81.816 E.01517
G1 X16.253 Y22.479 E2.50246
G1 X15.836 Y22.596 E.0129
G1 X75.564 Y82.324 E2.51894
G1 X75.538 Y82.832 E.01517
G1 X15.469 Y22.763 E2.53333
G1 X15.102 Y22.93 E.01202
G1 X75.513 Y83.34 E2.54772
G1 X75.496 Y83.677 E.01006
G1 X75.505 Y83.866 E.00566
G1 X14.735 Y23.097 E2.56288
G1 X14.378 Y23.273 E.01189
G1 X75.533 Y84.429 E2.57915
G1 X75.562 Y84.991 E.01679
G1 X21.187 Y30.616 E2.29319
G1 X21.25 Y31.104 E.01467
G1 X21.238 Y31.201 E.00292
G1 X75.59 Y85.553 E2.29223
G1 X75.618 Y86.115 E.01679
G1 X21.178 Y31.675 E2.29596
G1 X21.029 Y32.06 E.01231
G1 X75.646 Y86.677 E2.30342
G1 X75.682 Y87.247 E.01701
G1 X20.842 Y32.407 E2.31278
G1 X20.605 Y32.703 E.01133
G1 X75.778 Y87.876 E2.32685
G1 X75.874 Y88.506 E.019
G1 X20.32 Y32.952 E2.34291
G1 X20.077 Y33.137 E.0091
G1 X20.003 Y33.169 E.00241
G1 X75.969 Y89.136 E2.36033
G1 X76.065 Y89.766 E.019
G1 X19.63 Y33.33 E2.3801
G1 X19.394 Y33.396 E.0073
G1 X19.187 Y33.421 E.00623
G1 X76.161 Y90.396 E2.40283
G1 X76.191 Y90.589 E.00585
G1 X76.318 Y91.087 E.01531
G1 X18.466 Y33.234 E2.43986
G1 E-.88121 F2400
;WIPE_START
G1 F7528.376
G1 X19.173 Y33.941 E-.31879
;WIPE_END
G1 F9000
G1 X19.3634 Y33.3906 Z0.630769
G1 X19.7877 Y32.9916 Z0.661538
G1 X20.3489 Y32.8356 Z0.692308
G1 X20.9183 Y32.9582 Z0.723077
G1 X21.3656 Y33.3314 Z0.753846
G1 X21.5881 Y33.8697 Z0.784615
G1 X21.535 Y34.4498 Z0.815385
G1 X21.2184 Y34.9387 Z0.846154
G1 X20.7109 Y35.2245 Z0.876923
G1 X20.1287 Y35.2417 Z0.907692
G1 X19.6052 Y34.9864 Z0.938462
G1 X19.2603 Y34.517 Z0.969231
G1 X19.173 Y33.9411 Z1
G1 X19.621 Y29.05 Z1
G1 Z.6
G1 E1.2 F1800
G1 F7528.376
G1 X14.062 Y23.491 E.23443
G1 X13.746 Y23.709 E.01145
G1 X18.789 Y28.752 E.21266
G1 X18.321 Y28.818 E.0141
G1 X13.43 Y23.927 E.20624
G1 X13.115 Y24.146 E.01144
G1 X17.934 Y28.964 E.20321
G1 X17.791 Y29.021 E.00457
G1 X17.586 Y29.151 E.00723
G1 X12.847 Y24.412 E.19986
G1 X12.579 Y24.678 E.01126
G1 X17.288 Y29.386 E.19857
G1 X17.23 Y29.432 E.00219
G1 X17.043 Y29.675 E.00916
G1 X12.311 Y24.944 E.19955
G1 X12.043 Y25.21 E.01126
G1 X16.824 Y29.991 E.20163
G1 X16.663 Y30.364 E.01212
G1 X11.812 Y25.513 E.20459
G1 X11.592 Y25.826 E.01143
G1 X16.573 Y30.807 E.21007
G1 X16.538 Y31.109 E.00906
G1 X16.569 Y31.337 E.00687
G1 X11.372 Y26.14 E.2192
G1 X11.152 Y26.454 E.01143
G1 X76.503 Y91.805 E2.7561
G1 X76.687 Y92.523 E.02211
G1 X10.962 Y26.798 E2.77188
G1 X10.793 Y27.162 E.01199
G1 X56.713 Y73.082 E1.93662
G1 X53.998 Y70.902 E.10384
G1 X10.623 Y27.527 E1.82928
G1 X10.454 Y27.891 E.01199
G1 X51.284 Y68.721 E1.72194
G1 X48.569 Y66.54 E.10384
G1 X10.32 Y28.292 E1.61308
G1 X10.209 Y28.714 E.01303
G1 X45.854 Y64.36 E1.5033
G1 X43.14 Y62.179 E.10384
G1 X10.098 Y29.137 E1.39351
G1 X9.986 Y29.559 E.01303
G1 X40.425 Y59.998 E1.28373
G1 X37.711 Y57.818 E.10384
G1 X9.943 Y30.05 E1.17106
G1 X9.903 Y30.544 E.01478
G1 X34.996 Y55.637 E1.05826
G1 X32.282 Y53.456 E.10384
G1 X9.864 Y31.038 E.94545
G1 X9.853 Y31.172 E.00399
G1 X9.895 Y31.603 E.01293
G1 X29.567 Y51.276 E.82966
G1 X26.853 Y49.095 E.10384
G1 X9.952 Y32.194 E.71276
G1 X10.015 Y32.791 E.01789
G1 X24.138 Y46.914 E.59564
G1 X21.423 Y44.734 E.10384
G1 X10.223 Y33.533 E.47236
G1 X10.432 Y34.276 E.023
G1 X18.709 Y42.553 E.34908
G1 X15.994 Y40.373 E.10384
G1 X10.922 Y35.3 E.21394
G1 X11.137 Y35.745 E.01476
G1 X11.945 Y36.857 E.04099
G1 X14.386 Y39.299 E.10296
G1 X59.836 Y76.205 F9000
G1 F7528.376
G1 X76.872 Y93.241 E.71847
G1 X77.061 Y93.965 E.02231
G1 X59.938 Y76.842 E.72214
G1 X59.887 Y77.324 E.01447
G1 X77.366 Y94.804 E.73717
G1 X77.671 Y95.642 E.02661
G1 X59.835 Y77.807 E.7522
G1 X59.784 Y78.289 E.01447
G1 X77.976 Y96.481 E.76724
G1 X78.162 Y96.993 E.01623
G1 X78.353 Y97.392 E.0132
G1 X59.732 Y78.771 E.7853
G1 X59.68 Y79.254 E.01447
G1 X78.842 Y98.415 E.80811
G1 X79.331 Y99.438 E.03382
G1 X59.629 Y79.736 E.83092
G1 X59.577 Y80.218 E.01447
G1 X79.922 Y100.563 E.85801
G1 X80.753 Y101.928 E.04766
G1 X59.559 Y80.734 E.89384
G1 X59.544 Y81.253 E.01549
G1 X82.569 Y104.278 E.97105
G1 E-.88121 F2400
;WIPE_START
G1 F7528.376
G1 X81.862 Y103.571 E-.31879
;WIPE_END
G1 F9000
G1 X82.4008 Y103.349 Z0.630769
G1 X82.9807 Y103.404 Z0.661538
G1 X83.4688 Y103.722 Z0.692308
G1 X83.7534 Y104.23 Z0.723077
G1 X83.7692 Y104.812 Z0.753846
G1 X83.5125 Y105.335 Z0.784615
G1 X83.0423 Y105.679 Z0.815385
G1 X82.4662 Y105.765 Z0.846154
G1 X81.9161 Y105.573 Z0.876923
G1 X81.5182 Y105.148 Z0.907692
G1 X81.3636 Y104.586 Z0.938462
G1 X81.4876 Y104.017 Z0.969231
G1 X81.8619 Y103.571 Z1
G1 X137.38 Y62.988 Z1
G1 Z.6
G1 E1.2 F1800
G1 F7528.376
G1 X160.45 Y86.059 E.97297
G1 X160.425 Y86.567 E.01518
G1 X139.168 Y65.31 E.89646
G1 X139.472 Y65.758 E.01614
G1 X139.932 Y66.607 E.0288
G1 X160.399 Y87.075 E.8632
G1 X160.374 Y87.583 E.01518
G1 X140.56 Y67.77 E.83562
G1 X141.168 Y68.912 E.0386
G1 X160.348 Y88.092 E.80888
G1 X160.296 Y88.574 E.01446
G1 X141.557 Y69.834 E.79031
G1 X141.946 Y70.757 E.02985
G1 X160.235 Y89.046 E.77134
G1 X160.174 Y89.519 E.01421
G1 X142.334 Y71.679 E.75236
G1 X142.393 Y71.819 E.00452
G1 X142.597 Y72.477 E.02054
G1 X160.112 Y89.992 E.73866
G1 X160.051 Y90.464 E.01421
G1 X142.839 Y73.252 E.72591
G1 X143.08 Y74.027 E.0242
G1 X159.99 Y90.937 E.71315
G1 X159.928 Y91.409 E.01421
G1 X143.321 Y74.802 E.70039
G1 X143.422 Y75.126 E.01012
G1 X143.501 Y75.516 E.01188
G1 X159.867 Y91.882 E.6902
G1 X159.794 Y92.343 E.01392
G1 X143.638 Y76.187 E.68135
G1 X143.775 Y76.857 E.02041
G1 X159.701 Y92.783 E.67165
G1 X159.608 Y93.224 E.01344
G1 X143.912 Y77.528 E.66196
G1 X144.049 Y78.199 E.02041
G1 X159.515 Y93.665 E.65226
G1 X159.422 Y94.106 E.01344
G1 X144.143 Y78.828 E.64434
G1 X144.203 Y79.421 E.01779
G1 X159.329 Y94.547 E.63791
G1 X159.235 Y94.987 E.01344
G1 X144.262 Y80.014 E.63147
G1 X144.322 Y80.608 E.01779
G1 X159.142 Y95.428 E.62504
G1 X159.049 Y95.869 E.01344
G1 X144.381 Y81.201 E.6186
G1 X144.441 Y81.795 E.01779
G1 X158.942 Y96.295 E.61154
G1 X158.82 Y96.707 E.01282
G1 X144.462 Y82.35 E.60552
G1 X144.462 Y82.883 E.01592
G1 X158.698 Y97.12 E.6004
G1 X158.577 Y97.532 E.01282
G1 X144.462 Y83.417 E.59527
G1 X144.462 Y83.951 E.01592
G1 X158.455 Y97.944 E.59015
G1 X158.333 Y98.356 E.01282
G1 X144.462 Y84.485 E.58502
G1 X144.461 Y85.018 E.01592
G1 X158.212 Y98.769 E.5799
G1 X158.09 Y99.181 E.01282
G1 X144.45 Y85.541 E.57524
G1 X144.401 Y86.026 E.01454
G1 X157.968 Y99.593 E.57217
G1 X157.84 Y99.999 E.01269
G1 X144.353 Y86.511 E.56883
G1 X144.304 Y86.996 E.01454
G1 X157.692 Y100.385 E.56465
G1 X157.545 Y100.771 E.01233
G1 X144.255 Y87.481 E.56048
G1 X144.206 Y87.966 E.01454
G1 X157.397 Y101.157 E.5563
G1 X157.249 Y101.543 E.01233
G1 X144.157 Y88.451 E.55212
G1 X144.102 Y88.93 E.01437
G1 X157.101 Y101.929 E.54822
G1 X156.953 Y102.315 E.01233
G1 X144.012 Y89.374 E.54578
G1 X143.921 Y89.817 E.0135
G1 X156.805 Y102.701 E.54335
G1 X156.657 Y103.087 E.01233
G1 X143.831 Y90.261 E.54092
G1 X143.741 Y90.705 E.0135
G1 X156.509 Y103.473 E.53849
G1 X156.347 Y103.845 E.01209
G1 X143.651 Y91.149 E.53544
G1 X143.561 Y91.592 E.0135
G1 X156.175 Y104.206 E.53198
G1 X156.002 Y104.568 E.01194
G1 X143.47 Y92.036 E.52852
G1 X143.362 Y92.461 E.0131
G1 X155.83 Y104.929 E.52582
G1 X155.658 Y105.291 E.01194
G1 X143.235 Y92.869 E.52389
G1 X143.109 Y93.276 E.01272
G1 X155.485 Y105.652 E.52197
G1 X155.313 Y106.014 E.01194
G1 X142.982 Y93.683 E.52004
G1 X142.855 Y94.09 E.01272
G1 X155.141 Y106.376 E.51812
G1 X154.968 Y106.737 E.01194
G1 X142.729 Y94.498 E.51619
G1 X142.602 Y94.905 E.01272
G1 X154.796 Y107.099 E.51427
G1 X154.609 Y107.445 E.01175
G1 X142.475 Y95.312 E.51171
G1 X142.339 Y95.709 E.01253
G1 X154.413 Y107.784 E.50923
G1 X154.218 Y108.122 E.01166
G1 X142.18 Y96.085 E.50767
G1 X142.022 Y96.46 E.01215
G1 X154.023 Y108.461 E.50611
G1 X153.827 Y108.799 E.01166
G1 X141.864 Y96.836 E.50454
G1 X141.705 Y97.211 E.01215
G1 X153.632 Y109.138 E.50298
G1 X153.436 Y109.476 E.01166
G1 X141.547 Y97.587 E.50142
G1 X141.389 Y97.962 E.01215
G1 X153.241 Y109.815 E.49985
G1 X153.045 Y110.153 E.01166
G1 X141.23 Y98.338 E.49829
G1 X141.063 Y98.704 E.01201
G1 X152.85 Y110.492 E.49712
G1 X152.645 Y110.82 E.01155
G1 X140.875 Y99.051 E.49636
G1 X140.688 Y99.397 E.01175
G1 X152.427 Y111.137 E.4951
G1 X152.21 Y111.453 E.01145
G1 X140.5 Y99.743 E.49383
G1 X140.313 Y100.09 E.01175
G1 X151.992 Y111.769 E.49256
G1 X151.774 Y112.086 E.01145
G1 X140.125 Y100.436 E.49129
G1 X139.938 Y100.783 E.01175
G1 X151.557 Y112.402 E.49002
G1 X151.339 Y112.718 E.01145
G1 X139.75 Y101.129 E.48876
G1 X139.563 Y101.475 E.01175
G1 X151.122 Y113.034 E.48749
G1 X150.904 Y113.351 E.01145
G1 X139.359 Y101.806 E.4869
G1 X139.143 Y102.124 E.01146
G1 X150.687 Y113.667 E.48683
G1 X150.484 Y113.962 E.01068
G1 X150.468 Y113.982 E.00076
G1 X138.927 Y102.442 E.48669
G1 X138.711 Y102.76 E.01146
G1 X150.229 Y114.277 E.48572
G1 X149.989 Y114.572 E.01132
G1 X138.496 Y103.078 E.48474
G1 X138.28 Y103.396 E.01146
G1 X149.75 Y114.866 E.48376
G1 X149.511 Y115.161 E.01132
G1 X138.064 Y103.714 E.48278
G1 X137.848 Y104.032 E.01146
G1 X149.272 Y115.456 E.4818
G1 X149.033 Y115.751 E.01132
G1 X137.632 Y104.35 E.48082
G1 X137.401 Y104.653 E.01136
G1 X148.794 Y116.046 E.48049
G1 X148.555 Y116.341 E.01132
G1 X137.158 Y104.943 E.48067
G1 X136.914 Y105.234 E.0113
G1 X148.316 Y116.635 E.48085
G1 X148.077 Y116.93 E.01132
G1 X136.671 Y105.524 E.48103
G1 X136.428 Y105.815 E.0113
G1 X147.826 Y117.213 E.48071
G1 X147.566 Y117.487 E.01126
G1 X136.184 Y106.105 E.48
G1 X135.941 Y106.396 E.0113
G1 X147.305 Y117.76 E.47928
G1 X147.045 Y118.034 E.01126
G1 X135.697 Y106.686 E.47857
G1 X135.454 Y106.977 E.0113
G1 X146.785 Y118.308 E.47786
G1 X146.525 Y118.581 E.01126
G1 X135.202 Y107.258 E.47753
G1 X134.931 Y107.522 E.01126
G1 X146.264 Y118.855 E.47796
G1 X146.004 Y119.129 E.01126
G1 X134.661 Y107.786 E.47838
G1 X134.391 Y108.049 E.01126
G1 X145.744 Y119.402 E.47881
G1 X145.484 Y119.676 E.01126
G1 X134.12 Y108.313 E.47923
G1 X133.85 Y108.576 E.01126
G1 X145.223 Y119.949 E.47965
G1 X144.942 Y120.202 E.01127
G1 X133.58 Y108.84 E.47918
G1 X133.309 Y109.103 E.01126
G1 X144.661 Y120.455 E.47872
G1 X144.379 Y120.707 E.01127
G1 X133.039 Y109.367 E.47826
G1 X132.763 Y109.625 E.01126
G1 X144.098 Y120.96 E.47803
G1 X143.817 Y121.212 E.01127
G1 X132.466 Y109.862 E.4787
G1 X132.169 Y110.098 E.01133
G1 X143.535 Y121.465 E.47937
G1 X143.254 Y121.718 E.01127
G1 X131.872 Y110.335 E.48004
G1 X131.575 Y110.572 E.01133
G1 X142.973 Y121.97 E.48071
G1 X142.692 Y122.223 E.01127
G1 X131.277 Y110.809 E.48138
G1 X130.98 Y111.045 E.01133
G1 X142.41 Y122.475 E.48205
G1 X142.119 Y122.718 E.0113
G1 X130.683 Y111.282 E.48229
G1 X130.386 Y111.519 E.01133
G1 X141.816 Y122.949 E.48207
G1 X141.514 Y123.181 E.01136
G1 X130.085 Y111.752 E.482
G1 X129.76 Y111.961 E.01152
G1 X141.211 Y123.412 E.48294
G1 X140.909 Y123.643 E.01136
G1 X129.435 Y112.17 E.48388
G1 X129.11 Y112.379 E.01152
G1 X140.606 Y123.875 E.48482
G1 X140.304 Y124.106 E.01136
G1 X128.786 Y112.588 E.48576
G1 X128.461 Y112.797 E.01152
G1 X140.001 Y124.337 E.4867
G1 X139.699 Y124.569 E.01136
G1 X128.136 Y113.006 E.48764
G1 X127.811 Y113.215 E.01152
G1 X139.396 Y124.8 E.48857
G1 X139.093 Y125.031 E.01136
G1 X127.486 Y113.424 E.48951
G1 X127.16 Y113.632 E.01153
G1 X138.769 Y125.241 E.48961
G1 X138.445 Y125.451 E.01151
G1 X126.806 Y113.812 E.49085
G1 X126.452 Y113.992 E.01184
G1 X138.121 Y125.66 E.4921
G1 X137.797 Y125.87 E.01151
G1 X126.099 Y114.172 E.49335
G1 X125.745 Y114.352 E.01184
G1 X137.473 Y126.08 E.4946
G1 X137.148 Y126.29 E.01151
G1 X125.391 Y114.532 E.49585
G1 X125.037 Y114.713 E.01184
G1 X136.824 Y126.499 E.4971
G1 X136.5 Y126.709 E.01151
G1 X124.684 Y114.893 E.49834
G1 X124.33 Y115.073 E.01184
G1 X136.176 Y126.919 E.49959
G1 X135.852 Y127.129 E.01151
G1 X123.965 Y115.242 E.5013
G1 X123.582 Y115.392 E.01228
G1 X135.508 Y127.318 E.50296
G1 X135.161 Y127.506 E.01175
G1 X123.198 Y115.543 E.50453
G1 X122.815 Y115.693 E.01228
G1 X134.815 Y127.693 E.50609
G1 X134.469 Y127.881 E.01175
G1 X122.431 Y115.844 E.50766
G1 X122.048 Y115.994 E.01228
G1 X134.122 Y128.069 E.50922
G1 X133.776 Y128.256 E.01175
G1 X121.664 Y116.145 E.51079
G1 X121.281 Y116.295 E.01228
G1 X133.43 Y128.444 E.51235
G1 X133.083 Y128.631 E.01175
G1 X120.884 Y116.432 E.5145
G1 X120.468 Y116.55 E.01289
G1 X132.737 Y128.819 E.51744
G1 X132.391 Y129.006 E.01175
G1 X120.052 Y116.668 E.52037
G1 X119.636 Y116.786 E.01289
G1 X132.031 Y129.181 E.52274
G1 X131.661 Y129.345 E.01207
G1 X119.22 Y116.904 E.52468
G1 X118.804 Y117.022 E.01289
G1 X131.291 Y129.508 E.52662
G1 X130.921 Y129.672 E.01207
G1 X118.388 Y117.14 E.52855
G1 X117.972 Y117.258 E.01289
G1 X130.551 Y129.836 E.53049
G1 X130.181 Y130 E.01207
G1 X117.541 Y117.36 E.53308
G1 X117.087 Y117.44 E.01373
G1 X129.811 Y130.164 E.5366
G1 X129.441 Y130.328 E.01207
G1 X116.634 Y117.521 E.54011
G1 X116.181 Y117.602 E.01373
G1 X129.071 Y130.492 E.54363
G1 X128.701 Y130.656 E.01207
G1 X115.727 Y117.682 E.54714
G1 X115.274 Y117.763 E.01373
G1 X128.354 Y130.843 E.55163
G1 X128.242 Y130.948 E.00458
G1 X128.122 Y131.144 E.00686
G1 X114.821 Y117.843 E.56095
G1 X114.367 Y117.924 E.01373
G1 X128.004 Y131.561 E.57511
G1 X127.933 Y132.023 E.01396
G1 X113.876 Y117.966 E.59284
G1 X113.379 Y118.004 E.01485
G1 X127.861 Y132.486 E.61076
G1 X127.79 Y132.948 E.01396
G1 X112.883 Y118.041 E.62869
G1 X112.387 Y118.078 E.01485
G1 X127.719 Y133.411 E.64661
G1 X127.647 Y133.873 E.01396
G1 X111.89 Y118.116 E.66454
G1 X111.394 Y118.153 E.01485
G1 X127.576 Y134.336 E.68246
G1 X127.504 Y134.798 E.01396
G1 X110.897 Y118.191 E.70039
G1 X110.353 Y118.18 E.01624
G1 X127.433 Y135.261 E.72033
G1 X127.362 Y135.723 E.01396
G1 X109.805 Y118.167 E.74042
G1 X109.258 Y118.153 E.01634
G1 X127.29 Y136.186 E.7605
G1 X127.219 Y136.648 E.01396
G1 X108.71 Y118.139 E.78059
G1 X108.162 Y118.125 E.01634
G1 X127.147 Y137.111 E.80068
G1 X127.076 Y137.573 E.01396
G1 X107.615 Y118.112 E.82076
G1 X107.404 Y118.106 E.00628
G1 X107.028 Y118.059 E.01131
G1 X127.005 Y138.036 E.84249
G1 X126.933 Y138.498 E.01396
G1 X106.417 Y117.982 E.86525
G1 X105.806 Y117.904 E.01837
G1 X126.862 Y138.961 E.88801
G1 X126.79 Y139.423 E.01396
G1 X105.195 Y117.827 E.91077
G1 X104.584 Y117.75 E.01837
G1 X126.719 Y139.885 E.93353
G1 X126.648 Y140.348 E.01396
G1 X103.972 Y117.673 E.95629
G1 X103.28 Y117.514 E.0212
G1 X126.576 Y140.81 E.9825
G1 X126.505 Y141.273 E.01396
G1 X102.586 Y117.354 E1.00874
G1 X101.893 Y117.195 E.02122
G1 X126.433 Y141.735 E1.03497
G1 X126.362 Y142.198 E.01396
G1 X101.199 Y117.035 E1.06121
G1 X100.492 Y116.862 E.02172
G1 X126.291 Y142.66 E1.08803
G1 X126.219 Y143.123 E.01396
G1 X99.685 Y116.588 E1.11906
G1 X98.878 Y116.315 E.02541
G1 X126.148 Y143.585 E1.15009
G1 X126.076 Y144.048 E.01396
G1 X98.07 Y116.042 E1.18112
G1 X97.248 Y115.753 E.026
G1 X126.005 Y144.51 E1.21281
G1 X125.934 Y144.973 E.01396
G1 X96.275 Y115.315 E1.2508
G1 X95.303 Y114.876 E.03181
G1 X125.862 Y145.435 E1.2888
G1 X125.791 Y145.898 E.01396
G1 X94.331 Y114.438 E1.32679
G1 X93.081 Y113.722 E.04295
G1 X125.719 Y146.36 E1.37648
G1 X125.648 Y146.823 E.01396
G1 X91.825 Y113 E1.42644
G1 X91.322 Y112.711 E.01731
G1 X90.192 Y111.901 E.04144
G1 X125.577 Y147.285 E1.49229
G1 X125.505 Y147.748 E.01396
G1 X88.014 Y110.256 E1.58115
G1 X85.914 Y108.407 E.08344
G1 X83.546 Y105.852 E.10387
G1 X83.349 Y105.592 E.00973
G1 X59.529 Y81.772 E1.00458
G1 X59.514 Y82.291 E.01549
G1 X125.434 Y148.21 E2.78007
G1 X125.363 Y148.673 E.01396
G1 X59.5 Y82.81 E2.77768
G1 X59.485 Y83.329 E.01549
G1 X125.291 Y149.135 E2.7753
G1 X125.22 Y149.598 E.01396
G1 X59.47 Y83.848 E2.77291
G1 X59.465 Y84.377 E.01577
G1 X125.148 Y150.06 E2.77011
G1 X125.077 Y150.523 E.01396
G1 X59.493 Y84.939 E2.76591
G1 X59.521 Y85.501 E.01679
G1 X125.006 Y150.985 E2.7617
G1 X124.934 Y151.448 E.01396
G1 X59.55 Y86.064 E2.7575
G1 X59.578 Y86.626 E.01679
G1 X124.863 Y151.91 E2.75329
G1 X124.791 Y152.373 E.01396
G1 X59.606 Y87.188 E2.74909
G1 X59.635 Y87.75 E.01679
G1 X124.72 Y152.835 E2.74488
G1 X124.649 Y153.298 E.01396
G1 X59.671 Y88.32 E2.74036
G1 X59.75 Y88.933 E.01845
G1 X124.577 Y153.76 E2.73399
G1 X124.506 Y154.223 E.01396
G1 X59.83 Y89.547 E2.72761
G1 X59.91 Y90.161 E.01845
G1 X124.434 Y154.685 E2.72124
G1 X124.363 Y155.148 E.01396
G1 X59.989 Y90.774 E2.71487
G1 X60.069 Y91.388 E.01845
G1 X124.292 Y155.61 E2.7085
G1 X124.22 Y156.073 E.01396
G1 X60.149 Y92.002 E2.70212
G1 X60.273 Y92.66 E.01997
G1 X124.149 Y156.535 E2.69387
G1 X124.077 Y156.998 E.01396
G1 X60.416 Y93.336 E2.68484
G1 X60.559 Y94.013 E.02063
G1 X124.006 Y157.46 E2.6758
G1 X123.935 Y157.923 E.01396
G1 X60.702 Y94.69 E2.66676
G1 X60.845 Y95.367 E.02063
G1 X123.863 Y158.385 E2.65772
G1 X123.792 Y158.848 E.01396
G1 X60.988 Y96.044 E2.64869
G1 X61.206 Y96.796 E.02338
G1 X123.72 Y159.31 E2.63645
G1 X123.649 Y159.773 E.01396
G1 X61.43 Y97.554 E2.62401
G1 X61.653 Y98.311 E.02355
G1 X123.578 Y160.235 E2.61157
G1 X123.506 Y160.698 E.01396
G1 X61.877 Y99.068 E2.59914
G1 X62.1 Y99.826 E.02355
G1 X123.435 Y161.16 E2.5867
G1 X123.363 Y161.623 E.01396
G1 X62.42 Y100.68 E2.57019
G1 X62.752 Y101.545 E.02764
G1 X123.292 Y162.085 E2.55319
G1 X123.221 Y162.548 E.01396
G1 X63.084 Y102.411 E2.5362
G1 X63.415 Y103.276 E.02764
G1 X90.394 Y130.255 E1.13781
G1 X89.436 Y129.83 E.03127
G1 X63.838 Y104.233 E1.07953
G1 X64.324 Y105.253 E.03369
G1 X88.477 Y129.406 E1.0186
G1 X87.761 Y129.089 E.02335
G1 X87.466 Y128.929 E.01001
G1 X64.81 Y106.273 E.95547
G1 X65.313 Y107.309 E.03433
G1 X86.301 Y128.298 E.88518
G1 X85.137 Y127.667 E.03949
G1 X66.042 Y108.572 E.80531
G1 X66.771 Y109.836 E.0435
G1 X83.91 Y126.974 E.7228
G1 X82.398 Y125.996 E.05371
G1 X67.649 Y111.248 E.62199
G1 X68.825 Y112.958 E.06189
G1 X80.875 Y125.007 E.50818
G1 X78.607 Y123.273 E.08515
G1 X69.342 Y114.008 E.39074
G1 X91.847 Y131.708 F9000
G1 F7528.376
G1 X123.149 Y163.01 E1.32013
G1 X123.078 Y163.473 E.01396
G1 X92.147 Y132.542 E1.30445
G1 X92.245 Y133.174 E.01905
G1 X123.006 Y163.935 E1.29733
G1 X122.935 Y164.398 E.01396
G1 X92.342 Y133.805 E1.29021
G1 X92.44 Y134.436 E.01905
G1 X122.864 Y164.86 E1.28309
G1 X122.792 Y165.323 E.01396
G1 X92.537 Y135.068 E1.27596
G1 X92.635 Y135.699 E.01905
G1 X122.721 Y165.785 E1.26884
G1 X122.649 Y166.248 E.01396
G1 X92.732 Y136.33 E1.26172
G1 X92.83 Y136.962 E.01905
G1 X122.578 Y166.71 E1.2546
G1 X122.507 Y167.173 E.01396
G1 X92.927 Y137.593 E1.24748
G1 X93.025 Y138.225 E.01905
G1 X122.435 Y167.635 E1.24036
G1 X122.364 Y168.098 E.01396
G1 X93.122 Y138.856 E1.23323
G1 X93.219 Y139.487 E.01905
G1 X122.292 Y168.56 E1.22611
G1 X122.221 Y169.023 E.01396
G1 X93.317 Y140.119 E1.21899
G1 X93.414 Y140.75 E.01905
G1 X122.15 Y169.485 E1.21187
G1 X122.078 Y169.948 E.01396
G1 X93.512 Y141.381 E1.20475
G1 X93.609 Y142.013 E.01905
G1 X122.007 Y170.41 E1.19763
G1 X121.935 Y170.873 E.01396
G1 X93.707 Y142.644 E1.19051
G1 X93.804 Y143.275 E.01905
G1 X121.864 Y171.335 E1.18338
G1 X121.793 Y171.798 E.01396
G1 X93.902 Y143.907 E1.17626
G1 X93.999 Y144.538 E.01905
G1 X121.721 Y172.26 E1.16914
G1 X121.65 Y172.723 E.01396
G1 X94.097 Y145.169 E1.16202
G1 X94.194 Y145.801 E.01905
G1 X121.578 Y173.185 E1.1549
G1 X121.507 Y173.648 E.01396
G1 X94.292 Y146.432 E1.14778
G1 X94.389 Y147.064 E.01905
G1 X121.436 Y174.11 E1.14065
G1 X121.364 Y174.573 E.01396
G1 X94.487 Y147.695 E1.13353
G1 X94.584 Y148.326 E.01905
G1 X121.293 Y175.035 E1.12641
G1 X121.221 Y175.498 E.01396
G1 X94.681 Y148.958 E1.11929
G1 X94.779 Y149.589 E.01905
G1 X121.15 Y175.96 E1.11217
G1 X121.079 Y176.423 E.01396
G1 X94.876 Y150.22 E1.10505
G1 X94.974 Y150.852 E.01905
G1 X121.007 Y176.885 E1.09793
G1 X120.936 Y177.348 E.01396
G1 X95.071 Y151.483 E1.0908
G1 X95.169 Y152.114 E.01905
G1 X120.864 Y177.81 E1.08368
G1 X120.793 Y178.273 E.01396
G1 X95.266 Y152.746 E1.07656
G1 X95.364 Y153.377 E.01905
G1 X120.722 Y178.735 E1.06944
G1 X120.65 Y179.198 E.01396
G1 X95.461 Y154.008 E1.06232
G1 X95.559 Y154.64 E.01905
G1 X120.579 Y179.66 E1.0552
G1 X120.507 Y180.123 E.01396
G1 X95.656 Y155.271 E1.04807
G1 X95.754 Y155.903 E.01905
G1 X120.436 Y180.585 E1.04095
G1 X120.365 Y181.048 E.01396
G1 X95.851 Y156.534 E1.03383
G1 X95.948 Y157.165 E.01905
G1 X120.293 Y181.51 E1.02671
G1 X120.222 Y181.973 E.01396
G1 X96.046 Y157.797 E1.01959
G1 X96.143 Y158.428 E.01905
G1 X120.151 Y182.435 E1.01247
G1 X120.079 Y182.898 E.01396
G1 X96.241 Y159.059 E1.00535
G1 X96.338 Y159.691 E.01905
G1 X120.008 Y183.36 E.99822
G1 X119.936 Y183.823 E.01396
G1 X96.436 Y160.322 E.9911
G1 X96.533 Y160.953 E.01905
G1 X119.865 Y184.285 E.98398
G1 X119.794 Y184.748 E.01396
G1 X96.631 Y161.585 E.97686
G1 X96.728 Y162.216 E.01905
G1 X119.722 Y185.21 E.96974
G1 X119.651 Y185.673 E.01396
G1 X96.826 Y162.847 E.96262
G1 X96.923 Y163.479 E.01905
G1 X119.579 Y186.135 E.95549
G1 X119.508 Y186.598 E.01396
G1 X97.021 Y164.11 E.94837
G1 X97.118 Y164.742 E.01905
G1 X119.437 Y187.06 E.94125
G1 X119.365 Y187.523 E.01396
G1 X97.216 Y165.373 E.93413
G1 X97.313 Y166.004 E.01905
G1 X119.294 Y187.985 E.92701
G1 X119.222 Y188.448 E.01396
G1 X97.41 Y166.636 E.91989
G1 X97.508 Y167.267 E.01905
G1 X119.151 Y188.91 E.91277
G1 X119.08 Y189.372 E.01396
G1 X97.605 Y167.898 E.90564
G1 X97.703 Y168.53 E.01905
G1 X119.008 Y189.835 E.89852
G1 X118.932 Y190.293 E.01385
G1 X97.8 Y169.161 E.89121
G1 X97.898 Y169.792 E.01905
G1 X118.827 Y190.721 E.88265
G1 X118.721 Y191.15 E.01315
G1 X97.995 Y170.424 E.87408
G1 X98.093 Y171.055 E.01905
G1 X118.615 Y191.578 E.86552
G1 X118.553 Y191.832 E.00782
G1 X118.486 Y191.982 E.00489
G1 X98.19 Y171.686 E.85595
G1 X98.288 Y172.318 E.01905
G1 X118.321 Y192.352 E.8449
G1 X118.157 Y192.721 E.01206
G1 X98.385 Y172.949 E.83385
G1 X98.483 Y173.581 E.01905
G1 X117.992 Y193.09 E.8228
G1 X117.902 Y193.294 E.00665
G1 X117.805 Y193.437 E.00514
G1 X98.58 Y174.212 E.81078
G1 X98.678 Y174.843 E.01905
G1 X110.429 Y186.595 E.49561
G1 X109.858 Y186.558 E.01707
G1 X98.775 Y175.475 E.46742
G1 X98.872 Y176.106 E.01905
G1 X109.394 Y186.627 E.44372
G1 X109.008 Y186.775 E.01232
G1 X98.97 Y176.737 E.42334
G1 X99.067 Y177.369 E.01905
G1 X108.668 Y186.97 E.40491
G1 X108.37 Y187.206 E.01133
G1 X99.165 Y178 E.38823
G1 X99.262 Y178.631 E.01905
G1 X108.131 Y187.5 E.37403
G1 X107.996 Y187.679 E.0067
G1 X107.917 Y187.82 E.0048
G1 X99.36 Y179.263 E.36088
G1 X99.457 Y179.894 E.01905
G1 X107.758 Y188.195 E.35006
G1 X107.703 Y188.399 E.00629
G1 X107.671 Y188.642 E.00732
G1 X99.555 Y180.525 E.3423
G1 X99.652 Y181.157 E.01905
G1 X107.876 Y189.38 E.34682
G1 E-.88121 F2400
;WIPE_START
G1 F7528.376
G1 X107.169 Y188.673 E-.31879
;WIPE_END
G1 F9000
G1 X107.744 Y188.763 Z0.630769
G1 X108.212 Y189.11 Z0.661538
G1 X108.465 Y189.635 Z0.692308
G1 X108.445 Y190.217 Z0.723077
G1 X108.157 Y190.723 Z0.753846
G1 X107.667 Y191.038 Z0.784615
G1 X107.086 Y191.088 Z0.815385
G1 X106.549 Y190.863 Z0.846154
G1 X106.178 Y190.414 Z0.876923
G1 X106.058 Y189.844 Z0.907692
G1 X106.216 Y189.284 Z0.938462
G1 X106.617 Y188.861 Z0.969231
G1 X107.169 Y188.673 Z1
G1 X112.08 Y188.246 Z1
G1 Z.6
G1 E1.2 F1800
G1 F7528.376
G1 X117.589 Y193.755 E.23233
G1 X117.373 Y194.073 E.01146
G1 X112.344 Y189.043 E.21211
G1 X112.271 Y189.504 E.01392
G1 X117.157 Y194.391 E.20608
G1 X117.003 Y194.618 E.00819
G1 X116.928 Y194.695 E.00322
G1 X112.121 Y189.889 E.20271
G1 X112.06 Y190.034 E.0047
G1 X111.921 Y190.222 E.00698
G1 X116.664 Y194.966 E.20004
G1 X116.401 Y195.236 E.01126
G1 X111.694 Y190.53 E.19847
G1 X111.403 Y190.772 E.01131
G1 X116.137 Y195.506 E.19965
G1 X115.871 Y195.774 E.01126
G1 X111.083 Y190.986 E.20193
G1 X110.702 Y191.139 E.01224
G1 X115.559 Y195.996 E.20486
G1 X115.248 Y196.219 E.01141
G1 X110.251 Y191.222 E.21072
G1 X110 Y191.255 E.00756
G1 X109.713 Y191.217 E.00864
G1 X114.936 Y196.441 E.2203
G1 X114.625 Y196.664 E.01141
G1 X99.75 Y181.788 E.62735
G1 X99.847 Y182.42 E.01905
G1 X114.27 Y196.842 E.60825
G1 X113.908 Y197.014 E.01195
G1 X99.945 Y183.051 E.58887
G1 X100.042 Y183.682 E.01905
G1 X113.545 Y197.186 E.56949
G1 X113.183 Y197.358 E.01195
G1 X100.139 Y184.314 E.55011
G1 X100.237 Y184.945 E.01905
G1 X112.771 Y197.479 E.5286
G1 X112.351 Y197.593 E.01297
G1 X100.334 Y185.576 E.5068
G1 X100.432 Y186.208 E.01905
G1 X111.932 Y197.707 E.48499
G1 X111.594 Y197.799 E.01044
G1 X111.498 Y197.808 E.00286
G1 X100.529 Y186.839 E.4626
G1 X100.627 Y187.47 E.01905
G1 X111.008 Y197.852 E.43781
G1 X110.518 Y197.895 E.01468
G1 X100.724 Y188.102 E.41302
G1 X100.822 Y188.733 E.01905
G1 X110.027 Y197.939 E.38823
G1 X109.447 Y197.892 E.01737
G1 X100.919 Y189.365 E.35963
G1 X101.017 Y189.996 E.01905
G1 X108.861 Y197.84 E.33081
G1 X108.406 Y197.799 E.01361
G1 X108.242 Y197.755 E.00509
G1 X101.162 Y190.675 E.29858
G1 X101.337 Y191.384 E.02177
G1 X107.508 Y197.555 E.26027
G1 X106.862 Y197.379 E.01996
G1 X106.741 Y197.321 E.00402
G1 X101.604 Y192.185 E.21661
G1 X102.033 Y193.148 E.03142
G1 X105.725 Y196.839 E.15569
G1 X105.417 Y196.693 E.01017
G1 X104.115 Y195.764 E.0477
G1 X102.416 Y194.065 E.07165
; stop printing object 본체3 id:257835021507036052 copy 0
M106 S102
;LAYER_CHANGE
;Z:0.8
;HEIGHT:0.2
;BEFORE_LAYER_CHANGE
;0.8
G92 E0

G1 E-.88121 F2400
;WIPE_START
G1 F7528.376
G1 X103.123 Y194.772 E-.31879
;WIPE_END
;_SET_FAN_SPEED_CHANGING_LAYER
; printing object 본체3 id:257835021507036052 copy 0
G1 F9000
G1 X103.462 Y194.298 Z0.830769
G1 X103.982 Y194.036 Z0.861538
G1 X104.565 Y194.046 Z0.892308
G1 X105.076 Y194.325 Z0.923077
G1 X105.398 Y194.81 Z0.953846
G1 X105.459 Y195.389 Z0.984615
G1 X105.243 Y195.93 Z1.01538
G1 X104.801 Y196.309 Z1.04615
G1 X104.233 Y196.439 Z1.07692
G1 X103.67 Y196.29 Z1.10769
G1 X103.241 Y195.897 Z1.13846
G1 X103.043 Y195.349 Z1.16923
G1 X103.123 Y194.772 Z1.2
G1 X128.393 Y131.37 Z1.2
G1 Z.8
G1 E1.2 F1800
M204 P2000
;TYPE:Inner wall
;WIDTH:0.449999
G1 F5400
G1 X128.355 Y131.461 E.00319
G1 X119.271 Y190.303 E1.91454
G1 X118.867 Y191.94 E.05424
G1 X118.192 Y193.456 E.05335
G1 X117.261 Y194.828 E.05335
G1 X116.102 Y196.015 E.05335
G1 X114.752 Y196.98 E.05335
G1 X113.253 Y197.691 E.05335
G1 X111.652 Y198.127 E.05335
G1 X110 Y198.273 E.05335
G1 X108.348 Y198.127 E.05335
G1 X106.747 Y197.691 E.05335
G1 X105.248 Y196.98 E.05335
G1 X103.898 Y196.015 E.05335
G1 X102.739 Y194.828 E.05335
G1 X101.808 Y193.456 E.05335
G1 X101.133 Y191.94 E.05335
G1 X100.729 Y190.303 E.05424
G1 X91.641 Y131.433 E1.91544
G1 X91.522 Y131.183 E.00892
G1 X91.309 Y131.02 E.00861
G1 X87.623 Y129.389 E.12963
G1 X83.989 Y127.42 E.13289
G1 X80.72 Y125.305 E.12522
G1 X77.532 Y122.868 E.12905
G1 X74.545 Y120.187 E.12905
G1 X71.78 Y117.279 E.12905
G1 X69.252 Y114.162 E.12905
G1 X66.978 Y110.855 E.12905
G1 X64.971 Y107.38 E.12905
G1 X63.245 Y103.757 E.12905
G1 X61.809 Y100.009 E.12905
G1 X60.674 Y96.16 E.12905
G1 X59.845 Y92.234 E.12905
G1 X59.328 Y88.254 E.12905
G1 X59.127 Y84.246 E.12905
G1 X59.242 Y80.234 E.12905
G1 X59.678 Y76.187 E.13089
G1 X59.626 Y75.929 E.00846
G1 X59.46 Y75.714 E.00875
G1 X13.043 Y38.427 E1.91454
G1 X11.827 Y37.258 E.05424
G1 X10.852 Y35.916 E.05335
G1 X10.129 Y34.423 E.05335
G1 X9.68 Y32.826 E.05334
G1 X9.52 Y31.174 E.05335
G1 X9.654 Y29.521 E.05334
G1 X10.077 Y27.917 E.05335
G1 X10.776 Y26.412 E.05335
G1 X11.729 Y25.055 E.05335
G1 X12.907 Y23.886 E.05334
G1 X14.272 Y22.944 E.05335
G1 X15.782 Y22.257 E.05335
G1 X17.39 Y21.847 E.05334
G1 X19.044 Y21.727 E.05335
G1 X20.694 Y21.9 E.05335
G1 X22.314 Y22.369 E.05424
G1 X77.838 Y43.932 E1.91536
G1 X78.11 Y43.956 E.00878
G1 X78.367 Y43.851 E.00892
G1 X81.62 Y41.475 E.12955
G1 X85.037 Y39.369 E.12905
G1 X88.609 Y37.539 E.12905
G1 X92.313 Y35.997 E.12905
G1 X96.128 Y34.751 E.12905
G1 X100.03 Y33.81 E.12905
G1 X103.993 Y33.179 E.12905
G1 X107.993 Y32.863 E.12905
G1 X112.007 Y32.863 E.12905
G1 X116.007 Y33.179 E.12905
G1 X119.97 Y33.81 E.12905
G1 X123.872 Y34.751 E.12905
G1 X127.687 Y35.997 E.12905
G1 X131.392 Y37.539 E.12905
G1 X134.858 Y39.313 E.12522
G1 X138.38 Y41.475 E.13289
G1 X141.664 Y43.874 E.13078
G1 X141.909 Y43.959 E.00834
G1 X142.186 Y43.923 E.00896
G1 X197.686 Y22.369 E1.91454
G1 X199.306 Y21.9 E.05424
G1 X200.956 Y21.727 E.05335
G1 X202.61 Y21.847 E.05335
G1 X204.218 Y22.257 E.05334
G1 X205.728 Y22.944 E.05335
G1 X207.093 Y23.886 E.05335
G1 X208.271 Y25.055 E.05334
G1 X209.224 Y26.412 E.05335
G1 X209.923 Y27.917 E.05335
G1 X210.346 Y29.521 E.05335
G1 X210.48 Y31.174 E.05334
G1 X210.32 Y32.826 E.05335
G1 X209.871 Y34.423 E.05334
G1 X209.148 Y35.916 E.05335
G1 X208.173 Y37.258 E.05335
G1 X206.957 Y38.427 E.05424
G1 X160.54 Y75.714 E1.91454
G1 X160.366 Y75.947 E.00936
G1 X160.326 Y76.229 E.00914
G1 X160.758 Y80.234 E.12955
G1 X160.873 Y84.246 E.12905
G1 X160.672 Y88.254 E.12905
G1 X160.155 Y92.234 E.12905
G1 X159.326 Y96.16 E.12905
G1 X158.191 Y100.009 E.12905
G1 X156.755 Y103.757 E.12905
G1 X155.029 Y107.38 E.12905
G1 X153.022 Y110.855 E.12905
G1 X150.748 Y114.162 E.12905
G1 X148.22 Y117.279 E.12905
G1 X145.455 Y120.187 E.12905
G1 X142.468 Y122.868 E.12905
G1 X139.28 Y125.305 E.12905
G1 X136.011 Y127.42 E.12522
G1 X132.377 Y129.389 E.13289
G1 X128.693 Y131.019 E.12953
G1 X128.466 Y131.198 E.00933
G1 X128.409 Y131.333 E.0047
M204 T1000
G1 X128.763 Y131.524 F9000
M204 P1000
;TYPE:Outer wall
;WIDTH:0.419999
G1 F3600
G1 X119.677 Y190.384 E1.77399
G1 X119.26 Y192.075 E.05188
G1 X118.555 Y193.657 E.0516
G1 X117.582 Y195.091 E.0516
G1 X116.372 Y196.331 E.0516
G1 X114.962 Y197.338 E.0516
G1 X113.397 Y198.08 E.0516
G1 X111.726 Y198.535 E.0516
G1 X110 Y198.689 E.0516
G1 X108.274 Y198.535 E.0516
G1 X106.603 Y198.08 E.0516
G1 X105.038 Y197.338 E.0516
G1 X103.628 Y196.331 E.0516
G1 X102.418 Y195.091 E.0516
G1 X101.445 Y193.657 E.0516
G1 X100.74 Y192.075 E.0516
G1 X100.323 Y190.384 E.05188
G1 X91.236 Y131.516 E1.77424
G1 X91.14 Y131.397 E.00453
G1 X87.44 Y129.761 E.1205
G1 X83.778 Y127.776 E.12407
G1 X80.482 Y125.643 E.11695
G1 X77.268 Y123.186 E.12051
G1 X74.257 Y120.484 E.12051
G1 X71.469 Y117.552 E.12051
G1 X68.92 Y114.41 E.12051
G1 X66.628 Y111.076 E.12051
G1 X64.605 Y107.572 E.12051
G1 X62.864 Y103.92 E.12051
G1 X61.417 Y100.142 E.12051
G1 X60.272 Y96.262 E.12051
G1 X59.437 Y92.303 E.12051
G1 X58.916 Y88.291 E.12051
G1 X58.713 Y84.25 E.12051
G1 X58.83 Y80.206 E.12051
G1 X59.264 Y76.172 E.12087
G1 X59.203 Y76.038 E.00439
G1 X12.77 Y38.738 E1.77406
G1 X11.514 Y37.531 E.05188
G1 X10.496 Y36.129 E.0516
G1 X9.741 Y34.57 E.0516
G1 X9.272 Y32.902 E.0516
G1 X9.105 Y31.178 E.0516
G1 X9.245 Y29.451 E.0516
G1 X9.686 Y27.776 E.0516
G1 X10.416 Y26.205 E.0516
G1 X11.412 Y24.787 E.0516
G1 X12.642 Y23.567 E.0516
G1 X14.068 Y22.583 E.0516
G1 X15.645 Y21.865 E.0516
G1 X17.323 Y21.437 E.0516
G1 X19.051 Y21.311 E.0516
G1 X20.774 Y21.492 E.0516
G1 X22.447 Y21.977 E.05188
G1 X77.971 Y43.54 E1.77422
G1 X78.121 Y43.518 E.0045
G1 X81.39 Y41.131 E.12057
G1 X84.834 Y39.008 E.12051
G1 X88.435 Y37.164 E.12051
G1 X92.17 Y35.609 E.12051
G1 X96.015 Y34.353 E.12051
G1 X99.948 Y33.404 E.12051
G1 X103.944 Y32.768 E.12051
G1 X107.977 Y32.449 E.12051
G1 X112.023 Y32.449 E.12051
G1 X116.056 Y32.768 E.12051
G1 X120.052 Y33.404 E.12051
G1 X123.985 Y34.353 E.12051
G1 X127.83 Y35.609 E.12051
G1 X131.565 Y37.164 E.12051
G1 X135.061 Y38.952 E.11695
G1 X138.611 Y41.131 E.12407
G1 X141.886 Y43.524 E.12083
G1 X142.034 Y43.538 E.00441
G1 X197.553 Y21.977 E1.77406
G1 X199.226 Y21.492 E.05188
G1 X200.949 Y21.311 E.0516
G1 X202.677 Y21.437 E.0516
G1 X204.355 Y21.865 E.0516
G1 X205.932 Y22.583 E.0516
G1 X207.358 Y23.567 E.0516
G1 X208.588 Y24.787 E.0516
G1 X209.584 Y26.205 E.0516
G1 X210.314 Y27.776 E.0516
G1 X210.755 Y29.451 E.0516
G1 X210.895 Y31.178 E.0516
G1 X210.728 Y32.902 E.0516
G1 X210.259 Y34.57 E.0516
G1 X209.504 Y36.129 E.0516
G1 X208.486 Y37.531 E.0516
G1 X207.23 Y38.738 E.05188
G1 X160.788 Y76.045 E1.77442
G1 X160.738 Y76.185 E.00441
G1 X161.17 Y80.206 E.12048
G1 X161.287 Y84.25 E.12051
G1 X161.084 Y88.291 E.12051
G1 X160.563 Y92.303 E.12051
G1 X159.728 Y96.262 E.12051
G1 X158.583 Y100.142 E.12051
G1 X157.136 Y103.92 E.12051
G1 X155.395 Y107.572 E.12051
G1 X153.372 Y111.076 E.12051
G1 X151.08 Y114.41 E.12051
G1 X148.531 Y117.552 E.12051
G1 X145.743 Y120.484 E.12051
G1 X142.732 Y123.186 E.12051
G1 X139.518 Y125.643 E.12051
G1 X136.222 Y127.776 E.11695
G1 X132.56 Y129.761 E.12407
G1 X128.85 Y131.401 E.12081
G1 X128.786 Y131.492 E.00329
M204 T2500
G1 E-.84 F2400
;WIPE_START
G1 F3600
G1 X128.633 Y132.48 E-.36
;WIPE_END
G1 F9000
G1 X129.07 Y132.094 Z0.830769
G1 X129.635 Y131.955 Z0.861538
G1 X130.201 Y132.094 Z0.892308
G1 X130.637 Y132.481 Z0.923077
G1 X130.843 Y133.025 Z0.953846
G1 X130.772 Y133.604 Z0.984615
G1 X130.441 Y134.083 Z1.01538
G1 X129.925 Y134.353 Z1.04615
G1 X129.343 Y134.353 Z1.07692
G1 X128.827 Y134.082 Z1.10769
G1 X128.497 Y133.603 Z1.13846
G1 X128.427 Y133.024 Z1.16923
G1 X128.633 Y132.48 Z1.2
G1 X199.348 Y30.127 Z1.2
G1 Z.8
G1 E1.2 F1800
M204 P2000
;TYPE:Inner wall
;WIDTH:0.449999
G1 F5400
G1 X199.395 Y30.024 E.00363
G1 X199.732 Y29.618 E.01696
G1 X200.162 Y29.313 E.01696
G1 X200.634 Y29.133 E.01625
G1 X201.112 Y29.085 E.01544
G1 X201.622 Y29.142 E.01652
G1 X202.112 Y29.344 E.01704
G1 X202.535 Y29.667 E.01711
G1 X202.859 Y30.087 E.01706
G1 X203.061 Y30.578 E.01706
G1 X203.13 Y31.106 E.01711
G1 X203.059 Y31.63 E.01701
G1 X202.852 Y32.122 E.01716
G1 X202.529 Y32.539 E.01696
G1 X202.05 Y32.886 E.01902
G1 X201.555 Y33.069 E.01696
G1 X201.03 Y33.118 E.01696
G1 X200.51 Y33.03 E.01696
G1 X200.031 Y32.81 E.01696
G1 X199.625 Y32.473 E.01696
G1 X199.32 Y32.043 E.01696
G1 X199.136 Y31.549 E.01696
G1 X199.087 Y31.024 E.01696
G1 X199.175 Y30.504 E.01696
G1 X199.332 Y30.163 E.01205
M204 T1000
G1 X199.715 Y30.295 F9000
M204 P1000
;TYPE:Outer wall
;WIDTH:0.419999
G1 F3600
G1 X199.723 Y30.276 E.00062
G1 X199.984 Y29.946 E.01251
G1 X200.32 Y29.695 E.01251
G1 X200.711 Y29.54 E.01251
G1 X201.071 Y29.497 E.01081
G1 X201.543 Y29.551 E.01414
G1 X201.929 Y29.717 E.01253
G1 X202.259 Y29.977 E.01251
G1 X202.51 Y30.314 E.01251
G1 X202.666 Y30.704 E.01251
G1 X202.715 Y31.121 E.01251
G1 X202.648 Y31.552 E.01298
G1 X202.488 Y31.923 E.01203
G1 X202.228 Y32.252 E.01251
G1 X201.891 Y32.504 E.01251
G1 X201.501 Y32.659 E.01251
G1 X201.084 Y32.708 E.01251
G1 X200.668 Y32.648 E.01251
G1 X200.283 Y32.482 E.01251
G1 X199.953 Y32.222 E.01251
G1 X199.702 Y31.885 E.01251
G1 X199.546 Y31.495 E.01251
G1 X199.497 Y31.078 E.01251
G1 X199.557 Y30.662 E.01251
G1 X199.699 Y30.332 E.0107
M204 T2500
G1 E-.84 F2400
;WIPE_START
G1 F3600
G1 X199.723 Y30.276 E-.02185
G1 X199.984 Y29.946 E-.15122
G1 X200.32 Y29.695 E-.15122
G1 X200.412 Y29.658 E-.03571
;WIPE_END
G1 F9000
G1 X199.894 Y29.9243 Z0.830769
G1 X199.312 Y29.9189 Z0.861538
G1 X198.799 Y29.6435 Z0.892308
G1 X198.472 Y29.1611 Z0.923077
G1 X198.407 Y28.5822 Z0.953846
G1 X198.619 Y28.0395 Z0.984615
G1 X199.058 Y27.6573 Z1.01538
G1 X199.625 Y27.5231 Z1.04615
G1 X200.189 Y27.6677 Z1.07692
G1 X200.622 Y28.058 Z1.10769
G1 X200.823 Y28.6045 Z1.13846
G1 X200.748 Y29.1821 Z1.16923
G1 X200.412 Y29.6584 Z1.2
G1 X100.698 Y116.37 Z1.2
G1 Z.8
G1 E1.2 F1800
M204 P2000
;TYPE:Inner wall
;WIDTH:0.449999
G1 F5400
G1 X97.473 Y115.276 E.10951
G1 X94.594 Y113.978 E.10154
G1 X91.628 Y112.277 E.10995
G1 X88.847 Y110.285 E.10999
G1 X86.281 Y108.023 E.11
G1 X83.955 Y105.515 E.11
G1 X81.912 Y102.808 E.10905
G1 X80.118 Y99.862 E.11093
G1 X78.647 Y96.776 E.10994
G1 X77.567 Y93.808 E.10154
G1 X76.721 Y90.526 E.10901
G1 X76.198 Y87.116 E.11093
G1 X76.026 Y83.699 E.11
G1 X76.198 Y80.283 E.11
G1 X76.709 Y76.93 E.10905
G1 X77.56 Y73.618 E.10998
G1 X78.647 Y70.623 E.10244
G1 X80.106 Y67.564 E.109
G1 X81.894 Y64.614 E.11093
G1 X83.938 Y61.907 E.10905
G1 X86.261 Y59.397 E.10999
G1 X88.847 Y57.114 E.11093
G1 X91.654 Y55.107 E.11093
G1 X94.594 Y53.421 E.10901
G1 X97.447 Y52.134 E.10064
G1 X100.709 Y51.022 E.11083
G1 X104.071 Y50.248 E.11093
G1 X107.436 Y49.822 E.10905
G1 X110.855 Y49.736 E.11
G1 X114.266 Y49.994 E.11
G1 X117.634 Y50.595 E.10999
G1 X120.895 Y51.523 E.10905
G1 X123.862 Y52.685 E.10244
G1 X126.91 Y54.234 E.10994
G1 X129.787 Y56.083 E.10999
G1 X132.442 Y58.194 E.10905
G1 X134.893 Y60.58 E.10999
G1 X137.11 Y63.223 E.11093
G1 X139.031 Y66.053 E.10999
G1 X140.656 Y69.061 E.10995
G1 X141.872 Y71.945 E.10064
G1 X142.893 Y75.207 E.1099
G1 X143.587 Y78.586 E.11093
G1 X143.931 Y82.018 E.11093
G1 X143.931 Y85.41 E.10905
G1 X143.587 Y88.813 E.11
G1 X142.901 Y92.164 E.10999
G1 X141.883 Y95.428 E.10994
G1 X140.656 Y98.338 E.10154
G1 X139.031 Y101.346 E.10995
G1 X137.11 Y104.176 E.10999
G1 X134.914 Y106.798 E.11
G1 X132.485 Y109.166 E.10905
G1 X129.787 Y111.316 E.11093
G1 X126.91 Y113.165 E.10999
G1 X123.862 Y114.714 E.10994
G1 X121.06 Y115.814 E.0968
G1 X117.662 Y116.796 E.11373
G1 X116.777 Y116.957 E.02891
G1 X114.266 Y117.404 E.08202
G1 X110.855 Y117.663 E.11
G1 X107.436 Y117.577 E.11
G1 X104.071 Y117.15 E.10905
G1 X100.738 Y116.384 E.10999
G1 X100.735 Y116.383 E.00009
M204 T1000
G1 X100.83 Y115.98 F9000
M204 P1000
;TYPE:Outer wall
;WIDTH:0.419999
G1 F1440
M106 S229
G1 X97.625 Y114.891 E.10083
G1 X94.783 Y113.609 E.09287
G1 X91.852 Y111.928 E.10064
G1 X89.105 Y109.961 E.10064
G1 X86.57 Y107.727 E.10065
G1 X84.273 Y105.249 E.10064
G1 X82.242 Y102.559 E.1004
G1 X80.483 Y99.665 E.10088
G1 X79.028 Y96.616 E.10063
G1 X77.962 Y93.686 E.09287
G1 X77.121 Y90.422 E.1004
G1 X76.61 Y87.074 E.10088
G1 X76.44 Y83.699 E.10066
G1 X76.61 Y80.325 E.10063
G1 X77.118 Y76.993 E.1004
G1 X77.96 Y73.721 E.10064
G1 X79.029 Y70.783 E.09313
G1 X80.479 Y67.742 E.10035
G1 X82.237 Y64.846 E.10091
G1 X84.268 Y62.156 E.1004
G1 X86.564 Y59.678 E.10062
G1 X89.105 Y57.438 E.1009
G1 X91.859 Y55.466 E.10089
G1 X94.783 Y53.79 E.10039
G1 X97.617 Y52.511 E.09261
G1 X100.823 Y51.42 E.10087
G1 X104.123 Y50.659 E.10088
G1 X107.467 Y50.235 E.1004
G1 X110.845 Y50.15 E.10065
G1 X114.214 Y50.405 E.10064
G1 X117.541 Y50.998 E.10066
G1 X120.782 Y51.921 E.10038
G1 X123.692 Y53.062 E.0931
G1 X126.704 Y54.593 E.10064
G1 X129.546 Y56.419 E.10062
G1 X132.184 Y58.518 E.10042
G1 X134.604 Y60.876 E.10064
G1 X136.779 Y63.472 E.10088
G1 X138.677 Y66.268 E.10066
G1 X140.283 Y69.24 E.10062
G1 X141.491 Y72.106 E.09264
G1 X142.498 Y75.33 E.10061
G1 X143.177 Y78.648 E.10088
G1 X143.518 Y82.018 E.10089
G1 X143.518 Y85.389 E.10041
G1 X143.177 Y88.751 E.10066
G1 X142.5 Y92.061 E.10063
G1 X141.494 Y95.286 E.10063
G1 X140.283 Y98.159 E.09287
G1 X138.677 Y101.131 E.10062
G1 X136.779 Y103.926 E.10063
G1 X134.61 Y106.517 E.10065
G1 X132.197 Y108.87 E.10039
G1 X129.546 Y110.979 E.1009
G1 X126.704 Y112.806 E.10064
G1 X123.692 Y114.336 E.10063
G1 X120.908 Y115.429 E.08909
G1 X117.549 Y116.398 E.10413
G1 X114.214 Y116.994 E.10091
G1 X110.845 Y117.249 E.10064
G1 X107.467 Y117.164 E.10065
G1 X104.123 Y116.74 E.1004
G1 X100.869 Y115.989 E.09947
M204 T2500
G1 E-.84 F2400
;WIPE_START
G1 F1440
G1 X99.921 Y115.669 E-.36
;WIPE_END
G1 F9000
G1 X99.8458 Y116.246 Z0.830769
G1 X99.5104 Y116.722 Z0.861538
G1 X98.9921 Y116.988 Z0.892308
G1 X98.4097 Y116.983 Z0.923077
G1 X97.8965 Y116.707 Z0.953846
G1 X97.5701 Y116.225 Z0.984615
G1 X97.5054 Y115.646 Z1.01538
G1 X97.717 Y115.103 Z1.04615
G1 X98.1567 Y114.721 Z1.07692
G1 X98.7235 Y114.587 Z1.10769
G1 X99.2877 Y114.732 Z1.13846
G1 X99.72 Y115.122 Z1.16923
G1 X99.9214 Y115.669 Z1.2
G1 X108.219 Y189.846 Z1.2
G1 Z.8
G1 E1.2 F1800
M204 P2000
;TYPE:Inner wall
;WIDTH:0.449999
G1 F5400
M106 S102
G1 X108.042 Y189.412 E.01507
G1 X107.981 Y188.824 E.01902
G1 X108.069 Y188.304 E.01696
G1 X108.259 Y187.887 E.01471
G1 X108.564 Y187.473 E.01655
G1 X108.991 Y187.145 E.01732
G1 X109.456 Y186.95 E.0162
G1 X109.951 Y186.882 E.01608
G1 X110.482 Y186.935 E.01714
G1 X111.009 Y187.145 E.01826
G1 X111.429 Y187.466 E.01702
G1 X111.752 Y187.886 E.01701
G1 X111.97 Y188.45 E.01945
G1 X112.019 Y188.975 E.01696
G1 X111.939 Y189.474 E.01625
G1 X111.73 Y189.947 E.01662
G1 X111.387 Y190.37 E.01753
G1 X110.971 Y190.674 E.01657
G1 X110.459 Y190.868 E.01758
G1 X109.949 Y190.921 E.01652
G1 X109.408 Y190.831 E.01762
G1 X108.941 Y190.622 E.01646
G1 X108.564 Y190.326 E.01542
G1 X108.241 Y189.9 E.01716
G1 X108.234 Y189.883 E.0006
M204 T1000
G1 X108.6 Y189.69 F9000
M204 P1000
;TYPE:Outer wall
;WIDTH:0.419999
G1 F3600
G1 X108.596 Y189.685 E.0002
G1 X108.44 Y189.295 E.01251
G1 X108.391 Y188.878 E.01251
G1 X108.452 Y188.462 E.01251
G1 X108.594 Y188.128 E.01081
G1 X108.877 Y187.747 E.01414
G1 X109.214 Y187.495 E.01253
G1 X109.605 Y187.34 E.01251
G1 X109.965 Y187.297 E.01081
G1 X110.437 Y187.351 E.01414
G1 X110.823 Y187.517 E.01253
G1 X111.153 Y187.777 E.01251
G1 X111.404 Y188.114 E.01251
G1 X111.56 Y188.504 E.01251
G1 X111.609 Y188.921 E.01251
G1 X111.548 Y189.337 E.01251
G1 X111.382 Y189.723 E.01251
G1 X111.122 Y190.052 E.01251
G1 X110.786 Y190.304 E.01251
G1 X110.395 Y190.459 E.01251
G1 X109.978 Y190.508 E.01251
G1 X109.563 Y190.448 E.01251
G1 X109.177 Y190.282 E.01251
G1 X108.86 Y190.037 E.01193
G1 X108.624 Y189.722 E.01171
M204 T2500
G1 E-.84 F2400
;WIPE_START
G1 F3600
G1 X108.596 Y189.685 E-.01682
G1 X108.44 Y189.295 E-.15122
G1 X108.391 Y188.878 E-.15122
G1 X108.407 Y188.766 E-.04073
;WIPE_END
G1 F9000
G1 X108.243 Y188.207 Z0.830769
G1 X108.358 Y187.636 Z0.861538
G1 X108.725 Y187.183 Z0.892308
G1 X109.26 Y186.953 Z0.923077
G1 X109.841 Y186.998 Z0.953846
G1 X110.334 Y187.307 Z0.984615
G1 X110.627 Y187.811 Z1.01538
G1 X110.652 Y188.393 Z1.04615
G1 X110.404 Y188.92 Z1.07692
G1 X109.94 Y189.271 Z1.10769
G1 X109.365 Y189.367 Z1.13846
G1 X108.812 Y189.184 Z1.16923
G1 X108.407 Y188.766 Z1.2
G1 X17.496 Y32.547 Z1.2
G1 Z.8
G1 E1.2 F1800
M204 P2000
;TYPE:Inner wall
;WIDTH:0.449999
G1 F5400
G1 X17.427 Y32.491 E.00287
G1 X17.122 Y32.074 E.01662
G1 X16.927 Y31.565 E.01753
G1 X16.872 Y31.053 E.01657
G1 X16.96 Y30.513 E.01758
G1 X17.169 Y30.044 E.01652
G1 X17.517 Y29.621 E.01762
G1 X17.932 Y29.321 E.01646
G1 X18.445 Y29.13 E.0176
G1 X18.9 Y29.085 E.01471
G1 X19.429 Y29.147 E.01711
G1 X19.916 Y29.353 E.01702
G1 X20.375 Y29.725 E.01901
G1 X20.68 Y30.156 E.01696
G1 X20.864 Y30.65 E.01696
G1 X20.913 Y31.175 E.01696
G1 X20.825 Y31.695 E.01696
G1 X20.605 Y32.174 E.01696
G1 X20.268 Y32.581 E.01696
G1 X19.838 Y32.886 E.01696
G1 X19.343 Y33.069 E.01696
G1 X18.818 Y33.118 E.01696
G1 X18.298 Y33.03 E.01696
G1 X17.819 Y32.81 E.01696
G1 X17.527 Y32.573 E.01209
M204 T1000
G1 X17.753 Y32.231 F9000
M204 P1000
;TYPE:Outer wall
;WIDTH:0.419999
G1 F3600
G1 X17.741 Y32.222 E.00047
G1 X17.49 Y31.885 E.01251
G1 X17.334 Y31.495 E.01251
G1 X17.285 Y31.078 E.01251
G1 X17.346 Y30.662 E.01251
G1 X17.512 Y30.276 E.01251
G1 X17.772 Y29.946 E.01251
G1 X18.109 Y29.695 E.01251
G1 X18.515 Y29.537 E.01298
G1 X18.859 Y29.497 E.01033
G1 X19.331 Y29.551 E.01414
G1 X19.702 Y29.706 E.01199
G1 X20.047 Y29.977 E.01306
G1 X20.298 Y30.314 E.01251
G1 X20.454 Y30.704 E.01251
G1 X20.503 Y31.121 E.01251
G1 X20.443 Y31.537 E.01251
G1 X20.277 Y31.923 E.01251
G1 X20.016 Y32.252 E.01251
G1 X19.68 Y32.504 E.01251
G1 X19.289 Y32.659 E.01251
G1 X18.872 Y32.708 E.01251
G1 X18.457 Y32.648 E.01251
G1 X18.071 Y32.482 E.01251
G1 X17.785 Y32.256 E.01085
M204 T2500
G1 E-.84 F2400
;WIPE_START
G1 F3600
G1 X17.741 Y32.222 E-.02003
G1 X17.49 Y31.885 E-.15122
G1 X17.334 Y31.495 E-.15122
G1 X17.322 Y31.391 E-.03753
;WIPE_END
G1 F9000
G1 X17.8794 Y31.5608 Z0.830769
G1 X18.294 Y31.9699 Z0.861538
G1 X18.471 Y32.5248 Z0.892308
G1 X18.3699 Y33.0984 Z0.923077
G1 X18.0137 Y33.5593 Z0.953846
G1 X17.4842 Y33.8019 Z0.984615
G1 X16.9025 Y33.7707 Z1.01538
G1 X16.4021 Y33.4727 Z1.04615
G1 X16.0974 Y32.9762 Z1.07692
G1 X16.0583 Y32.395 Z1.10769
G1 X16.2938 Y31.8623 Z1.13846
G1 X16.7499 Y31.5 Z1.16923
G1 X17.3222 Y31.3912 Z1.2
G1 X203.025 Y41.378 Z1.2
G1 Z.8
G1 E1.2 F1800
M204 P2500
;TYPE:Internal solid infill
;WIDTH:0.420439
G1 F7528.376
G1 X209.055 Y35.348 E.25432
G1 X209.557 Y34.312 E.0343
G1 X201.417 Y42.452 E.34327
G1 X198.702 Y44.633 E.10384
G1 X209.767 Y33.568 E.46664
G1 X209.976 Y32.825 E.023
G1 X195.988 Y46.813 E.58992
G1 X193.273 Y48.994 E.10384
G1 X210.046 Y32.222 E.70734
G1 X210.103 Y31.631 E.01771
G1 X190.559 Y51.175 E.82424
G1 X187.844 Y53.355 E.10384
G1 X210.138 Y31.061 E.94022
G1 X210.098 Y30.567 E.01478
G1 X185.13 Y55.536 E1.05302
G1 X182.415 Y57.717 E.10384
G1 X210.059 Y30.073 E1.16582
G1 X210.019 Y29.579 E.01478
G1 X179.701 Y59.897 E1.27862
G1 X176.986 Y62.078 E.10384
G1 X209.908 Y29.156 E1.38842
G1 X209.796 Y28.734 E.01303
G1 X174.271 Y64.259 E1.49821
G1 X171.557 Y66.439 E.10384
G1 X209.685 Y28.311 E1.60799
G1 X209.611 Y28.03 E.00869
G1 X209.554 Y27.908 E.00399
G1 X168.842 Y68.62 E1.71696
G1 X166.128 Y70.801 E.10384
G1 X209.385 Y27.544 E1.8243
G1 X209.215 Y27.179 E.01199
G1 X162.307 Y74.088 E1.97832
G1 E-.88121 F2400
;WIPE_START
G1 F7528.376
G1 X163.014 Y73.381 E-.31879
;WIPE_END
G1 F9000
G1 X162.658 Y73.8418 Z0.830769
G1 X162.128 Y74.0844 Z0.861538
G1 X161.546 Y74.0531 Z0.892308
G1 X161.046 Y73.755 Z0.923077
G1 X160.741 Y73.2586 Z0.953846
G1 X160.702 Y72.6774 Z0.984615
G1 X160.938 Y72.1447 Z1.01538
G1 X161.394 Y71.7824 Z1.04615
G1 X161.966 Y71.6736 Z1.07692
G1 X162.523 Y71.8432 Z1.10769
G1 X162.938 Y72.2523 Z1.13846
G1 X163.115 Y72.8073 Z1.16923
G1 X163.014 Y73.3809 Z1.2
G1 X140.591 Y124.1 Z1.2
G1 Z.8
G1 E1.2 F1800
G1 F7528.376
G1 X149.433 Y115.258 E.37288
G1 X150.483 Y113.963 E.0497
G1 X151.12 Y113.037 E.03353
G1 X139.231 Y124.925 E.50138
G1 X139.089 Y125.034 E.00534
G1 X137.672 Y125.951 E.05034
G1 X152.296 Y111.327 E.61676
G1 X152.742 Y110.678 E.02347
G1 X153.195 Y109.894 E.02701
G1 X136.16 Y126.93 E.71845
G1 X135.842 Y127.135 E.01129
G1 X134.921 Y127.634 E.03123
G1 X153.924 Y108.631 E.80144
G1 X154.654 Y107.368 E.0435
G1 X133.755 Y128.266 E.88136
G1 X132.589 Y128.898 E.03954
G1 X155.167 Y106.32 E.95218
G1 X155.653 Y105.301 E.03369
G1 X131.567 Y129.386 E1.01578
G1 X130.609 Y129.81 E.03125
G1 X156.139 Y104.281 E1.07669
G1 X156.451 Y103.626 E.02161
G1 X156.57 Y103.316 E.00991
G1 X129.318 Y130.568 E1.1493
G1 E-.88121 F2400
;WIPE_START
G1 F7528.376
G1 X130.025 Y129.861 E-.31879
;WIPE_END
G1 F9000
G1 X129.784 Y130.391 Z0.830769
G1 X129.325 Y130.749 Z0.861538
G1 X128.752 Y130.852 Z0.892308
G1 X128.196 Y130.677 Z0.923077
G1 X127.785 Y130.264 Z0.953846
G1 X127.614 Y129.708 Z0.984615
G1 X127.72 Y129.135 Z1.01538
G1 X128.081 Y128.677 Z1.04615
G1 X128.613 Y128.44 Z1.07692
G1 X129.194 Y128.477 Z1.10769
G1 X129.692 Y128.78 Z1.13846
G1 X129.992 Y129.279 Z1.16923
G1 X130.025 Y129.861 Z1.2
G1 X118.282 Y192.857 Z1.2
G1 Z.8
G1 E1.2 F1800
G1 F7528.376
G1 X114.322 Y196.817 E.16699
G1 X113.307 Y197.299 E.03353
G1 X118.376 Y192.23 E.21379
G1 X118.553 Y191.832 E.01297
G1 X118.655 Y191.416 E.01278
G1 X112.526 Y197.546 E.2585
G1 X111.792 Y197.745 E.02267
G1 X118.83 Y190.708 E.29681
G1 X118.946 Y190.238 E.01444
G1 X118.979 Y190.025 E.00641
G1 X111.166 Y197.837 E.32948
G1 X110.581 Y197.889 E.01754
G1 X119.076 Y189.394 E.3583
G1 X119.174 Y188.762 E.01906
G1 X109.995 Y197.941 E.38709
G1 X109.505 Y197.897 E.01468
G1 X119.272 Y188.131 E.41189
G1 X119.369 Y187.499 E.01906
G1 X109.015 Y197.854 E.43668
G1 X108.524 Y197.81 E.01468
G1 X119.467 Y186.868 E.46148
G1 X119.564 Y186.236 E.01906
G1 X108.088 Y197.713 E.48401
G1 X107.668 Y197.599 E.01297
G1 X119.662 Y185.605 E.50583
G1 X119.76 Y184.973 E.01906
G1 X107.248 Y197.484 E.52764
G1 X106.833 Y197.365 E.01288
G1 X119.857 Y184.342 E.54926
G1 X119.955 Y183.71 E.01906
G1 X106.471 Y197.194 E.56865
G1 X106.109 Y197.022 E.01195
G1 X120.052 Y183.079 E.58803
G1 X120.15 Y182.447 E.01906
G1 X105.747 Y196.85 E.60742
G1 X105.389 Y196.674 E.01189
G1 X120.248 Y181.816 E.62662
G1 X120.345 Y181.184 E.01906
G1 X112.322 Y189.207 E.33836
G1 X112.348 Y189.01 E.00593
G1 X112.332 Y188.664 E.01034
G1 X120.443 Y180.553 E.34207
G1 X120.54 Y179.921 E.01906
G1 X112.247 Y188.214 E.34974
G1 X112.094 Y187.834 E.01224
G1 X120.638 Y179.29 E.36032
G1 X120.736 Y178.658 E.01906
G1 X111.884 Y187.51 E.37331
G1 X111.644 Y187.216 E.01132
G1 X120.833 Y178.027 E.38754
G1 X120.931 Y177.395 E.01906
G1 X111.341 Y186.985 E.40442
G1 X111.175 Y186.857 E.00626
G1 X111.007 Y186.785 E.00544
G1 X121.028 Y176.764 E.42264
G1 X121.126 Y176.132 E.01906
G1 X110.622 Y186.636 E.44299
G1 X110.471 Y186.598 E.00464
G1 X110.152 Y186.573 E.00956
G1 X121.224 Y175.501 E.46694
G1 X121.321 Y174.869 E.01906
G1 X109.385 Y186.806 E.50341
G1 E-.88121 F2400
;WIPE_START
G1 F7528.376
G1 X110.092 Y186.099 E-.31879
;WIPE_END
G1 F9000
G1 X110.001 Y186.674 Z0.830769
G1 X109.654 Y187.141 Z0.861538
G1 X109.129 Y187.394 Z0.892308
G1 X108.546 Y187.373 Z0.923077
G1 X108.041 Y187.084 Z0.953846
G1 X107.727 Y186.594 Z0.984615
G1 X107.677 Y186.013 Z1.01538
G1 X107.903 Y185.476 Z1.04615
G1 X108.352 Y185.106 Z1.07692
G1 X108.922 Y184.986 Z1.10769
G1 X109.483 Y185.146 Z1.13846
G1 X109.905 Y185.547 Z1.16923
G1 X110.092 Y186.099 Z1.2
G1 X110.513 Y191.016 Z1.2
G1 Z.8
G1 E1.2 F1800
G1 F7528.376
G1 X105.078 Y196.451 E.22922
G1 X104.767 Y196.229 E.01141
G1 X109.77 Y191.225 E.21103
G1 X109.388 Y191.174 E.01151
G1 X109.316 Y191.146 E.00231
G1 X104.455 Y196.007 E.205
G1 X104.144 Y195.784 E.01141
G1 X108.934 Y190.993 E.20204
G1 X108.752 Y190.894 E.0062
G1 X108.611 Y190.783 E.00534
G1 X103.875 Y195.518 E.19972
G1 X103.612 Y195.248 E.01126
G1 X108.316 Y190.544 E.1984
G1 X108.081 Y190.245 E.01134
G1 X103.348 Y194.978 E.19961
G1 X103.084 Y194.708 E.01126
G1 X107.884 Y189.908 E.20243
G1 X107.733 Y189.525 E.01227
G1 X102.853 Y194.406 E.20583
G1 X102.637 Y194.088 E.01146
G1 X107.659 Y189.065 E.21183
G1 X107.652 Y188.789 E.00824
G1 X107.69 Y188.501 E.00866
G1 X102.421 Y193.77 E.22221
G1 X102.205 Y193.452 E.01146
G1 X121.419 Y174.238 E.81031
G1 X121.516 Y173.606 E.01906
G1 X102.015 Y193.108 E.82244
G1 X101.851 Y192.738 E.01206
G1 X121.614 Y172.975 E.83349
G1 X121.712 Y172.343 E.01906
G1 X101.686 Y192.369 E.84454
G1 X101.522 Y191.999 E.01206
G1 X121.809 Y171.712 E.8556
G1 X121.907 Y171.08 E.01906
G1 X101.389 Y191.598 E.86529
G1 X101.284 Y191.169 E.01315
G1 X122.004 Y170.449 E.87386
G1 X122.102 Y169.817 E.01906
G1 X101.178 Y190.741 E.88243
G1 X101.073 Y190.313 E.01315
G1 X122.199 Y169.186 E.891
G1 X122.297 Y168.554 E.01906
G1 X100.995 Y189.856 E.89838
G1 X100.924 Y189.394 E.01396
G1 X122.395 Y167.923 E.90551
G1 X122.492 Y167.292 E.01906
G1 X100.852 Y188.931 E.91263
G1 X100.781 Y188.469 E.01396
G1 X122.59 Y166.66 E.91976
G1 X122.687 Y166.029 E.01906
G1 X100.71 Y188.006 E.92689
G1 X100.638 Y187.544 E.01396
G1 X122.785 Y165.397 E.93402
G1 X122.883 Y164.766 E.01906
G1 X100.567 Y187.081 E.94114
G1 X100.495 Y186.619 E.01396
G1 X122.98 Y164.134 E.94827
G1 X123.078 Y163.503 E.01906
G1 X100.424 Y186.156 E.9554
G1 X100.353 Y185.694 E.01396
G1 X123.175 Y162.871 E.96252
G1 X123.273 Y162.24 E.01906
G1 X100.281 Y185.231 E.96965
G1 X100.21 Y184.769 E.01396
G1 X123.371 Y161.608 E.97678
G1 X123.468 Y160.977 E.01906
G1 X100.138 Y184.306 E.9839
G1 X100.067 Y183.844 E.01396
G1 X123.566 Y160.345 E.99103
G1 X123.663 Y159.714 E.01906
G1 X99.996 Y183.381 E.99816
G1 X99.924 Y182.919 E.01396
G1 X123.761 Y159.082 E1.00529
G1 X123.859 Y158.451 E.01906
G1 X99.853 Y182.456 E1.01241
G1 X99.781 Y181.994 E.01396
G1 X123.956 Y157.819 E1.01954
G1 X124.054 Y157.188 E.01906
G1 X99.71 Y181.531 E1.02667
G1 X99.639 Y181.069 E.01396
G1 X124.151 Y156.556 E1.03379
G1 X124.249 Y155.925 E.01906
G1 X99.567 Y180.606 E1.04092
G1 X99.496 Y180.144 E.01396
G1 X124.347 Y155.293 E1.04805
G1 X124.444 Y154.662 E.01906
G1 X99.424 Y179.682 E1.05517
G1 X99.353 Y179.219 E.01396
G1 X124.542 Y154.03 E1.0623
G1 X124.639 Y153.399 E.01906
G1 X99.282 Y178.757 E1.06943
G1 X99.21 Y178.294 E.01396
G1 X124.737 Y152.767 E1.07656
G1 X124.835 Y152.136 E.01906
G1 X99.139 Y177.832 E1.08368
G1 X99.067 Y177.369 E.01396
G1 X124.932 Y151.504 E1.09081
G1 X125.03 Y150.873 E.01906
G1 X98.996 Y176.907 E1.09794
G1 X98.925 Y176.444 E.01396
G1 X125.127 Y150.241 E1.10506
G1 X125.225 Y149.61 E.01906
G1 X98.853 Y175.982 E1.11219
G1 X98.782 Y175.519 E.01396
G1 X125.323 Y148.978 E1.11932
G1 X125.42 Y148.347 E.01906
G1 X98.71 Y175.057 E1.12645
G1 X98.639 Y174.594 E.01396
G1 X125.518 Y147.715 E1.13357
G1 X125.615 Y147.084 E.01906
G1 X98.568 Y174.132 E1.1407
G1 X98.496 Y173.669 E.01396
G1 X125.713 Y146.452 E1.14783
G1 X125.811 Y145.821 E.01906
G1 X98.425 Y173.207 E1.15495
G1 X98.353 Y172.744 E.01396
G1 X125.908 Y145.189 E1.16208
G1 X126.006 Y144.558 E.01906
G1 X98.282 Y172.282 E1.16921
G1 X98.211 Y171.819 E.01396
G1 X126.103 Y143.926 E1.17633
G1 X126.201 Y143.295 E.01906
G1 X98.139 Y171.357 E1.18346
G1 X98.068 Y170.894 E.01396
G1 X126.298 Y142.663 E1.19059
G1 X126.396 Y142.032 E.01906
G1 X97.996 Y170.432 E1.19772
G1 X97.925 Y169.969 E.01396
G1 X126.494 Y141.401 E1.20484
G1 X126.591 Y140.769 E.01906
G1 X97.854 Y169.507 E1.21197
G1 X97.782 Y169.044 E.01396
G1 X126.689 Y140.138 E1.2191
G1 X126.786 Y139.506 E.01906
G1 X97.711 Y168.582 E1.22622
G1 X97.639 Y168.119 E.01396
G1 X126.884 Y138.875 E1.23335
G1 X126.982 Y138.243 E.01906
G1 X97.568 Y167.657 E1.24048
G1 X97.497 Y167.194 E.01396
G1 X127.079 Y137.612 E1.2476
G1 X127.177 Y136.98 E.01906
G1 X97.425 Y166.732 E1.25473
G1 X97.354 Y166.269 E.01396
G1 X127.274 Y136.349 E1.26186
G1 X127.372 Y135.717 E.01906
G1 X97.283 Y165.807 E1.26899
G1 X97.211 Y165.344 E.01396
G1 X127.47 Y135.086 E1.27611
G1 X127.567 Y134.454 E.01906
G1 X97.14 Y164.882 E1.28324
G1 X97.068 Y164.419 E.01396
G1 X127.665 Y133.823 E1.29037
G1 X127.762 Y133.191 E.01906
G1 X96.997 Y163.957 E1.29749
G1 X96.926 Y163.494 E.01396
G1 X127.86 Y132.56 E1.30462
G1 X127.958 Y131.928 E.01906
G1 X96.854 Y163.032 E1.31175
G1 X96.783 Y162.569 E.01396
G1 X156.901 Y102.451 E2.53541
G1 X157.233 Y101.585 E.02763
G1 X96.711 Y162.107 E2.5524
G1 X96.64 Y161.644 E.01396
G1 X157.564 Y100.72 E2.56939
G1 X157.889 Y99.861 E.0274
G1 X96.569 Y161.182 E2.58613
G1 X96.497 Y160.719 E.01396
G1 X158.113 Y99.104 E2.59856
G1 X158.336 Y98.346 E.02355
G1 X96.426 Y160.257 E2.61099
G1 X96.354 Y159.794 E.01396
G1 X158.56 Y97.589 E2.62343
G1 X158.783 Y96.832 E.02355
G1 X96.283 Y159.332 E2.63586
G1 X96.212 Y158.869 E.01396
G1 X159.006 Y96.075 E2.64827
G1 X159.149 Y95.398 E.02062
G1 X96.14 Y158.407 E2.65731
G1 X96.069 Y157.944 E.01396
G1 X159.292 Y94.721 E2.66634
G1 X159.434 Y94.045 E.02062
G1 X95.997 Y157.482 E2.67538
G1 X95.926 Y157.019 E.01396
G1 X159.577 Y93.368 E2.68441
G1 X159.72 Y92.691 E.02062
G1 X95.855 Y156.557 E2.69344
G1 X95.783 Y156.094 E.01396
G1 X159.848 Y92.03 E2.70183
G1 X159.927 Y91.416 E.01845
G1 X95.712 Y155.632 E2.7082
G1 X95.64 Y155.169 E.01396
G1 X160.007 Y90.803 E2.71457
G1 X160.087 Y90.189 E.01845
G1 X95.569 Y154.707 E2.72094
G1 X95.498 Y154.244 E.01396
G1 X160.166 Y89.576 E2.72731
G1 X160.246 Y88.962 E.01845
G1 X95.426 Y153.782 E2.73368
G1 X95.355 Y153.319 E.01396
G1 X160.325 Y88.349 E2.74005
G1 X160.364 Y87.776 E.01711
G1 X95.283 Y152.857 E2.74469
G1 X95.212 Y152.394 E.01396
G1 X160.392 Y87.214 E2.74889
G1 X160.421 Y86.652 E.01678
G1 X95.141 Y151.932 E2.7531
G1 X95.069 Y151.469 E.01396
G1 X160.449 Y86.09 E2.7573
G1 X160.477 Y85.528 E.01678
G1 X94.998 Y151.007 E2.7615
G1 X94.926 Y150.544 E.01396
G1 X160.505 Y84.965 E2.7657
G1 X160.533 Y84.403 E.01678
G1 X94.855 Y150.082 E2.7699
G1 X94.784 Y149.619 E.01396
G1 X160.531 Y83.872 E2.77281
G1 X160.516 Y83.353 E.01548
G1 X94.712 Y149.157 E2.77519
G1 X94.641 Y148.694 E.01396
G1 X160.501 Y82.834 E2.77757
G1 X160.486 Y82.315 E.01548
G1 X94.569 Y148.232 E2.77995
G1 X94.498 Y147.769 E.01396
G1 X160.471 Y81.796 E2.78234
G1 X160.456 Y81.277 E.01548
G1 X137.408 Y104.326 E.97205
G1 X135.149 Y107.03 E.10508
G1 X132.688 Y109.43 E.10249
G1 X130.803 Y110.93 E.07185
G1 X94.427 Y147.307 E1.53414
G1 X94.355 Y146.844 E.01396
G1 X128.964 Y112.235 E1.45959
G1 X127.47 Y113.195 E.05296
G1 X94.284 Y146.382 E1.39959
G1 X94.212 Y145.919 E.01396
G1 X126.272 Y113.86 E1.35208
G1 X125.187 Y114.411 E.03629
G1 X94.141 Y145.457 E1.30933
G1 X94.07 Y144.994 E.01396
G1 X124.102 Y114.962 E1.26659
G1 X123.203 Y115.327 E.02895
G1 X93.998 Y144.532 E1.23166
G1 X93.927 Y144.069 E.01396
G1 X122.324 Y115.672 E1.19762
G1 X121.445 Y116.017 E.02815
G1 X93.855 Y143.607 E1.16357
G1 X93.784 Y143.144 E.01396
G1 X120.636 Y116.292 E1.13245
G1 X119.89 Y116.505 E.02314
G1 X93.713 Y142.682 E1.10399
G1 X93.641 Y142.219 E.01396
G1 X119.144 Y116.717 E1.07552
G1 X118.397 Y116.93 E.02314
G1 X93.57 Y141.757 E1.04706
G1 X93.498 Y141.294 E.01396
G1 X117.658 Y117.135 E1.0189
G1 X117.008 Y117.251 E.01969
G1 X93.427 Y140.832 E.9945
G1 X93.356 Y140.369 E.01396
G1 X116.358 Y117.367 E.9701
G1 X115.708 Y117.483 E.01969
G1 X93.284 Y139.907 E.9457
G1 X93.213 Y139.444 E.01396
G1 X115.058 Y117.599 E.9213
G1 X114.408 Y117.715 E.01969
G1 X93.141 Y138.982 E.8969
G1 X93.07 Y138.519 E.01396
G1 X113.822 Y117.768 E.87517
G1 X113.244 Y117.812 E.01728
G1 X92.999 Y138.057 E.85381
G1 X92.927 Y137.594 E.01396
G1 X112.666 Y117.856 E.83245
G1 X112.088 Y117.9 E.01728
G1 X92.856 Y137.132 E.81108
G1 X92.784 Y136.669 E.01396
G1 X111.51 Y117.944 E.78972
G1 X110.932 Y117.988 E.01728
G1 X92.713 Y136.207 E.76836
G1 X92.642 Y135.744 E.01396
G1 X110.404 Y117.982 E.74912
G1 X109.884 Y117.969 E.01553
G1 X92.57 Y135.282 E.73017
G1 X92.499 Y134.819 E.01396
G1 X109.363 Y117.955 E.71122
G1 X108.842 Y117.942 E.01553
G1 X92.427 Y134.357 E.69227
G1 X92.356 Y133.894 E.01396
G1 X108.321 Y117.929 E.67332
G1 X107.801 Y117.916 E.01553
G1 X92.285 Y133.432 E.65436
G1 X92.213 Y132.969 E.01396
G1 X107.292 Y117.891 E.63591
G1 X106.818 Y117.831 E.01424
G1 X92.142 Y132.507 E.61894
G1 X92.071 Y132.044 E.01396
G1 X106.344 Y117.771 E.60197
G1 X105.87 Y117.711 E.01424
G1 X91.999 Y131.582 E.585
G1 X91.94 Y131.269 E.00949
G1 X91.89 Y131.157 E.00367
G1 X105.396 Y117.651 E.5696
G1 X104.923 Y117.591 E.01424
G1 X91.655 Y130.858 E.55952
G1 X91.514 Y130.751 E.00529
G1 X91.316 Y130.664 E.00645
G1 X104.449 Y117.531 E.55386
G1 X103.976 Y117.47 E.01422
G1 X90.946 Y130.5 E.54952
G1 X90.576 Y130.336 E.01207
G1 X103.542 Y117.37 E.54683
G1 X103.108 Y117.27 E.01328
G1 X90.206 Y130.172 E.54414
G1 X89.836 Y130.008 E.01207
G1 X102.674 Y117.169 E.54145
G1 X102.241 Y117.069 E.01328
G1 X89.466 Y129.844 E.53876
G1 X89.096 Y129.68 E.01207
G1 X101.807 Y116.969 E.53607
G1 X101.373 Y116.869 E.01328
G1 X88.726 Y129.516 E.53338
G1 X88.356 Y129.352 E.01207
G1 X100.939 Y116.769 E.53069
G1 X100.515 Y116.659 E.01307
G1 X87.986 Y129.188 E.52839
G1 X87.626 Y129.015 E.01192
G1 X100.116 Y116.524 E.52678
G1 X99.718 Y116.389 E.01255
G1 X87.28 Y128.827 E.52457
G1 X86.933 Y128.639 E.01174
G1 X99.319 Y116.253 E.52237
G1 X98.921 Y116.118 E.01255
G1 X86.587 Y128.452 E.52016
G1 X86.241 Y128.264 E.01174
G1 X98.522 Y115.983 E.51796
G1 X98.124 Y115.847 E.01255
G1 X85.895 Y128.076 E.51575
G1 X85.548 Y127.889 E.01174
G1 X97.725 Y115.712 E.51355
G1 X97.331 Y115.572 E.01247
G1 X85.202 Y127.701 E.51152
G1 X84.856 Y127.513 E.01174
G1 X96.963 Y115.406 E.51061
G1 X96.595 Y115.24 E.01204
G1 X84.51 Y127.326 E.50969
G1 X84.164 Y127.138 E.01174
G1 X96.227 Y115.074 E.50877
G1 X95.859 Y114.909 E.01204
G1 X83.839 Y126.929 E.50693
G1 X83.515 Y126.719 E.01151
G1 X95.491 Y114.743 E.50509
G1 X95.123 Y114.577 E.01204
G1 X83.191 Y126.509 E.50324
G1 X82.867 Y126.3 E.01151
G1 X94.755 Y114.411 E.50139
G1 X94.39 Y114.242 E.01199
G1 X82.542 Y126.09 E.49967
G1 X82.218 Y125.88 E.01151
G1 X94.051 Y114.047 E.49904
G1 X93.712 Y113.853 E.01166
G1 X81.894 Y125.67 E.4984
G1 X81.57 Y125.461 E.01151
G1 X93.373 Y113.658 E.49776
G1 X93.033 Y113.463 E.01166
G1 X81.246 Y125.251 E.49713
G1 X80.922 Y125.041 E.01151
G1 X92.694 Y113.269 E.49649
G1 X92.355 Y113.074 E.01166
G1 X80.618 Y124.811 E.49498
G1 X80.316 Y124.579 E.01136
G1 X92.016 Y112.879 E.49343
G1 X91.676 Y112.685 E.01166
G1 X80.013 Y124.348 E.49188
G1 X79.71 Y124.117 E.01136
G1 X91.346 Y112.481 E.49072
G1 X91.035 Y112.258 E.01141
G1 X79.408 Y123.885 E.49036
G1 X79.105 Y123.654 E.01136
G1 X90.724 Y112.035 E.49
G1 X90.413 Y111.813 E.01141
G1 X78.803 Y123.423 E.48964
G1 X78.5 Y123.191 E.01136
G1 X90.102 Y111.59 E.48928
G1 X89.791 Y111.367 E.01141
G1 X78.198 Y122.96 E.48892
G1 X77.895 Y122.729 E.01136
G1 X89.479 Y111.144 E.48856
G1 X89.168 Y110.922 E.01141
G1 X77.603 Y122.487 E.48775
G1 X77.322 Y122.234 E.01127
G1 X88.857 Y110.699 E.4865
G1 X88.555 Y110.467 E.01135
G1 X77.04 Y121.982 E.48564
G1 X76.759 Y121.729 E.01127
G1 X88.272 Y110.217 E.48553
G1 X87.988 Y109.967 E.01128
G1 X76.478 Y121.477 E.48542
G1 X76.196 Y121.224 E.01127
G1 X87.704 Y109.717 E.48531
G1 X87.42 Y109.467 E.01128
G1 X75.915 Y120.971 E.4852
G1 X75.634 Y120.719 E.01127
G1 X87.136 Y109.217 E.4851
G1 X86.852 Y108.967 E.01128
G1 X75.352 Y120.466 E.48499
G1 X75.071 Y120.214 E.01127
G1 X86.568 Y108.717 E.48488
G1 X86.284 Y108.467 E.01128
G1 X74.79 Y119.961 E.48477
G1 X74.528 Y119.689 E.01126
G1 X86.006 Y108.211 E.48404
G1 X85.749 Y107.934 E.01127
G1 X74.268 Y119.415 E.48418
G1 X74.008 Y119.141 E.01126
G1 X85.492 Y107.657 E.48433
G1 X85.235 Y107.38 E.01127
G1 X73.748 Y118.868 E.48447
G1 X73.487 Y118.594 E.01126
G1 X84.978 Y107.103 E.48461
G1 X84.722 Y106.826 E.01127
G1 X73.227 Y118.32 E.48476
G1 X72.967 Y118.047 E.01126
G1 X84.465 Y106.549 E.4849
G1 X84.208 Y106.272 E.01127
G1 X72.707 Y117.773 E.48505
G1 X72.446 Y117.499 E.01126
G1 X83.951 Y105.995 E.48519
G1 X83.694 Y105.718 E.01127
G1 X72.186 Y117.226 E.48534
G1 X71.934 Y116.944 E.01128
G1 X83.465 Y105.413 E.48627
G1 X83.235 Y105.109 E.01137
G1 X71.695 Y116.649 E.48667
G1 X71.456 Y116.354 E.01132
G1 X83.005 Y104.805 E.48707
G1 X82.776 Y104.501 E.01137
G1 X71.217 Y116.059 E.48747
G1 X70.978 Y115.765 E.01132
G1 X82.546 Y104.197 E.48786
G1 X82.316 Y103.892 E.01137
G1 X70.739 Y115.47 E.48826
G1 X70.5 Y115.175 E.01132
G1 X82.087 Y103.588 E.48866
G1 X81.857 Y103.284 E.01137
G1 X70.261 Y114.88 E.48906
G1 X70.022 Y114.585 E.01132
G1 X81.627 Y102.98 E.48945
G1 X81.425 Y102.648 E.01158
G1 X69.783 Y114.291 E.49101
G1 X69.543 Y113.996 E.01132
G1 X81.223 Y102.316 E.49258
G1 X81.021 Y101.984 E.01159
G1 X69.324 Y113.682 E.49334
G1 X69.106 Y113.365 E.01145
G1 X80.819 Y101.652 E.494
G1 X80.618 Y101.32 E.01159
G1 X68.888 Y113.049 E.49467
G1 X68.671 Y112.733 E.01145
G1 X80.416 Y100.988 E.49533
G1 X80.214 Y100.656 E.01159
G1 X68.453 Y112.416 E.49599
G1 X68.236 Y112.1 E.01145
G1 X80.012 Y100.324 E.49666
G1 X79.814 Y99.988 E.01163
G1 X68.018 Y111.784 E.49749
G1 X67.801 Y111.468 E.01145
G1 X79.642 Y99.626 E.4994
G1 X79.47 Y99.265 E.01194
G1 X67.583 Y111.151 E.5013
G1 X67.365 Y110.835 E.01145
G1 X79.297 Y98.903 E.50321
G1 X79.125 Y98.542 E.01194
G1 X67.159 Y110.507 E.50464
G1 X66.964 Y110.169 E.01166
G1 X78.952 Y98.18 E.50561
G1 X78.78 Y97.819 E.01194
G1 X66.768 Y109.83 E.50658
G1 X66.573 Y109.492 E.01166
G1 X78.608 Y97.457 E.50755
G1 X78.435 Y97.096 E.01194
G1 X66.377 Y109.153 E.50852
G1 X66.182 Y108.815 E.01166
G1 X78.275 Y96.722 E.51001
G1 X78.133 Y96.33 E.01242
G1 X65.987 Y108.476 E.51225
G1 X65.791 Y108.138 E.01166
G1 X77.99 Y95.939 E.51449
G1 X77.848 Y95.547 E.01242
G1 X65.596 Y107.8 E.51673
G1 X65.4 Y107.461 E.01166
G1 X77.706 Y95.156 E.51897
G1 X77.563 Y94.764 E.01242
G1 X65.212 Y107.116 E.52091
G1 X65.04 Y106.754 E.01194
G1 X77.421 Y94.372 E.52217
G1 X77.279 Y93.981 E.01242
G1 X64.867 Y106.392 E.52344
G1 X64.695 Y106.031 E.01194
G1 X77.162 Y93.564 E.52579
G1 X77.053 Y93.139 E.01307
G1 X64.523 Y105.669 E.52845
G1 X64.35 Y105.308 E.01194
G1 X76.944 Y92.714 E.5311
G1 X76.834 Y92.29 E.01307
G1 X64.178 Y104.946 E.53376
G1 X64.006 Y104.584 E.01194
G1 X76.725 Y91.865 E.53641
G1 X76.616 Y91.441 E.01307
G1 X63.833 Y104.223 E.53907
G1 X63.661 Y103.861 E.01194
G1 X76.506 Y91.016 E.54173
G1 X76.397 Y90.592 E.01307
G1 X63.497 Y103.491 E.54402
G1 X63.35 Y103.105 E.01233
G1 X76.324 Y90.131 E.54718
G1 X76.253 Y89.667 E.01397
G1 X63.202 Y102.719 E.55043
G1 X63.054 Y102.333 E.01233
G1 X76.183 Y89.204 E.55369
G1 X76.112 Y88.741 E.01397
G1 X62.906 Y101.947 E.55694
G1 X62.758 Y101.561 E.01233
G1 X76.041 Y88.278 E.56019
G1 X75.97 Y87.815 E.01397
G1 X62.61 Y101.175 E.56344
G1 X62.462 Y100.789 E.01233
G1 X75.899 Y87.352 E.56669
G1 X75.856 Y86.861 E.01469
G1 X62.314 Y100.403 E.57111
G1 X62.167 Y100.017 E.01233
G1 X75.831 Y86.353 E.57626
G1 X75.805 Y85.845 E.01518
G1 X62.037 Y99.612 E.58063
G1 X61.916 Y99.2 E.01282
G1 X75.779 Y85.336 E.58468
G1 X75.754 Y84.828 E.01518
G1 X61.794 Y98.788 E.58873
G1 X61.672 Y98.376 E.01282
G1 X75.728 Y84.32 E.59278
G1 X75.702 Y83.812 E.01518
G1 X61.551 Y97.963 E.59683
G1 X61.429 Y97.551 E.01282
G1 X75.717 Y83.264 E.60255
G1 X75.745 Y82.701 E.01679
G1 X61.307 Y97.139 E.60889
G1 X61.186 Y96.726 E.01282
G1 X75.774 Y82.139 E.61522
G1 X75.802 Y81.576 E.01679
G1 X61.064 Y96.314 E.62156
G1 X60.955 Y95.89 E.01307
G1 X75.831 Y81.014 E.62737
G1 X75.859 Y80.451 E.01679
G1 X60.862 Y95.449 E.6325
G1 X60.769 Y95.008 E.01344
G1 X75.931 Y79.846 E.63943
G1 X76.027 Y79.216 E.019
G1 X60.676 Y94.567 E.64741
G1 X60.583 Y94.126 E.01344
G1 X76.123 Y78.586 E.65538
G1 X76.219 Y77.956 E.019
G1 X60.49 Y93.685 E.66336
G1 X60.397 Y93.245 E.01344
G1 X76.315 Y77.326 E.67133
G1 X76.39 Y76.835 E.01482
G1 X76.431 Y76.677 E.00488
G1 X60.304 Y92.804 E.68014
G1 X60.211 Y92.363 E.01344
G1 X76.616 Y75.957 E.69188
G1 X76.801 Y75.238 E.02215
G1 X60.136 Y91.904 E.70284
G1 X60.075 Y91.431 E.01421
G1 X76.987 Y74.519 E.71324
G1 X77.172 Y73.8 E.02215
G1 X60.013 Y90.958 E.72364
G1 X59.952 Y90.486 E.01421
G1 X77.426 Y73.012 E.73693
G1 X77.731 Y72.173 E.02663
G1 X59.891 Y90.013 E.75239
G1 X59.829 Y89.541 E.01421
G1 X78.036 Y71.334 E.76785
G1 X78.345 Y70.491 E.02676
G1 X59.768 Y89.068 E.78345
G1 X59.707 Y88.596 E.01421
G1 X78.831 Y69.471 E.80654
G1 X79.317 Y68.451 E.0337
G1 X59.653 Y88.115 E.82931
G1 X59.627 Y87.607 E.01518
G1 X79.803 Y67.431 E.85089
G1 X80.612 Y66.088 E.04675
G1 X59.602 Y87.099 E.88608
G1 X59.576 Y86.59 E.01518
G1 X82.126 Y64.041 E.95098
G1 E-.88121 F2400
;WIPE_START
G1 F7528.376
G1 X81.418 Y64.748 E-.31879
;WIPE_END
G1 F9000
G1 X81.807 Y65.1822 Z0.830769
G1 X81.9493 Y65.7471 Z0.861538
G1 X81.8128 Y66.3133 Z0.892308
G1 X81.4288 Y66.7513 Z0.923077
G1 X80.8852 Y66.9606 Z0.953846
G1 X80.3066 Y66.8934 Z0.984615
G1 X79.8256 Y66.565 Z1.01538
G1 X79.5522 Y66.0506 Z1.04615
G1 X79.5492 Y65.4681 Z1.07692
G1 X79.8173 Y64.951 Z1.10769
G1 X80.2949 Y64.6177 Z1.13846
G1 X80.8728 Y64.5445 Z1.16923
G1 X81.4185 Y64.7482 Z1.2
G1 X137.895 Y103.305 Z1.2
G1 Z.8
G1 E1.2 F1800
G1 F7528.376
G1 X160.441 Y80.758 E.95087
G1 X160.425 Y80.24 E.01545
G1 X139.508 Y101.158 E.88216
G1 X140.135 Y99.997 E.03935
G1 X160.373 Y79.758 E.85352
G1 X160.322 Y79.276 E.01446
G1 X140.762 Y98.836 E.82489
G1 X140.955 Y98.479 E.0121
G1 X141.225 Y97.839 E.02069
G1 X160.27 Y78.794 E.80321
G1 X160.218 Y78.312 E.01446
G1 X141.614 Y96.916 E.7846
G1 X142.003 Y95.993 E.02988
G1 X160.166 Y77.83 E.766
G1 X160.114 Y77.348 E.01446
G1 X142.316 Y95.147 E.75064
G1 X142.558 Y94.371 E.02424
G1 X160.062 Y76.866 E.73824
G1 X160.011 Y76.384 E.01446
G1 X142.8 Y93.595 E.72584
G1 X143.042 Y92.819 E.02424
G1 X209.046 Y26.815 E2.78363
G1 X208.936 Y26.579 E.00777
G1 X208.859 Y26.468 E.00402
G1 X143.259 Y92.068 E2.7666
G1 X143.395 Y91.398 E.02041
G1 X201.369 Y33.424 E2.44495
G1 X201.103 Y33.455 E.00797
G1 X200.835 Y33.424 E.00805
G1 X143.532 Y90.727 E2.41669
G1 X143.669 Y90.056 E.02041
G1 X200.388 Y33.338 E2.39203
G1 X200.015 Y33.176 E.01211
G1 X143.806 Y89.385 E2.37054
G1 X143.928 Y88.73 E.01989
G1 X199.694 Y32.963 E2.35189
G1 X199.462 Y32.786 E.0087
G1 X199.406 Y32.717 E.00265
G1 X143.988 Y88.136 E2.33721
G1 X144.048 Y87.542 E.0178
G1 X199.169 Y32.421 E2.32466
G1 X199.016 Y32.176 E.00859
G1 X198.978 Y32.078 E.00316
G1 X144.108 Y86.948 E2.31408
G1 X144.167 Y86.354 E.0178
G1 X198.828 Y31.693 E2.30525
G1 X198.765 Y31.223 E.01416
G1 X144.227 Y85.76 E2.30005
G1 X144.261 Y85.426 E.01002
G1 X144.261 Y85.193 E.00696
G1 X199.037 Y30.417 E2.31009
G1 E-.88121 F2400
;WIPE_START
G1 F7528.376
G1 X198.33 Y31.124 E-.31879
;WIPE_END
G1 F9000
G1 X198.881 Y31.3135 Z0.830769
G1 X199.28 Y31.7372 Z0.861538
G1 X199.437 Y32.2981 Z0.892308
G1 X199.316 Y32.8678 Z0.923077
G1 X198.943 Y33.3156 Z0.953846
G1 X198.405 Y33.5391 Z0.984615
G1 X197.825 Y33.4869 Z1.01538
G1 X197.336 Y33.1712 Z1.04615
G1 X197.049 Y32.6641 Z1.07692
G1 X197.031 Y32.0819 Z1.10769
G1 X197.285 Y31.558 Z1.13846
G1 X197.754 Y31.2123 Z1.16923
G1 X198.33 Y31.1241 Z1.2
G1 X203.229 Y31.564 Z1.2
G1 Z.8
G1 E1.2 F1800
G1 F7528.376
G1 X208.638 Y26.154 E.22815
G1 X208.418 Y25.841 E.01143
G1 X203.429 Y30.83 E.21039
G1 X203.402 Y30.594 E.00707
G1 X203.344 Y30.381 E.00658
G1 X208.198 Y25.527 E.20471
G1 X207.969 Y25.222 E.01137
G1 X203.183 Y30.008 E.20184
G1 X203.146 Y29.921 E.00284
G1 X202.968 Y29.689 E.0087
G1 X207.701 Y24.956 E.19962
G1 X207.433 Y24.69 E.01126
G1 X202.726 Y29.398 E.19853
G1 X202.423 Y29.167 E.01136
G1 X207.165 Y24.424 E.2
G1 X206.897 Y24.158 E.01126
G1 X202.083 Y28.972 E.20302
G1 X201.799 Y28.851 E.00921
G1 X201.696 Y28.825 E.00316
G1 X206.584 Y23.937 E.20614
G1 X206.268 Y23.719 E.01145
G1 X201.224 Y28.764 E.21274
G1 X200.962 Y28.756 E.00782
G1 X200.652 Y28.802 E.00936
G1 X205.953 Y23.501 E.22356
G1 X205.637 Y23.283 E.01145
G1 X144.261 Y84.659 E2.58842
G1 X144.262 Y84.125 E.01593
G1 X205.282 Y23.105 E2.57344
G1 X204.915 Y22.938 E.01202
G1 X144.262 Y83.591 E2.55795
G1 X144.262 Y83.056 E.01593
G1 X204.548 Y22.771 E2.54247
G1 X204.181 Y22.604 E.01202
G1 X144.262 Y82.522 E2.52699
G1 X144.26 Y81.991 E.01586
G1 X203.767 Y22.484 E2.50963
G1 X203.342 Y22.375 E.01309
G1 X144.211 Y81.505 E2.49375
G1 X144.162 Y81.02 E.01454
G1 X202.916 Y22.267 E2.47786
G1 X202.48 Y22.169 E.01334
G1 X144.114 Y80.535 E2.46151
G1 X144.065 Y80.05 E.01454
G1 X201.982 Y22.133 E2.44258
G1 X201.484 Y22.097 E.01488
G1 X144.016 Y79.565 E2.42365
G1 X143.967 Y79.08 E.01454
G1 X200.987 Y22.061 E2.40471
G1 X200.395 Y22.118 E.01772
G1 X143.918 Y78.595 E2.38183
G1 X143.834 Y78.145 E.01364
G1 X199.799 Y22.181 E2.36023
G1 X199.37 Y22.226 E.01286
G1 X199.159 Y22.287 E.00655
G1 X143.743 Y77.702 E2.33706
G1 X143.653 Y77.259 E.01349
G1 X198.407 Y22.505 E2.30919
G1 X197.634 Y22.744 E.02415
G1 X143.562 Y76.816 E2.2804
G1 X143.471 Y76.373 E.01349
G1 X196.761 Y23.083 E2.24741
G1 X195.888 Y23.422 E.02792
G1 X143.381 Y75.929 E2.21442
G1 X143.29 Y75.486 E.01349
G1 X195.015 Y23.761 E2.18143
G1 X194.142 Y24.1 E.02792
G1 X143.19 Y75.052 E2.14882
G1 X143.063 Y74.645 E.01271
G1 X193.269 Y24.439 E2.11737
G1 X192.396 Y24.778 E.02792
G1 X142.936 Y74.238 E2.08591
G1 X142.809 Y73.831 E.01271
G1 X191.523 Y25.117 E2.05445
G1 X190.65 Y25.456 E.02792
G1 X142.682 Y73.424 E2.023
G1 X142.555 Y73.018 E.01271
G1 X189.778 Y25.795 E1.99154
G1 X188.905 Y26.134 E.02792
G1 X142.428 Y72.611 E1.96008
G1 X142.301 Y72.204 E.01271
G1 X188.032 Y26.473 E1.92863
G1 X187.159 Y26.812 E.02792
G1 X142.17 Y71.801 E1.89736
G1 X142.011 Y71.426 E.01216
G1 X186.286 Y27.151 E1.86722
G1 X185.413 Y27.49 E.02792
G1 X141.853 Y71.05 E1.83708
G1 X141.695 Y70.674 E.01216
G1 X184.54 Y27.829 E1.80694
G1 X183.667 Y28.168 E.02792
G1 X141.537 Y70.299 E1.7768
G1 X141.378 Y69.923 E.01216
G1 X182.794 Y28.507 E1.74666
G1 X181.922 Y28.846 E.02792
G1 X141.22 Y69.547 E1.71652
G1 X141.062 Y69.172 E.01216
G1 X181.049 Y29.185 E1.68638
G1 X180.176 Y29.524 E.02792
G1 X140.892 Y68.808 E1.65675
G1 X140.705 Y68.461 E.01175
G1 X179.303 Y29.863 E1.62783
G1 X178.43 Y30.202 E.02792
G1 X140.518 Y68.115 E1.5989
G1 X140.331 Y67.768 E.01175
G1 X177.557 Y30.541 E1.56998
G1 X176.684 Y30.88 E.02792
G1 X140.143 Y67.421 E1.54106
G1 X139.956 Y67.074 E.01175
G1 X175.811 Y31.219 E1.51213
G1 X174.938 Y31.558 E.02792
G1 X139.769 Y66.727 E1.48321
G1 X139.582 Y66.38 E.01175
G1 X174.065 Y31.897 E1.45429
G1 X173.193 Y32.236 E.02792
G1 X139.395 Y66.034 E1.42536
G1 X139.192 Y65.703 E.01157
G1 X172.32 Y32.575 E1.39712
G1 X171.447 Y32.914 E.02792
G1 X138.976 Y65.385 E1.36941
G1 X138.76 Y65.067 E.01146
G1 X170.574 Y33.253 E1.34169
G1 X169.701 Y33.592 E.02792
G1 X138.545 Y64.749 E1.31398
G1 X138.329 Y64.43 E.01146
G1 X168.828 Y33.931 E1.28627
G1 X167.955 Y34.27 E.02792
G1 X138.113 Y64.112 E1.25855
G1 X137.897 Y63.794 E.01146
G1 X167.082 Y34.609 E1.23084
G1 X166.209 Y34.948 E.02792
G1 X137.682 Y63.476 E1.20313
G1 X137.466 Y63.158 E.01146
G1 X165.337 Y35.287 E1.17542
G1 X164.464 Y35.626 E.02792
G1 X137.231 Y62.859 E1.14849
G1 X136.988 Y62.568 E.0113
G1 X163.591 Y35.965 E1.12194
G1 X162.718 Y36.304 E.02792
G1 X136.745 Y62.277 E1.09539
G1 X136.501 Y61.987 E.0113
G1 X161.845 Y36.643 E1.06884
G1 X160.972 Y36.982 E.02792
G1 X136.258 Y61.696 E1.04229
G1 X136.015 Y61.406 E.0113
G1 X160.099 Y37.321 E1.01574
G1 X159.226 Y37.66 E.02792
G1 X135.771 Y61.115 E.98918
G1 X135.528 Y60.825 E.0113
G1 X158.353 Y37.999 E.96263
G1 X157.481 Y38.338 E.02792
G1 X135.285 Y60.534 E.93608
G1 X135.032 Y60.253 E.01127
G1 X156.608 Y38.677 E.90994
G1 X155.735 Y39.016 E.02792
G1 X134.761 Y59.99 E.88453
G1 X134.491 Y59.726 E.01126
G1 X154.862 Y39.355 E.85912
G1 X153.989 Y39.694 E.02792
G1 X134.221 Y59.463 E.83371
G1 X133.95 Y59.199 E.01126
G1 X153.116 Y40.033 E.8083
G1 X152.243 Y40.372 E.02792
G1 X133.68 Y58.936 E.78289
G1 X133.409 Y58.672 E.01126
G1 X151.37 Y40.711 E.75748
G1 X150.497 Y41.05 E.02792
G1 X133.139 Y58.409 E.73207
G1 X132.869 Y58.145 E.01126
G1 X149.625 Y41.389 E.70666
G1 X148.752 Y41.728 E.02792
G1 X132.59 Y57.89 E.68161
G1 X132.292 Y57.654 E.01133
G1 X147.879 Y42.067 E.65734
G1 X147.006 Y42.406 E.02792
G1 X131.995 Y57.417 E.63306
G1 X131.698 Y57.18 E.01133
G1 X146.133 Y42.745 E.60879
G1 X145.26 Y43.084 E.02792
G1 X131.4 Y56.944 E.58452
G1 X131.103 Y56.707 E.01133
G1 X144.387 Y43.423 E.56024
G1 X143.514 Y43.762 E.02792
G1 X130.806 Y56.471 E.53597
G1 X130.508 Y56.234 E.01133
G1 X142.641 Y44.101 E.5117
G1 X142.295 Y44.236 E.01108
G1 X141.995 Y44.295 E.00911
G1 X141.923 Y44.285 E.00217
G1 X130.211 Y55.998 E.49395
G1 X129.907 Y55.768 E.01137
G1 X141.51 Y44.165 E.48935
G1 X141.199 Y43.941 E.01141
G1 X129.582 Y55.559 E.48995
G1 X129.257 Y55.35 E.01152
G1 X140.891 Y43.716 E.49064
G1 X140.582 Y43.491 E.01139
G1 X128.932 Y55.141 E.49132
G1 X128.607 Y54.932 E.01152
G1 X140.273 Y43.266 E.49201
G1 X139.965 Y43.041 E.01139
G1 X128.282 Y54.723 E.49269
G1 X127.957 Y54.514 E.01152
G1 X139.656 Y42.815 E.49338
G1 X139.347 Y42.59 E.01139
G1 X127.632 Y54.305 E.49406
G1 X127.307 Y54.096 E.01152
G1 X139.039 Y42.365 E.49475
G1 X138.73 Y42.14 E.01139
G1 X126.972 Y53.897 E.49586
G1 X126.618 Y53.717 E.01184
G1 X138.421 Y41.915 E.49776
G1 X138.107 Y41.695 E.01144
G1 X126.265 Y53.537 E.49942
G1 X125.911 Y53.357 E.01184
G1 X137.776 Y41.492 E.5004
G1 X137.445 Y41.289 E.01158
G1 X125.557 Y53.178 E.50137
G1 X125.203 Y52.998 E.01184
G1 X137.114 Y41.086 E.50235
G1 X136.783 Y40.883 E.01158
G1 X124.849 Y52.818 E.50332
G1 X124.495 Y52.638 E.01184
G1 X136.452 Y40.68 E.5043
G1 X136.122 Y40.477 E.01158
G1 X124.141 Y52.458 E.50528
G1 X123.771 Y52.294 E.01207
G1 X135.791 Y40.274 E.50692
G1 X135.46 Y40.071 E.01158
G1 X123.387 Y52.143 E.50914
G1 X123.004 Y51.993 E.01228
G1 X135.129 Y39.868 E.51137
G1 X134.798 Y39.665 E.01158
G1 X122.62 Y51.843 E.51359
G1 X122.237 Y51.692 E.01228
G1 X134.452 Y39.477 E.51516
G1 X134.099 Y39.296 E.01183
G1 X121.853 Y51.542 E.51644
G1 X121.47 Y51.392 E.01228
G1 X133.746 Y39.116 E.51772
G1 X133.392 Y38.935 E.01183
G1 X121.086 Y51.241 E.519
G1 X120.676 Y51.117 E.01277
G1 X133.039 Y38.754 E.5214
G1 X132.686 Y38.574 E.01183
G1 X120.26 Y50.999 E.52403
G1 X119.845 Y50.881 E.01289
G1 X132.333 Y38.393 E.52667
G1 X131.98 Y38.212 E.01183
G1 X119.429 Y50.763 E.5293
G1 X119.014 Y50.644 E.01289
G1 X131.627 Y38.031 E.53193
G1 X131.273 Y37.851 E.01183
G1 X118.598 Y50.526 E.53456
G1 X118.183 Y50.408 E.01289
G1 X130.898 Y37.692 E.53625
G1 X130.521 Y37.535 E.01218
G1 X117.767 Y50.289 E.53788
G1 X117.319 Y50.204 E.01361
G1 X130.144 Y37.378 E.54089
G1 X129.767 Y37.221 E.01218
G1 X116.866 Y50.123 E.5441
G1 X116.413 Y50.042 E.01372
G1 X129.39 Y37.065 E.5473
G1 X129.013 Y36.908 E.01218
G1 X115.96 Y49.961 E.55051
G1 X115.507 Y49.88 E.01372
G1 X128.636 Y36.751 E.55371
G1 X128.259 Y36.594 E.01218
G1 X115.054 Y49.799 E.55691
G1 X114.601 Y49.718 E.01372
G1 X127.882 Y36.437 E.56012
G1 X127.501 Y36.284 E.01225
G1 X114.13 Y49.655 E.56388
G1 X113.634 Y49.617 E.01485
G1 X127.098 Y36.153 E.56785
G1 X126.696 Y36.021 E.01263
G1 X113.137 Y49.58 E.57181
G1 X112.641 Y49.542 E.01485
G1 X126.293 Y35.89 E.57577
G1 X125.891 Y35.759 E.01263
G1 X112.145 Y49.505 E.57974
G1 X111.648 Y49.468 E.01485
G1 X125.488 Y35.627 E.5837
G1 X125.086 Y35.496 E.01263
G1 X111.152 Y49.43 E.58766
G1 X110.638 Y49.41 E.01534
G1 X124.684 Y35.364 E.59237
G1 X124.281 Y35.233 E.01263
G1 X110.09 Y49.424 E.5985
G1 X109.542 Y49.438 E.01634
G1 X123.879 Y35.102 E.60463
G1 X123.455 Y34.991 E.01305
G1 X108.994 Y49.452 E.60988
G1 X108.446 Y49.466 E.01634
G1 X123.025 Y34.887 E.61485
G1 X122.595 Y34.784 E.0132
G1 X107.898 Y49.48 E.61981
G1 X107.344 Y49.501 E.01655
G1 X122.165 Y34.68 E.62506
G1 X121.735 Y34.576 E.0132
G1 X106.732 Y49.578 E.6327
G1 X106.121 Y49.656 E.01837
G1 X121.304 Y34.472 E.64034
G1 X120.874 Y34.369 E.0132
G1 X105.51 Y49.733 E.64798
G1 X104.898 Y49.811 E.01837
G1 X120.444 Y34.265 E.65562
G1 X120.014 Y34.161 E.01319
G1 X104.287 Y49.888 E.66326
G1 X103.999 Y49.924 E.00867
G1 X103.632 Y50.009 E.01122
G1 X119.561 Y34.08 E.67178
G1 X119.101 Y34.007 E.01391
G1 X102.938 Y50.169 E.68162
G1 X102.244 Y50.329 E.02124
G1 X118.64 Y33.933 E.69146
G1 X118.179 Y33.86 E.01391
G1 X101.551 Y50.489 E.7013
G1 X100.857 Y50.649 E.02124
G1 X117.719 Y33.787 E.71114
G1 X117.258 Y33.714 E.01391
G1 X100.086 Y50.885 E.7242
G1 X99.277 Y51.161 E.02549
G1 X116.798 Y33.64 E.7389
G1 X116.337 Y33.567 E.01391
G1 X98.468 Y51.436 E.7536
G1 X97.659 Y51.711 E.02549
G1 X115.87 Y33.5 E.76802
G1 X115.375 Y33.461 E.0148
G1 X96.751 Y52.086 E.78545
G1 X95.777 Y52.525 E.03185
G1 X114.88 Y33.422 E.80563
G1 X114.385 Y33.383 E.0148
G1 X94.804 Y52.964 E.82582
G1 X94.443 Y53.127 E.0118
G1 X93.656 Y53.579 E.02706
G1 X113.891 Y33.344 E.85337
G1 X113.396 Y33.305 E.0148
G1 X92.405 Y54.296 E.88526
G1 X91.462 Y54.836 E.03241
G1 X90.998 Y55.169 E.01702
G1 X112.901 Y33.266 E.92373
G1 X112.406 Y33.227 E.0148
G1 X89.115 Y56.518 E.98229
G1 X88.622 Y56.871 E.01808
G1 X86.05 Y59.139 E.10226
G1 X83.701 Y61.673 E.10302
G1 X82.903 Y62.73 E.0395
G1 X59.551 Y86.082 E.98485
G1 X59.525 Y85.574 E.01518
G1 X111.905 Y33.194 E2.20904
G1 X111.371 Y33.194 E.01592
G1 X59.5 Y85.065 E2.1876
G1 X59.474 Y84.557 E.01518
G1 X110.837 Y33.194 E2.16616
G1 X110.303 Y33.194 E.01592
G1 X59.464 Y84.033 E2.14406
G1 X59.48 Y83.483 E.0164
G1 X109.769 Y33.194 E2.12088
G1 X109.235 Y33.194 E.01592
G1 X59.496 Y82.933 E2.0977
G1 X59.512 Y82.384 E.0164
G1 X108.702 Y33.194 E2.07451
G1 X108.168 Y33.194 E.01592
G1 X59.528 Y81.834 E2.05133
G1 X59.543 Y81.284 E.0164
G1 X107.602 Y33.226 E2.0268
G1 X107.022 Y33.272 E.01734
G1 X59.559 Y80.735 E2.00168
G1 X59.581 Y80.179 E.01659
G1 X106.442 Y33.318 E1.9763
G1 X105.863 Y33.364 E.01734
G1 X59.645 Y79.581 E1.94916
G1 X59.709 Y78.983 E.01793
G1 X105.283 Y33.409 E1.92201
G1 X104.703 Y33.455 E.01734
G1 X59.773 Y78.385 E1.89486
G1 X59.837 Y77.787 E.01793
G1 X104.123 Y33.501 E1.86772
G1 X103.497 Y33.593 E.01888
G1 X59.901 Y77.189 E1.83861
G1 X59.965 Y76.592 E.01793
G1 X102.862 Y33.694 E1.80914
G1 X102.227 Y33.795 E.01917
G1 X59.997 Y76.026 E1.781
G1 X59.956 Y75.861 E.00505
G1 X59.84 Y75.649 E.00722
G1 X101.592 Y33.896 E1.76087
G1 X100.957 Y33.997 E.01917
G1 X59.574 Y75.381 E1.7453
G1 X59.278 Y75.143 E.01132
G1 X100.323 Y34.099 E1.731
G1 X100.094 Y34.135 E.00689
G1 X99.644 Y34.244 E.01383
G1 X58.982 Y74.905 E1.71486
G1 X58.686 Y74.668 E.01132
G1 X98.94 Y34.413 E1.69767
G1 X98.236 Y34.583 E.02159
G1 X58.39 Y74.43 E1.68048
G1 X58.094 Y74.192 E.01132
G1 X97.533 Y34.753 E1.66329
G1 X96.829 Y34.923 E.02159
G1 X57.798 Y73.954 E1.6461
G1 X57.502 Y73.716 E.01132
G1 X96.114 Y35.104 E1.62841
G1 X95.321 Y35.363 E.02487
G1 X57.205 Y73.478 E1.60747
G1 X56.909 Y73.241 E.01132
G1 X94.528 Y35.622 E1.58652
G1 X93.735 Y35.881 E.02487
G1 X56.613 Y73.003 E1.56557
G1 X56.317 Y72.765 E.01132
G1 X92.943 Y36.14 E1.54463
G1 X92.429 Y36.307 E.01613
G1 X92.107 Y36.441 E.01039
G1 X56.021 Y72.527 E1.52187
G1 X55.725 Y72.289 E.01132
G1 X91.192 Y36.822 E1.49578
G1 X90.278 Y37.203 E.02955
G1 X55.429 Y72.051 E1.46969
G1 X55.133 Y71.814 E.01132
G1 X89.363 Y37.584 E1.44359
G1 X88.748 Y37.84 E.01986
G1 X88.389 Y38.024 E.01202
G1 X54.837 Y71.576 E1.41502
G1 X54.541 Y71.338 E.01132
G1 X87.294 Y38.584 E1.38134
G1 X86.2 Y39.145 E.03668
G1 X54.245 Y71.1 E1.34766
G1 X53.949 Y70.862 E.01132
G1 X85.08 Y39.731 E1.3129
G1 X83.688 Y40.589 E.04874
G1 X53.653 Y70.624 E1.2667
G1 X53.357 Y70.387 E.01132
G1 X82.297 Y41.447 E1.2205
G1 X81.805 Y41.75 E.01722
G1 X80.529 Y42.68 E.0471
G1 X53.061 Y70.149 E1.15845
G1 X52.765 Y69.911 E.01132
G1 X78.556 Y44.119 E1.08773
G1 X78.495 Y44.164 E.00224
G1 X78.208 Y44.276 E.0092
G1 X78.011 Y44.294 E.00592
G1 X77.863 Y44.279 E.00444
G1 X52.469 Y69.673 E1.07096
G1 X52.172 Y69.435 E.01132
G1 X77.465 Y44.143 E1.06669
G1 X77.081 Y43.993 E.0123
G1 X51.876 Y69.197 E1.06295
G1 X51.58 Y68.96 E.01132
G1 X76.696 Y43.844 E1.05922
G1 X76.311 Y43.694 E.0123
G1 X51.284 Y68.722 E1.05549
G1 X50.988 Y68.484 E.01132
G1 X75.927 Y43.545 E1.05176
G1 X75.542 Y43.396 E.0123
G1 X50.692 Y68.246 E1.04803
G1 X50.396 Y68.008 E.01132
G1 X75.158 Y43.246 E1.04429
G1 X74.773 Y43.097 E.0123
G1 X50.1 Y67.77 E1.04056
G1 X49.804 Y67.533 E.01132
G1 X74.389 Y42.948 E1.03683
G1 X74.004 Y42.798 E.0123
G1 X49.508 Y67.295 E1.0331
G1 X49.212 Y67.057 E.01132
G1 X73.62 Y42.649 E1.02937
G1 X73.235 Y42.5 E.0123
G1 X48.916 Y66.819 E1.02564
G1 X48.62 Y66.581 E.01132
G1 X72.851 Y42.35 E1.0219
G1 X72.466 Y42.201 E.0123
G1 X48.324 Y66.343 E1.01817
G1 X48.028 Y66.106 E.01132
G1 X72.081 Y42.052 E1.01444
G1 X71.697 Y41.902 E.0123
G1 X47.732 Y65.868 E1.01071
G1 X47.435 Y65.63 E.01132
G1 X71.312 Y41.753 E1.00698
G1 X70.928 Y41.604 E.0123
G1 X47.139 Y65.392 E1.00324
G1 X46.843 Y65.154 E.01132
G1 X70.543 Y41.454 E.99951
G1 X70.159 Y41.305 E.0123
G1 X46.547 Y64.916 E.99578
G1 X46.251 Y64.679 E.01132
G1 X69.774 Y41.156 E.99205
G1 X69.39 Y41.006 E.0123
G1 X45.955 Y64.441 E.98832
G1 X45.659 Y64.203 E.01132
G1 X69.005 Y40.857 E.98458
G1 X68.621 Y40.708 E.0123
G1 X45.363 Y63.965 E.98085
G1 X45.067 Y63.727 E.01132
G1 X68.236 Y40.558 E.97712
G1 X67.851 Y40.409 E.0123
G1 X44.771 Y63.489 E.97339
G1 X44.475 Y63.252 E.01132
G1 X67.467 Y40.26 E.96966
G1 X67.082 Y40.11 E.0123
G1 X44.179 Y63.014 E.96593
G1 X43.883 Y62.776 E.01132
G1 X66.698 Y39.961 E.96219
G1 X66.313 Y39.812 E.0123
G1 X43.587 Y62.538 E.95846
G1 X43.291 Y62.3 E.01132
G1 X65.929 Y39.662 E.95473
G1 X65.544 Y39.513 E.0123
G1 X42.995 Y62.062 E.951
G1 X42.699 Y61.825 E.01132
G1 X65.16 Y39.364 E.94727
G1 X64.775 Y39.214 E.0123
G1 X42.402 Y61.587 E.94353
G1 X42.106 Y61.349 E.01132
G1 X64.39 Y39.065 E.9398
G1 X64.006 Y38.915 E.0123
G1 X41.81 Y61.111 E.93607
G1 X41.514 Y60.873 E.01132
G1 X63.621 Y38.766 E.93234
G1 X63.237 Y38.617 E.0123
G1 X41.218 Y60.635 E.92861
G1 X40.922 Y60.398 E.01132
G1 X62.852 Y38.467 E.92488
G1 X62.468 Y38.318 E.0123
G1 X40.626 Y60.16 E.92114
G1 X40.33 Y59.922 E.01132
G1 X62.083 Y38.169 E.91741
G1 X61.699 Y38.019 E.0123
G1 X40.034 Y59.684 E.91368
G1 X39.738 Y59.446 E.01132
G1 X61.314 Y37.87 E.90995
G1 X60.93 Y37.721 E.0123
G1 X39.442 Y59.208 E.90622
G1 X39.146 Y58.971 E.01132
G1 X60.545 Y37.571 E.90248
G1 X60.16 Y37.422 E.0123
G1 X38.85 Y58.733 E.89875
G1 X38.554 Y58.495 E.01132
G1 X59.776 Y37.273 E.89502
G1 X59.391 Y37.123 E.0123
G1 X38.258 Y58.257 E.89129
G1 X37.962 Y58.019 E.01132
G1 X59.007 Y36.974 E.88756
G1 X58.622 Y36.825 E.0123
G1 X37.665 Y57.781 E.88382
G1 X37.369 Y57.544 E.01132
G1 X58.238 Y36.675 E.88009
G1 X57.853 Y36.526 E.0123
G1 X37.073 Y57.306 E.87636
G1 X36.777 Y57.068 E.01132
G1 X57.469 Y36.377 E.87263
G1 X57.084 Y36.227 E.0123
G1 X36.481 Y56.83 E.8689
G1 X36.185 Y56.592 E.01132
G1 X56.7 Y36.078 E.86517
G1 X56.315 Y35.929 E.0123
G1 X35.889 Y56.354 E.86143
G1 X35.593 Y56.117 E.01132
G1 X55.93 Y35.779 E.8577
G1 X55.546 Y35.63 E.0123
G1 X35.297 Y55.879 E.85397
G1 X35.001 Y55.641 E.01132
G1 X55.161 Y35.481 E.85024
G1 X54.777 Y35.331 E.0123
G1 X34.705 Y55.403 E.84651
G1 X34.409 Y55.165 E.01132
G1 X54.392 Y35.182 E.84277
G1 X54.008 Y35.033 E.0123
G1 X34.113 Y54.927 E.83904
G1 X33.817 Y54.69 E.01132
G1 X53.623 Y34.883 E.83531
G1 X53.239 Y34.734 E.0123
G1 X33.521 Y54.452 E.83158
G1 X33.225 Y54.214 E.01132
G1 X52.854 Y34.584 E.82785
G1 X52.47 Y34.435 E.0123
G1 X32.929 Y53.976 E.82411
G1 X32.632 Y53.738 E.01132
G1 X52.085 Y34.286 E.82038
G1 X51.7 Y34.136 E.0123
G1 X32.336 Y53.5 E.81665
G1 X32.04 Y53.263 E.01132
G1 X51.316 Y33.987 E.81292
G1 X50.931 Y33.838 E.0123
G1 X31.744 Y53.025 E.80919
G1 X31.448 Y52.787 E.01132
G1 X50.547 Y33.688 E.80546
G1 X50.162 Y33.539 E.0123
G1 X31.152 Y52.549 E.80172
G1 X30.856 Y52.311 E.01132
G1 X49.778 Y33.39 E.79799
G1 X49.393 Y33.24 E.0123
G1 X30.56 Y52.073 E.79426
G1 X30.264 Y51.836 E.01132
G1 X49.009 Y33.091 E.79053
G1 X48.624 Y32.942 E.0123
G1 X29.968 Y51.598 E.7868
G1 X29.672 Y51.36 E.01132
G1 X48.239 Y32.792 E.78306
G1 X47.855 Y32.643 E.0123
G1 X29.376 Y51.122 E.77933
G1 X29.08 Y50.884 E.01132
G1 X47.47 Y32.494 E.7756
G1 X47.086 Y32.344 E.0123
G1 X28.784 Y50.646 E.77187
G1 X28.488 Y50.409 E.01132
G1 X46.701 Y32.195 E.76814
G1 X46.317 Y32.046 E.0123
G1 X28.192 Y50.171 E.76441
G1 X27.895 Y49.933 E.01132
G1 X45.932 Y31.896 E.76067
G1 X45.548 Y31.747 E.0123
G1 X27.599 Y49.695 E.75694
G1 X27.303 Y49.457 E.01132
G1 X45.163 Y31.598 E.75321
G1 X44.779 Y31.448 E.0123
G1 X27.007 Y49.219 E.74948
G1 X26.711 Y48.982 E.01132
G1 X44.394 Y31.299 E.74575
G1 X44.009 Y31.15 E.0123
G1 X26.415 Y48.744 E.74201
G1 X26.119 Y48.506 E.01132
G1 X43.625 Y31 E.73828
G1 X43.24 Y30.851 E.0123
G1 X25.823 Y48.268 E.73455
G1 X25.527 Y48.03 E.01132
G1 X42.856 Y30.702 E.73082
G1 X42.471 Y30.552 E.0123
G1 X25.231 Y47.792 E.72709
G1 X24.935 Y47.555 E.01132
G1 X42.087 Y30.403 E.72335
G1 X41.702 Y30.254 E.0123
G1 X24.639 Y47.317 E.71962
G1 X24.343 Y47.079 E.01132
G1 X41.318 Y30.104 E.71589
G1 X40.933 Y29.955 E.0123
G1 X24.047 Y46.841 E.71216
G1 X23.751 Y46.603 E.01132
G1 X40.549 Y29.805 E.70843
G1 X40.164 Y29.656 E.0123
G1 X23.455 Y46.365 E.7047
G1 X23.159 Y46.128 E.01132
G1 X39.779 Y29.507 E.70096
G1 X39.395 Y29.357 E.0123
G1 X22.862 Y45.89 E.69723
G1 X22.566 Y45.652 E.01132
G1 X39.01 Y29.208 E.6935
G1 X38.626 Y29.059 E.0123
G1 X22.27 Y45.414 E.68977
G1 X21.974 Y45.176 E.01132
G1 X38.241 Y28.909 E.68604
G1 X37.857 Y28.76 E.0123
G1 X21.678 Y44.939 E.6823
G1 X21.382 Y44.701 E.01132
G1 X37.472 Y28.611 E.67857
G1 X37.088 Y28.461 E.0123
G1 X21.086 Y44.463 E.67484
G1 X20.79 Y44.225 E.01132
G1 X36.703 Y28.312 E.67111
G1 X36.318 Y28.163 E.0123
G1 X20.494 Y43.987 E.66738
G1 X20.198 Y43.749 E.01132
G1 X35.934 Y28.013 E.66365
G1 X35.549 Y27.864 E.0123
G1 X19.902 Y43.512 E.65991
G1 X19.606 Y43.274 E.01132
G1 X35.165 Y27.715 E.65618
G1 X34.78 Y27.565 E.0123
G1 X19.31 Y43.036 E.65245
G1 X19.014 Y42.798 E.01132
G1 X34.396 Y27.416 E.64872
G1 X34.011 Y27.267 E.0123
G1 X18.718 Y42.56 E.64499
G1 X18.422 Y42.322 E.01132
G1 X33.627 Y27.117 E.64125
G1 X33.242 Y26.968 E.0123
G1 X18.125 Y42.085 E.63752
G1 X17.829 Y41.847 E.01132
G1 X32.858 Y26.819 E.63379
G1 X32.473 Y26.669 E.0123
G1 X17.533 Y41.609 E.63006
G1 X17.237 Y41.371 E.01132
G1 X32.088 Y26.52 E.62633
G1 X31.704 Y26.371 E.0123
G1 X16.941 Y41.133 E.62259
G1 X16.645 Y40.895 E.01132
G1 X31.319 Y26.221 E.61886
G1 X30.935 Y26.072 E.0123
G1 X16.349 Y40.658 E.61513
G1 X16.053 Y40.42 E.01132
G1 X30.55 Y25.923 E.6114
G1 X30.166 Y25.773 E.0123
G1 X15.757 Y40.182 E.60767
G1 X15.461 Y39.944 E.01132
G1 X29.781 Y25.624 E.60394
G1 X29.397 Y25.474 E.0123
G1 X15.165 Y39.706 E.6002
G1 X14.869 Y39.468 E.01132
G1 X29.012 Y25.325 E.59647
G1 X28.628 Y25.176 E.0123
G1 X14.573 Y39.231 E.59274
G1 X14.277 Y38.993 E.01132
G1 X28.243 Y25.026 E.58901
G1 X27.858 Y24.877 E.0123
G1 X21.195 Y31.541 E.28103
G1 X21.25 Y31.104 E.01314
G1 X21.233 Y30.969 E.00405
G1 X27.474 Y24.728 E.26322
G1 X27.089 Y24.578 E.0123
G1 X21.171 Y30.496 E.24959
G1 X21.02 Y30.114 E.01227
G1 X26.705 Y24.429 E.23975
G1 X26.32 Y24.28 E.0123
G1 X20.828 Y29.772 E.23162
G1 X20.591 Y29.475 E.01133
G1 X25.936 Y24.13 E.22541
G1 X25.551 Y23.981 E.0123
G1 X20.302 Y29.23 E.22136
G1 X20.086 Y29.068 E.00806
G1 X19.978 Y29.02 E.00353
G1 X25.167 Y23.832 E.21883
G1 X24.782 Y23.682 E.0123
G1 X19.606 Y28.859 E.21831
G1 X19.37 Y28.799 E.00726
G1 X19.149 Y28.781 E.0066
G1 X24.397 Y23.533 E.22135
G1 X24.013 Y23.384 E.0123
G1 X18.422 Y28.975 E.23579
G1 E-.88121 F2400
;WIPE_START
G1 F7528.376
G1 X19.129 Y28.268 E-.31879
;WIPE_END
G1 F9000
G1 X19.0397 Y28.8431 Z0.830769
G1 X18.6931 Y29.3112 Z0.861538
G1 X18.1687 Y29.5647 Z0.892308
G1 X17.5865 Y29.5454 Z0.923077
G1 X17.08 Y29.2577 Z0.953846
G1 X16.7652 Y28.7676 Z0.984615
G1 X16.7142 Y28.1874 Z1.01538
G1 X16.9387 Y27.6499 Z1.04615
G1 X17.3873 Y27.2783 Z1.07692
G1 X17.9571 Y27.1578 Z1.10769
G1 X18.5178 Y27.3159 Z1.13846
G1 X18.9407 Y27.7164 Z1.16923
G1 X19.1291 Y28.2675 Z1.2
G1 X19.56 Y33.175 Z1.2
G1 Z.8
G1 E1.2 F1800
G1 F7528.376
G1 X13.981 Y38.755 E.23532
G1 X13.685 Y38.517 E.01132
G1 X18.762 Y33.439 E.21414
G1 X18.297 Y33.37 E.01402
G1 X13.389 Y38.279 E.20702
G1 X13.106 Y38.028 E.01128
G1 X17.91 Y33.224 E.20259
G1 X17.73 Y33.147 E.00583
G1 X17.572 Y33.028 E.00591
G1 X12.834 Y37.766 E.19983
G1 X12.561 Y37.505 E.01126
G1 X17.268 Y32.798 E.19849
G1 X17.026 Y32.507 E.01131
G1 X12.289 Y37.243 E.19975
G1 X12.028 Y36.971 E.01126
G1 X16.811 Y32.187 E.20173
G1 X16.657 Y31.808 E.01222
G1 X11.803 Y36.661 E.20471
G1 X11.578 Y36.352 E.0114
G1 X16.572 Y31.358 E.21061
G1 X16.538 Y31.109 E.0075
G1 X16.571 Y30.826 E.00851
G1 X11.354 Y36.043 E.22004
G1 X11.131 Y35.732 E.01141
G1 X23.628 Y23.234 E.52707
G1 X23.244 Y23.085 E.0123
G1 X10.957 Y35.372 E.5182
G1 X10.782 Y35.012 E.01192
G1 X22.859 Y22.936 E.50933
G1 X22.475 Y22.786 E.0123
G1 X10.608 Y34.653 E.50045
G1 X10.436 Y34.291 E.01194
G1 X22.081 Y22.646 E.49112
G1 X21.667 Y22.526 E.01285
G1 X10.319 Y33.874 E.4786
G1 X10.202 Y33.458 E.01291
G1 X21.253 Y22.406 E.46608
G1 X20.839 Y22.286 E.01285
G1 X10.085 Y33.041 E.45355
G1 X10.007 Y32.764 E.00856
G1 X9.991 Y32.6 E.00492
G1 X20.391 Y22.201 E.43859
G1 X19.908 Y22.15 E.01449
G1 X9.944 Y32.114 E.4202
G1 X9.897 Y31.627 E.01458
G1 X19.424 Y22.099 E.40181
G1 X19.039 Y22.059 E.01156
G1 X18.923 Y22.067 E.00348
G1 X9.856 Y31.134 E.38238
G1 X9.903 Y30.553 E.01738
G1 X18.347 Y22.109 E.35612
G1 X17.771 Y22.151 E.01721
G1 X9.95 Y29.973 E.32986
G1 X9.982 Y29.577 E.01184
G1 X10.042 Y29.346 E.00713
G1 X17.135 Y22.254 E.2991
G1 X16.418 Y22.436 E.02206
G1 X10.234 Y28.621 E.26081
G1 X10.389 Y28.03 E.01823
G1 X10.475 Y27.845 E.00606
G1 X15.631 Y22.689 E.21744
G1 X14.651 Y23.135 E.03209
G1 X10.939 Y26.848 E.15658
G1 X11.064 Y26.579 E.00886
G1 X11.983 Y25.27 E.04768
G1 X13.757 Y23.496 E.07482
; stop printing object 본체3 id:257835021507036052 copy 0
;LAYER_CHANGE
;Z:1
;HEIGHT:0.2
;BEFORE_LAYER_CHANGE
;1
G92 E0

G1 E-.88121 F2400
;WIPE_START
G1 F7528.376
G1 X13.05 Y24.203 E-.31879
;WIPE_END
;_SET_FAN_SPEED_CHANGING_LAYER
; printing object 본체3 id:257835021507036052 copy 0
G1 F9000
G1 X13.3691 Y24.69 Z1.03077
G1 X13.4256 Y25.2698 Z1.06154
G1 X13.2062 Y25.8094 Z1.09231
G1 X12.7612 Y26.1852 Z1.12308
G1 X12.1925 Y26.3112 Z1.15385
G1 X11.6304 Y26.1584 Z1.18462
G1 X11.2037 Y25.762 Z1.21538
G1 X11.0101 Y25.2126 Z1.24615
G1 X11.094 Y24.6362 Z1.27692
G1 X11.4361 Y24.1648 Z1.30769
G1 X11.9581 Y23.9064 Z1.33846
G1 X12.5404 Y23.9202 Z1.36923
G1 X13.0497 Y24.203 Z1.4
G1 X128.394 Y131.367 Z1.4
G1 Z1
G1 E1.2 F1800
M204 P2000
;TYPE:Inner wall
;WIDTH:0.449999
G1 F5400
G1 X128.355 Y131.461 E.0033
G1 X119.271 Y190.303 E1.91454
G1 X118.867 Y191.94 E.05424
G1 X118.192 Y193.456 E.05335
G1 X117.261 Y194.828 E.05335
G1 X116.102 Y196.015 E.05334
G1 X114.752 Y196.98 E.05335
G1 X113.253 Y197.691 E.05335
G1 X111.652 Y198.127 E.05335
G1 X110 Y198.273 E.05335
G1 X108.348 Y198.127 E.05335
G1 X106.747 Y197.691 E.05335
G1 X105.248 Y196.98 E.05335
G1 X103.898 Y196.015 E.05335
G1 X102.739 Y194.828 E.05335
G1 X101.808 Y193.456 E.05335
G1 X101.133 Y191.94 E.05335
G1 X100.729 Y190.303 E.05424
G1 X91.641 Y131.43 E1.91554
G1 X91.518 Y131.179 E.009
G1 X91.306 Y131.019 E.00854
G1 X87.63 Y129.393 E.12926
G1 X83.967 Y127.406 E.13402
G1 X80.725 Y125.308 E.12416
G1 X77.535 Y122.871 E.12909
G1 X74.548 Y120.189 E.12908
G1 X71.782 Y117.281 E.12908
G1 X69.253 Y114.163 E.12908
G1 X66.978 Y110.856 E.12908
G1 X64.971 Y107.379 E.12908
G1 X63.244 Y103.755 E.12908
G1 X61.808 Y100.007 E.12908
G1 X60.673 Y96.157 E.12908
G1 X59.844 Y92.229 E.12908
G1 X59.328 Y88.248 E.12908
G1 X59.127 Y84.239 E.12908
G1 X59.243 Y80.226 E.12909
G1 X59.678 Y76.188 E.13062
G1 X59.627 Y75.932 E.00839
G1 X59.46 Y75.714 E.00883
G1 X13.043 Y38.427 E1.91454
G1 X11.827 Y37.258 E.05424
G1 X10.852 Y35.916 E.05335
G1 X10.129 Y34.423 E.05335
G1 X9.68 Y32.826 E.05334
G1 X9.52 Y31.174 E.05335
G1 X9.654 Y29.521 E.05334
G1 X10.077 Y27.917 E.05335
G1 X10.776 Y26.412 E.05335
G1 X11.729 Y25.055 E.05335
G1 X12.907 Y23.886 E.05334
G1 X14.272 Y22.944 E.05335
G1 X15.782 Y22.257 E.05335
G1 X17.39 Y21.847 E.05334
G1 X19.044 Y21.727 E.05335
G1 X20.694 Y21.9 E.05335
G1 X22.314 Y22.369 E.05424
G1 X77.84 Y43.933 E1.91543
G1 X78.114 Y43.956 E.00882
G1 X78.367 Y43.851 E.00882
G1 X81.614 Y41.479 E.12928
G1 X85.031 Y39.372 E.12909
G1 X88.603 Y37.542 E.12908
G1 X92.309 Y35.998 E.12908
G1 X96.125 Y34.752 E.12908
G1 X100.027 Y33.811 E.12908
G1 X103.991 Y33.179 E.12908
G1 X107.993 Y32.863 E.12908
G1 X112.007 Y32.863 E.12908
G1 X116.009 Y33.179 E.12908
G1 X119.973 Y33.811 E.12908
G1 X123.875 Y34.752 E.12908
G1 X127.691 Y35.998 E.12908
G1 X131.397 Y37.542 E.12909
G1 X134.834 Y39.301 E.12416
G1 X138.387 Y41.48 E.13402
G1 X141.633 Y43.851 E.12926
G1 X141.905 Y43.958 E.00941
G1 X142.186 Y43.923 E.00909
G1 X197.686 Y22.369 E1.91454
G1 X199.306 Y21.9 E.05424
G1 X200.956 Y21.727 E.05335
G1 X202.61 Y21.847 E.05335
G1 X204.218 Y22.257 E.05334
G1 X205.728 Y22.944 E.05335
G1 X207.093 Y23.886 E.05335
G1 X208.271 Y25.055 E.05334
G1 X209.224 Y26.412 E.05335
G1 X209.923 Y27.917 E.05335
G1 X210.346 Y29.521 E.05335
G1 X210.48 Y31.174 E.05334
G1 X210.32 Y32.826 E.05335
G1 X209.871 Y34.423 E.05335
G1 X209.148 Y35.916 E.05335
G1 X208.173 Y37.258 E.05335
G1 X206.957 Y38.427 E.05424
G1 X160.52 Y75.73 E1.91538
G1 X160.365 Y75.951 E.00868
G1 X160.326 Y76.229 E.00901
G1 X160.757 Y80.226 E.12928
G1 X160.873 Y84.239 E.12909
G1 X160.672 Y88.248 E.12908
G1 X160.156 Y92.229 E.12908
G1 X159.327 Y96.157 E.12908
G1 X158.192 Y100.007 E.12908
G1 X156.756 Y103.755 E.12908
G1 X155.029 Y107.379 E.12908
G1 X153.022 Y110.856 E.12908
G1 X150.747 Y114.163 E.12908
G1 X148.218 Y117.281 E.12908
G1 X145.452 Y120.189 E.12908
G1 X142.465 Y122.871 E.12908
G1 X139.275 Y125.308 E.12909
G1 X136.033 Y127.406 E.12416
G1 X132.37 Y129.393 E.13402
G1 X128.694 Y131.019 E.12926
G1 X128.465 Y131.199 E.00936
G1 X128.41 Y131.33 E.00455
M204 T1000
G1 X128.764 Y131.521 F9000
M204 P1000
;TYPE:Outer wall
;WIDTH:0.419999
G1 F3600
G1 X119.677 Y190.384 E1.77408
G1 X119.26 Y192.075 E.05188
G1 X118.555 Y193.657 E.0516
G1 X117.582 Y195.091 E.0516
G1 X116.372 Y196.331 E.0516
G1 X114.962 Y197.338 E.0516
G1 X113.397 Y198.08 E.0516
G1 X111.726 Y198.535 E.0516
G1 X110 Y198.689 E.0516
G1 X108.274 Y198.535 E.0516
G1 X106.603 Y198.08 E.0516
G1 X105.038 Y197.338 E.0516
G1 X103.628 Y196.331 E.0516
G1 X102.418 Y195.091 E.0516
G1 X101.445 Y193.657 E.0516
G1 X100.74 Y192.075 E.0516
G1 X100.323 Y190.384 E.05188
G1 X91.235 Y131.515 E1.77427
G1 X91.139 Y131.397 E.00454
G1 X87.448 Y129.765 E.12023
G1 X83.755 Y127.762 E.12512
G1 X80.487 Y125.647 E.11597
G1 X77.271 Y123.189 E.12054
G1 X74.26 Y120.486 E.12054
G1 X71.471 Y117.554 E.12054
G1 X68.921 Y114.411 E.12054
G1 X66.628 Y111.077 E.12054
G1 X64.605 Y107.572 E.12054
G1 X62.864 Y103.919 E.12054
G1 X61.416 Y100.139 E.12054
G1 X60.272 Y96.258 E.12054
G1 X59.436 Y92.298 E.12054
G1 X58.916 Y88.285 E.12054
G1 X58.713 Y84.243 E.12054
G1 X58.83 Y80.198 E.12054
G1 X59.264 Y76.172 E.12062
G1 X59.201 Y76.036 E.00445
G1 X12.77 Y38.738 E1.77399
G1 X11.514 Y37.531 E.05188
G1 X10.496 Y36.129 E.0516
G1 X9.741 Y34.57 E.0516
G1 X9.272 Y32.902 E.0516
G1 X9.105 Y31.178 E.0516
G1 X9.245 Y29.451 E.0516
G1 X9.686 Y27.776 E.0516
G1 X10.416 Y26.205 E.0516
G1 X11.412 Y24.787 E.0516
G1 X12.642 Y23.567 E.0516
G1 X14.068 Y22.583 E.0516
G1 X15.645 Y21.865 E.0516
G1 X17.323 Y21.437 E.0516
G1 X19.051 Y21.311 E.0516
G1 X20.774 Y21.492 E.0516
G1 X22.447 Y21.977 E.05188
G1 X77.972 Y43.541 E1.77424
G1 X78.121 Y43.518 E.00449
G1 X81.383 Y41.136 E.12032
G1 X84.828 Y39.012 E.12054
G1 X88.429 Y37.166 E.12054
G1 X92.165 Y35.61 E.12054
G1 X96.012 Y34.354 E.12054
G1 X99.946 Y33.405 E.12054
G1 X103.942 Y32.769 E.12054
G1 X107.977 Y32.449 E.12054
G1 X112.023 Y32.449 E.12054
G1 X116.058 Y32.769 E.12054
G1 X120.054 Y33.405 E.12054
G1 X123.988 Y34.354 E.12054
G1 X127.835 Y35.61 E.12054
G1 X131.571 Y37.166 E.12054
G1 X135.037 Y38.94 E.11597
G1 X138.617 Y41.136 E.12512
G1 X141.886 Y43.524 E.12058
G1 X142.036 Y43.538 E.00448
G1 X197.553 Y21.977 E1.77399
G1 X199.226 Y21.492 E.05188
G1 X200.949 Y21.311 E.0516
G1 X202.677 Y21.437 E.0516
G1 X204.355 Y21.865 E.0516
G1 X205.932 Y22.583 E.0516
G1 X207.358 Y23.567 E.0516
G1 X208.588 Y24.787 E.0516
G1 X209.584 Y26.205 E.0516
G1 X210.314 Y27.776 E.0516
G1 X210.755 Y29.451 E.0516
G1 X210.895 Y31.178 E.0516
G1 X210.728 Y32.902 E.0516
G1 X210.259 Y34.57 E.0516
G1 X209.504 Y36.129 E.0516
G1 X208.486 Y37.531 E.0516
G1 X207.23 Y38.738 E.05188
G1 X160.793 Y76.041 E1.77423
G1 X160.738 Y76.185 E.00457
G1 X161.17 Y80.198 E.12024
G1 X161.287 Y84.243 E.12054
G1 X161.084 Y88.285 E.12054
G1 X160.564 Y92.298 E.12054
G1 X159.728 Y96.258 E.12054
G1 X158.584 Y100.139 E.12054
G1 X157.136 Y103.919 E.12054
G1 X155.395 Y107.572 E.12054
G1 X153.372 Y111.077 E.12054
G1 X151.079 Y114.411 E.12054
G1 X148.529 Y117.554 E.12054
G1 X145.74 Y120.486 E.12054
G1 X142.729 Y123.189 E.12054
G1 X139.513 Y125.647 E.12054
G1 X136.245 Y127.762 E.11597
G1 X132.552 Y129.765 E.12512
G1 X128.851 Y131.401 E.12055
G1 X128.787 Y131.489 E.00323
M204 T2500
G1 E-.84 F2400
;WIPE_START
G1 F3600
G1 X128.634 Y132.477 E-.36
;WIPE_END
G1 F9000
G1 X129.07 Y132.091 Z1.03077
G1 X129.636 Y131.952 Z1.06154
G1 X130.202 Y132.092 Z1.09231
G1 X130.637 Y132.478 Z1.12308
G1 X130.844 Y133.023 Z1.15385
G1 X130.773 Y133.601 Z1.18462
G1 X130.442 Y134.08 Z1.21538
G1 X129.926 Y134.351 Z1.24615
G1 X129.344 Y134.35 Z1.27692
G1 X128.828 Y134.079 Z1.30769
G1 X128.497 Y133.6 Z1.33846
G1 X128.428 Y133.022 Z1.36923
G1 X128.634 Y132.477 Z1.4
G1 X199.35 Y30.123 Z1.4
G1 Z1
G1 E1.2 F1800
M204 P2000
;TYPE:Inner wall
;WIDTH:0.449999
G1 F5400
G1 X199.395 Y30.024 E.0035
G1 X199.732 Y29.618 E.01696
G1 X200.162 Y29.313 E.01696
G1 X200.634 Y29.133 E.01625
G1 X201.148 Y29.077 E.01662
G1 X201.686 Y29.163 E.01753
G1 X202.157 Y29.372 E.01657
G1 X202.581 Y29.717 E.01758
G1 X202.882 Y30.133 E.01652
G1 X203.075 Y30.646 E.01762
G1 X203.127 Y31.155 E.01646
G1 X203.036 Y31.695 E.0176
G1 X202.826 Y32.162 E.01648
G1 X202.48 Y32.581 E.01745
G1 X202.05 Y32.886 E.01696
G1 X201.555 Y33.069 E.01696
G1 X201.03 Y33.118 E.01696
G1 X200.51 Y33.03 E.01696
G1 X200.031 Y32.81 E.01696
G1 X199.625 Y32.473 E.01696
G1 X199.32 Y32.043 E.01696
G1 X199.136 Y31.549 E.01696
G1 X199.087 Y31.024 E.01696
G1 X199.175 Y30.504 E.01696
G1 X199.333 Y30.16 E.01217
M204 T1000
G1 X199.717 Y30.292 F9000
M204 P1000
;TYPE:Outer wall
;WIDTH:0.419999
G1 F3600
G1 X199.723 Y30.276 E.0005
G1 X199.984 Y29.946 E.01251
G1 X200.32 Y29.695 E.01251
G1 X200.704 Y29.541 E.01232
G1 X201.128 Y29.49 E.01271
G1 X201.543 Y29.551 E.01251
G1 X201.929 Y29.717 E.01251
G1 X202.259 Y29.977 E.01251
G1 X202.51 Y30.314 E.01251
G1 X202.666 Y30.704 E.01251
G1 X202.715 Y31.121 E.01251
G1 X202.648 Y31.552 E.01298
G1 X202.488 Y31.923 E.01203
G1 X202.228 Y32.252 E.01251
G1 X201.891 Y32.504 E.01251
G1 X201.501 Y32.659 E.01251
G1 X201.084 Y32.708 E.01251
G1 X200.668 Y32.648 E.01251
G1 X200.283 Y32.482 E.01251
G1 X199.953 Y32.222 E.01251
G1 X199.702 Y31.885 E.01251
G1 X199.546 Y31.495 E.01251
G1 X199.497 Y31.078 E.01251
G1 X199.557 Y30.662 E.01251
G1 X199.701 Y30.328 E.01082
M204 T2500
G1 E-.84 F2400
;WIPE_START
G1 F3600
G1 X199.723 Y30.276 E-.02048
G1 X199.984 Y29.946 E-.15122
G1 X200.32 Y29.695 E-.15122
G1 X200.416 Y29.657 E-.03708
;WIPE_END
G1 F9000
G1 X199.897 Y29.922 Z1.03077
G1 X199.315 Y29.9161 Z1.06154
G1 X198.802 Y29.6401 Z1.09231
G1 X198.476 Y29.1574 Z1.12308
G1 X198.412 Y28.5785 Z1.15385
G1 X198.624 Y28.036 Z1.18462
G1 X199.064 Y27.6542 Z1.21538
G1 X199.631 Y27.5206 Z1.24615
G1 X200.195 Y27.6658 Z1.27692
G1 X200.627 Y28.0565 Z1.30769
G1 X200.828 Y28.6032 Z1.33846
G1 X200.752 Y29.1807 Z1.36923
G1 X200.416 Y29.6566 Z1.4
G1 X100.727 Y116.17 Z1.4
G1 Z1
G1 E1.2 F1800
M204 P2000
;TYPE:Inner wall
;WIDTH:0.449999
G1 F5400
G1 X97.658 Y115.142 E.10405
G1 X94.712 Y113.813 E.10393
G1 X91.754 Y112.12 E.10961
G1 X88.98 Y110.135 E.10966
G1 X86.421 Y107.881 E.10967
G1 X84.103 Y105.38 E.10966
G1 X82.067 Y102.681 E.10872
G1 X80.282 Y99.743 E.11055
G1 X78.874 Y96.82 E.10433
G1 X77.767 Y93.777 E.10413
G1 X76.921 Y90.505 E.10866
G1 X76.398 Y87.105 E.1106
G1 X76.226 Y83.699 E.10966
G1 X76.398 Y80.293 E.10966
G1 X76.909 Y76.951 E.10872
G1 X77.76 Y73.649 E.10965
G1 X78.874 Y70.579 E.10502
G1 X80.27 Y67.681 E.10343
G1 X82.049 Y64.741 E.11051
G1 X84.085 Y62.042 E.10872
G1 X86.401 Y59.539 E.10966
G1 X88.98 Y57.263 E.11061
G1 X91.78 Y55.265 E.1106
G1 X94.712 Y53.586 E.10866
G1 X97.487 Y52.334 E.09787
G1 X98.012 Y52.138 E.01802
G1 X100.74 Y51.222 E.09255
G1 X104.09 Y50.449 E.11055
G1 X107.444 Y50.022 E.10872
G1 X110.853 Y49.936 E.10967
G1 X114.253 Y50.194 E.10966
G1 X117.609 Y50.795 E.10962
G1 X120.539 Y51.619 E.09788
G1 X121.583 Y52.004 E.03577
G1 X123.891 Y52.91 E.07972
G1 X126.789 Y54.396 E.10472
G1 X129.658 Y56.236 E.10961
G1 X132.305 Y58.34 E.10872
G1 X134.748 Y60.718 E.10966
G1 X136.958 Y63.354 E.1106
G1 X138.871 Y66.176 E.10962
G1 X140.434 Y69.047 E.10512
G1 X141.671 Y71.982 E.10242
G1 X142.693 Y75.235 E.10965
G1 X143.387 Y78.601 E.11052
G1 X143.731 Y82.024 E.11061
G1 X143.731 Y85.405 E.10872
G1 X143.387 Y88.797 E.10966
G1 X142.702 Y92.137 E.10962
G1 X141.899 Y94.738 E.08755
G1 X141.68 Y95.398 E.02234
G1 X140.5 Y98.195 E.09762
G1 X138.871 Y101.223 E.11056
G1 X136.958 Y104.045 E.10962
G1 X134.769 Y106.66 E.10966
G1 X132.349 Y109.02 E.10872
G1 X129.658 Y111.163 E.1106
G1 X126.764 Y113.016 E.11051
G1 X123.891 Y114.489 E.10382
G1 X120.914 Y115.657 E.10281
G1 X117.636 Y116.596 E.10965
G1 X114.253 Y117.204 E.11053
G1 X110.853 Y117.463 E.10966
G1 X107.444 Y117.377 E.10967
G1 X104.09 Y116.95 E.10872
G1 X100.767 Y116.183 E.10965
G1 X100.765 Y116.183 E.00008
M204 T1000
G1 X100.857 Y115.78 F9000
M204 P1000
;TYPE:Outer wall
;WIDTH:0.419999
G1 F1440
M106 S229
G1 X97.81 Y114.756 E.09575
G1 X94.901 Y113.444 E.09505
G1 X91.978 Y111.771 E.10032
G1 X89.238 Y109.811 E.10035
G1 X86.71 Y107.585 E.10033
G1 X84.421 Y105.114 E.10033
G1 X82.397 Y102.432 E.10008
G1 X80.646 Y99.545 E.10057
G1 X79.256 Y96.659 E.09542
G1 X78.162 Y93.654 E.09526
G1 X77.321 Y90.401 E.10008
G1 X76.81 Y87.064 E.10056
G1 X76.64 Y83.699 E.10036
G1 X76.81 Y80.335 E.10033
G1 X77.318 Y77.014 E.10007
G1 X78.16 Y73.753 E.10032
G1 X79.256 Y70.74 E.0955
G1 X80.642 Y67.861 E.09518
G1 X82.392 Y64.974 E.10056
G1 X84.416 Y62.291 E.10011
G1 X86.705 Y59.82 E.10033
G1 X89.238 Y57.587 E.10058
G1 X91.985 Y55.623 E.10059
G1 X94.901 Y53.955 E.10006
G1 X97.657 Y52.711 E.09007
G1 X98.143 Y52.53 E.01545
G1 X100.853 Y51.62 E.08515
G1 X104.142 Y50.859 E.10056
G1 X107.475 Y50.435 E.10008
G1 X110.842 Y50.35 E.10032
G1 X114.201 Y50.605 E.10034
G1 X117.516 Y51.198 E.10031
G1 X120.427 Y52.017 E.09007
G1 X121.432 Y52.389 E.03192
G1 X123.72 Y53.287 E.07321
G1 X126.582 Y54.754 E.0958
G1 X129.417 Y56.573 E.10033
G1 X132.047 Y58.664 E.10008
G1 X134.46 Y61.015 E.10035
G1 X136.628 Y63.604 E.10058
G1 X138.517 Y66.391 E.10029
G1 X140.061 Y69.227 E.09618
G1 X141.29 Y72.142 E.09423
G1 X142.298 Y75.357 E.10036
G1 X142.977 Y78.664 E.10056
G1 X143.318 Y82.024 E.1006
G1 X143.318 Y85.384 E.10008
G1 X142.977 Y88.735 E.10033
G1 X142.3 Y92.034 E.10031
G1 X141.293 Y95.251 E.10041
G1 X140.119 Y98.035 E.09
G1 X138.517 Y101.007 E.10057
G1 X136.628 Y103.795 E.10031
G1 X134.466 Y106.378 E.10033
G1 X132.06 Y108.724 E.1001
G1 X129.417 Y110.826 E.10059
G1 X126.582 Y112.644 E.10032
G1 X123.72 Y114.111 E.0958
G1 X120.763 Y115.272 E.09462
G1 X117.524 Y116.198 E.10034
G1 X114.201 Y116.794 E.10056
G1 X110.842 Y117.049 E.10034
G1 X107.475 Y116.964 E.10032
G1 X104.142 Y116.54 E.10008
G1 X100.896 Y115.789 E.09924
M204 T2500
G1 E-.84 F2400
;WIPE_START
G1 F1440
G1 X99.948 Y115.472 E-.36
;WIPE_END
G1 F9000
G1 X99.6481 Y114.972 Z1.03077
G1 X99.6146 Y114.391 Z1.06154
G1 X99.8552 Y113.86 Z1.09231
G1 X100.315 Y113.502 Z1.12308
G1 X100.888 Y113.399 Z1.15385
G1 X101.444 Y113.574 Z1.18462
G1 X101.854 Y113.987 Z1.21538
G1 X102.026 Y114.544 Z1.24615
G1 X101.919 Y115.116 Z1.27692
G1 X101.559 Y115.574 Z1.30769
G1 X101.027 Y115.811 Z1.33846
G1 X100.446 Y115.774 Z1.36923
G1 X99.948 Y115.472 Z1.4
G1 X17.499 Y32.549 Z1.4
G1 Z1
G1 E1.2 F1800
M204 P2000
;TYPE:Inner wall
;WIDTH:0.449999
G1 F5400
M106 S102
G1 X17.427 Y32.491 E.00297
G1 X17.122 Y32.074 E.01662
G1 X16.927 Y31.565 E.01753
G1 X16.872 Y31.053 E.01657
G1 X16.96 Y30.513 E.01758
G1 X17.169 Y30.044 E.01652
G1 X17.517 Y29.621 E.01762
G1 X17.932 Y29.321 E.01646
G1 X18.445 Y29.13 E.0176
G1 X18.955 Y29.079 E.01648
G1 X19.49 Y29.169 E.01745
G1 X19.969 Y29.389 E.01696
G1 X20.375 Y29.725 E.01696
G1 X20.68 Y30.156 E.01696
G1 X20.864 Y30.65 E.01696
G1 X20.913 Y31.175 E.01696
G1 X20.825 Y31.695 E.01696
G1 X20.605 Y32.174 E.01696
G1 X20.268 Y32.581 E.01696
G1 X19.838 Y32.886 E.01696
G1 X19.343 Y33.069 E.01696
G1 X18.896 Y33.123 E.0145
G1 X18.298 Y33.03 E.01945
G1 X17.819 Y32.81 E.01696
G1 X17.53 Y32.575 E.01199
M204 T1000
G1 X17.756 Y32.233 F9000
M204 P1000
;TYPE:Outer wall
;WIDTH:0.419999
G1 F3600
G1 X17.741 Y32.222 E.00057
G1 X17.49 Y31.885 E.01251
G1 X17.334 Y31.495 E.01251
G1 X17.285 Y31.078 E.01251
G1 X17.346 Y30.662 E.01251
G1 X17.512 Y30.276 E.01251
G1 X17.772 Y29.946 E.01251
G1 X18.109 Y29.695 E.01251
G1 X18.515 Y29.537 E.01298
G1 X18.916 Y29.49 E.01203
G1 X19.332 Y29.551 E.01251
G1 X19.717 Y29.717 E.01251
G1 X20.047 Y29.977 E.01251
G1 X20.298 Y30.314 E.01251
G1 X20.454 Y30.704 E.01251
G1 X20.503 Y31.121 E.01251
G1 X20.443 Y31.537 E.01251
G1 X20.277 Y31.923 E.01251
G1 X20.016 Y32.252 E.01251
G1 X19.68 Y32.504 E.01251
G1 X19.289 Y32.659 E.01251
G1 X18.895 Y32.71 E.01186
G1 X18.457 Y32.648 E.01318
G1 X18.071 Y32.482 E.01251
G1 X17.787 Y32.258 E.01076
M204 T2500
G1 E-.84 F2400
;WIPE_START
G1 F3600
G1 X17.741 Y32.222 E-.02123
G1 X17.49 Y31.885 E-.15122
G1 X17.334 Y31.495 E-.15122
G1 X17.323 Y31.395 E-.03633
;WIPE_END
G1 F9000
G1 X17.4831 Y31.9544 Z1.03077
G1 X17.365 Y32.5248 Z1.06154
G1 X16.9953 Y32.975 Z1.09231
G1 X16.4588 Y33.2018 Z1.12308
G1 X15.8784 Y33.1533 Z1.15385
G1 X15.3869 Y32.8406 Z1.18462
G1 X15.0971 Y32.3354 Z1.21538
G1 X15.0753 Y31.7533 Z1.24615
G1 X15.3264 Y31.2278 Z1.27692
G1 X15.793 Y30.8792 Z1.30769
G1 X16.3682 Y30.7873 Z1.33846
G1 X16.9202 Y30.9733 Z1.36923
G1 X17.3226 Y31.3945 Z1.4
G1 X108.218 Y189.845 Z1.4
G1 Z1
G1 E1.2 F1800
M204 P2000
;TYPE:Inner wall
;WIDTH:0.449999
G1 F5400
G1 X108.042 Y189.412 E.01502
G1 X107.981 Y188.824 E.01902
G1 X108.069 Y188.304 E.01696
G1 X108.289 Y187.824 E.01696
G1 X108.626 Y187.418 E.01696
G1 X109.056 Y187.113 E.01696
G1 X109.551 Y186.93 E.01696
G1 X110.076 Y186.88 E.01696
G1 X110.596 Y186.969 E.01696
G1 X111.075 Y187.189 E.01696
G1 X111.481 Y187.525 E.01696
G1 X111.786 Y187.956 E.01696
G1 X111.97 Y188.45 E.01696
G1 X112.019 Y188.975 E.01696
G1 X111.939 Y189.474 E.01625
G1 X111.752 Y189.889 E.01464
G1 X111.436 Y190.326 E.01733
G1 X111.017 Y190.649 E.01701
G1 X110.526 Y190.854 E.01711
G1 X110 Y190.923 E.01706
G1 X109.474 Y190.854 E.01706
G1 X108.983 Y190.649 E.01711
G1 X108.564 Y190.326 E.01701
G1 X108.241 Y189.9 E.01716
G1 X108.233 Y189.882 E.00065
M204 T1000
G1 X108.599 Y189.69 F9000
M204 P1000
;TYPE:Outer wall
;WIDTH:0.419999
G1 F3600
G1 X108.596 Y189.685 E.00018
G1 X108.44 Y189.295 E.01251
G1 X108.391 Y188.878 E.01251
G1 X108.452 Y188.462 E.01251
G1 X108.618 Y188.076 E.01251
G1 X108.878 Y187.746 E.01251
G1 X109.214 Y187.495 E.01251
G1 X109.605 Y187.34 E.01251
G1 X110.022 Y187.29 E.01251
G1 X110.437 Y187.351 E.01251
G1 X110.823 Y187.517 E.01251
G1 X111.153 Y187.777 E.01251
G1 X111.404 Y188.114 E.01251
G1 X111.56 Y188.504 E.01251
G1 X111.609 Y188.921 E.01251
G1 X111.548 Y189.337 E.01251
G1 X111.414 Y189.651 E.01018
G1 X111.122 Y190.052 E.01478
G1 X110.786 Y190.304 E.01251
G1 X110.395 Y190.459 E.01251
G1 X109.978 Y190.508 E.01251
G1 X109.563 Y190.448 E.01251
G1 X109.177 Y190.282 E.01251
G1 X108.837 Y190.009 E.01298
G1 X108.623 Y189.722 E.01066
M204 T2500
G1 E-.84 F2400
;WIPE_START
G1 F3600
G1 X108.596 Y189.685 E-.01652
G1 X108.44 Y189.295 E-.15122
G1 X108.391 Y188.878 E-.15122
G1 X108.407 Y188.765 E-.04104
;WIPE_END
G1 F9000
G1 X108.813 Y188.346 Z1.03077
G1 X109.366 Y188.164 Z1.06154
G1 X109.94 Y188.259 Z1.09231
G1 X110.405 Y188.611 Z1.12308
G1 X110.652 Y189.138 Z1.15385
G1 X110.627 Y189.72 Z1.18462
G1 X110.334 Y190.223 Z1.21538
G1 X109.84 Y190.533 Z1.24615
G1 X109.259 Y190.578 Z1.27692
G1 X108.724 Y190.347 Z1.30769
G1 X108.358 Y189.895 Z1.33846
G1 X108.243 Y189.324 Z1.36923
G1 X108.407 Y188.765 Z1.4
G1 X205.052 Y22.814 Z1.4
G1 Z1
G1 E1.2 F1800
M204 P2500
;TYPE:Internal solid infill
;WIDTH:0.420439
G1 F7528.376
G1 X209.04 Y26.802 E.16819
G1 X209.503 Y27.799 E.0328
G1 X204.414 Y22.71 E.21462
G1 X204.107 Y22.57 E.01006
G1 X203.615 Y22.445 E.01514
G1 X209.757 Y28.587 E.25904
G1 X209.949 Y29.312 E.02236
G1 X202.899 Y22.262 E.29733
G1 X202.557 Y22.175 E.01051
G1 X202.256 Y22.153 E.00901
G1 X210.048 Y29.946 E.32864
G1 X210.095 Y30.526 E.01738
G1 X201.68 Y22.111 E.3549
G1 X201.104 Y22.069 E.01722
G1 X210.142 Y31.107 E.38116
G1 X210.105 Y31.604 E.01487
G1 X200.598 Y22.097 E.40096
G1 X200.115 Y22.148 E.01449
G1 X210.058 Y32.091 E.41935
G1 X210.011 Y32.578 E.01458
G1 X199.632 Y22.198 E.43774
G1 X199.37 Y22.226 E.00786
G1 X199.18 Y22.281 E.00588
G1 X209.921 Y33.021 E.45297
G1 X209.804 Y33.438 E.01291
G1 X198.766 Y22.401 E.4655
G1 X198.352 Y22.521 E.01285
G1 X209.687 Y33.855 E.47802
G1 X209.57 Y34.272 E.01291
G1 X197.938 Y22.64 E.49054
G1 X197.543 Y22.779 E.01249
G1 X209.4 Y34.636 E.50004
G1 X209.226 Y34.996 E.01192
G1 X197.159 Y22.929 E.50891
G1 X196.774 Y23.078 E.0123
G1 X209.051 Y35.356 E.51779
G1 X208.877 Y35.715 E.01192
G1 X196.389 Y23.227 E.52666
G1 X196.005 Y23.377 E.0123
G1 X201.404 Y28.776 E.2277
G1 X201.015 Y28.749 E.01162
G1 X200.865 Y28.771 E.00453
G1 X195.62 Y23.526 E.22119
G1 X195.236 Y23.675 E.0123
G1 X200.415 Y28.855 E.21842
G1 X200.034 Y29.008 E.01224
G1 X194.851 Y23.825 E.21858
G1 X194.467 Y23.974 E.0123
G1 X199.71 Y29.218 E.22114
G1 X199.422 Y29.463 E.0113
G1 X194.082 Y24.123 E.22518
G1 X193.698 Y24.273 E.0123
G1 X199.186 Y29.761 E.23145
G1 X199.064 Y29.924 E.00605
G1 X198.989 Y30.098 E.00567
G1 X193.313 Y24.422 E.23939
G1 X192.928 Y24.572 E.0123
G1 X198.84 Y30.483 E.24931
G1 X198.809 Y30.599 E.0036
G1 X198.769 Y30.945 E.01039
G1 X192.544 Y24.721 E.26251
G1 X192.159 Y24.87 E.0123
G1 X199.028 Y31.739 E.28968
G1 E-.88121 F2400
;WIPE_START
G1 F7528.376
G1 X198.321 Y31.032 E-.31879
;WIPE_END
G1 F9000
G1 X198.897 Y31.121 Z1.03077
G1 X199.365 Y31.4676 Z1.06154
G1 X199.618 Y31.992 Z1.09231
G1 X199.599 Y32.5741 Z1.12308
G1 X199.311 Y33.0807 Z1.15385
G1 X198.821 Y33.3955 Z1.18462
G1 X198.241 Y33.4466 Z1.21538
G1 X197.704 Y33.2222 Z1.24615
G1 X197.332 Y32.7736 Z1.27692
G1 X197.211 Y32.2038 Z1.30769
G1 X197.369 Y31.6432 Z1.33846
G1 X197.77 Y31.2202 Z1.36923
G1 X198.321 Y31.0317 Z1.4
G1 X203.228 Y30.6 Z1.4
G1 Z1
G1 E1.2 F1800
G1 F7528.376
G1 X208.657 Y36.029 E.22895
G1 X208.432 Y36.338 E.0114
G1 X203.431 Y31.337 E.21092
G1 X203.379 Y31.718 E.01147
G1 X203.35 Y31.79 E.00232
G1 X208.207 Y36.647 E.20485
G1 X207.983 Y36.956 E.0114
G1 X203.198 Y32.171 E.20181
G1 X203.096 Y32.353 E.00621
G1 X202.985 Y32.493 E.00532
G1 X207.723 Y37.231 E.19982
G1 X207.451 Y37.492 E.01126
G1 X202.746 Y32.787 E.19843
G1 X202.447 Y33.022 E.01134
G1 X207.179 Y37.754 E.19956
G1 X206.907 Y38.016 E.01126
G1 X202.11 Y33.219 E.20229
G1 X201.722 Y33.365 E.01236
G1 X206.625 Y38.268 E.20677
G1 X206.329 Y38.506 E.01132
G1 X201.26 Y33.437 E.21379
G1 X201.103 Y33.455 E.0047
G1 X200.696 Y33.407 E.01222
G1 X206.033 Y38.744 E.22507
G1 X205.737 Y38.982 E.01132
G1 X191.775 Y25.02 E.58884
G1 X191.39 Y25.169 E.0123
G1 X205.441 Y39.22 E.59257
G1 X205.145 Y39.457 E.01132
G1 X191.006 Y25.318 E.5963
G1 X190.621 Y25.468 E.0123
G1 X204.849 Y39.695 E.60003
G1 X204.553 Y39.933 E.01132
G1 X190.237 Y25.617 E.60376
G1 X189.852 Y25.766 E.0123
G1 X204.257 Y40.171 E.60749
G1 X203.961 Y40.409 E.01132
G1 X189.468 Y25.916 E.61123
G1 X189.083 Y26.065 E.0123
G1 X203.665 Y40.647 E.61496
G1 X203.369 Y40.884 E.01132
G1 X188.698 Y26.214 E.61869
G1 X188.314 Y26.364 E.0123
G1 X203.072 Y41.122 E.62242
G1 X202.776 Y41.36 E.01132
G1 X187.929 Y26.513 E.62615
G1 X187.545 Y26.662 E.0123
G1 X202.48 Y41.598 E.62989
G1 X202.184 Y41.836 E.01132
G1 X187.16 Y26.812 E.63362
G1 X186.776 Y26.961 E.0123
G1 X201.888 Y42.074 E.63735
G1 X201.592 Y42.311 E.01132
G1 X186.391 Y27.11 E.64108
G1 X186.007 Y27.26 E.0123
G1 X201.296 Y42.549 E.64481
G1 X201 Y42.787 E.01132
G1 X185.622 Y27.409 E.64854
G1 X185.238 Y27.558 E.0123
G1 X200.704 Y43.025 E.65228
G1 X200.408 Y43.263 E.01132
G1 X184.853 Y27.708 E.65601
G1 X184.468 Y27.857 E.0123
G1 X200.112 Y43.501 E.65974
G1 X199.816 Y43.738 E.01132
G1 X184.084 Y28.006 E.66347
G1 X183.699 Y28.156 E.0123
G1 X199.52 Y43.976 E.6672
G1 X199.224 Y44.214 E.01132
G1 X183.315 Y28.305 E.67094
G1 X182.93 Y28.454 E.0123
G1 X198.928 Y44.452 E.67467
G1 X198.632 Y44.69 E.01132
G1 X182.546 Y28.604 E.6784
G1 X182.161 Y28.753 E.0123
G1 X198.335 Y44.927 E.68213
G1 X198.039 Y45.165 E.01132
G1 X181.777 Y28.902 E.68586
G1 X181.392 Y29.052 E.0123
G1 X197.743 Y45.403 E.6896
G1 X197.447 Y45.641 E.01132
G1 X181.008 Y29.201 E.69333
G1 X180.623 Y29.351 E.0123
G1 X197.151 Y45.879 E.69706
G1 X196.855 Y46.117 E.01132
G1 X180.238 Y29.5 E.70079
G1 X179.854 Y29.649 E.0123
G1 X196.559 Y46.354 E.70452
G1 X196.263 Y46.592 E.01132
G1 X179.469 Y29.799 E.70825
G1 X179.085 Y29.948 E.0123
G1 X195.967 Y46.83 E.71199
G1 X195.671 Y47.068 E.01132
G1 X178.7 Y30.097 E.71572
G1 X178.316 Y30.247 E.0123
G1 X195.375 Y47.306 E.71945
G1 X195.079 Y47.544 E.01132
G1 X177.931 Y30.396 E.72318
G1 X177.547 Y30.545 E.0123
G1 X194.783 Y47.781 E.72691
G1 X194.487 Y48.019 E.01132
G1 X177.162 Y30.695 E.73065
G1 X176.777 Y30.844 E.0123
G1 X194.191 Y48.257 E.73438
G1 X193.895 Y48.495 E.01132
G1 X176.393 Y30.993 E.73811
G1 X176.008 Y31.143 E.0123
G1 X193.599 Y48.733 E.74184
G1 X193.302 Y48.971 E.01132
G1 X175.624 Y31.292 E.74557
G1 X175.239 Y31.441 E.0123
G1 X193.006 Y49.208 E.74931
G1 X192.71 Y49.446 E.01132
G1 X174.855 Y31.591 E.75304
G1 X174.47 Y31.74 E.0123
G1 X192.414 Y49.684 E.75677
G1 X192.118 Y49.922 E.01132
G1 X174.086 Y31.889 E.7605
G1 X173.701 Y32.039 E.0123
G1 X191.822 Y50.16 E.76423
G1 X191.526 Y50.398 E.01132
G1 X173.317 Y32.188 E.76796
G1 X172.932 Y32.337 E.0123
G1 X191.23 Y50.635 E.7717
G1 X190.934 Y50.873 E.01132
G1 X172.547 Y32.487 E.77543
G1 X172.163 Y32.636 E.0123
G1 X190.638 Y51.111 E.77916
G1 X190.342 Y51.349 E.01132
G1 X171.778 Y32.785 E.78289
G1 X171.394 Y32.935 E.0123
G1 X190.046 Y51.587 E.78662
G1 X189.75 Y51.825 E.01132
G1 X171.009 Y33.084 E.79036
G1 X170.625 Y33.233 E.0123
G1 X189.454 Y52.062 E.79409
G1 X189.158 Y52.3 E.01132
G1 X170.24 Y33.383 E.79782
G1 X169.856 Y33.532 E.0123
G1 X188.862 Y52.538 E.80155
G1 X188.565 Y52.776 E.01132
G1 X169.471 Y33.682 E.80528
G1 X169.087 Y33.831 E.0123
G1 X188.269 Y53.014 E.80901
G1 X187.973 Y53.252 E.01132
G1 X168.702 Y33.98 E.81275
G1 X168.317 Y34.13 E.0123
G1 X187.677 Y53.489 E.81648
G1 X187.381 Y53.727 E.01132
G1 X167.933 Y34.279 E.82021
G1 X167.548 Y34.428 E.0123
G1 X187.085 Y53.965 E.82394
G1 X186.789 Y54.203 E.01132
G1 X167.164 Y34.578 E.82767
G1 X166.779 Y34.727 E.0123
G1 X186.493 Y54.441 E.83141
G1 X186.197 Y54.679 E.01132
G1 X166.395 Y34.876 E.83514
G1 X166.01 Y35.026 E.0123
G1 X185.901 Y54.916 E.83887
G1 X185.605 Y55.154 E.01132
G1 X165.626 Y35.175 E.8426
G1 X165.241 Y35.324 E.0123
G1 X185.309 Y55.392 E.84633
G1 X185.013 Y55.63 E.01132
G1 X164.856 Y35.474 E.85007
G1 X164.472 Y35.623 E.0123
G1 X184.717 Y55.868 E.8538
G1 X184.421 Y56.106 E.01132
G1 X164.087 Y35.772 E.85753
G1 X163.703 Y35.922 E.0123
G1 X184.125 Y56.343 E.86126
G1 X183.829 Y56.581 E.01132
G1 X163.318 Y36.071 E.86499
G1 X162.934 Y36.22 E.0123
G1 X183.532 Y56.819 E.86872
G1 X183.236 Y57.057 E.01132
G1 X162.549 Y36.37 E.87246
G1 X162.165 Y36.519 E.0123
G1 X182.94 Y57.295 E.87619
G1 X182.644 Y57.533 E.01132
G1 X161.78 Y36.668 E.87992
G1 X161.396 Y36.818 E.0123
G1 X182.348 Y57.77 E.88365
G1 X182.052 Y58.008 E.01132
G1 X161.011 Y36.967 E.88738
G1 X160.626 Y37.116 E.0123
G1 X181.756 Y58.246 E.89112
G1 X181.46 Y58.484 E.01132
G1 X160.242 Y37.266 E.89485
G1 X159.857 Y37.415 E.0123
G1 X181.164 Y58.722 E.89858
G1 X180.868 Y58.96 E.01132
G1 X159.473 Y37.564 E.90231
G1 X159.088 Y37.714 E.0123
G1 X180.572 Y59.197 E.90604
G1 X180.276 Y59.435 E.01132
G1 X158.704 Y37.863 E.90977
G1 X158.319 Y38.012 E.0123
G1 X179.98 Y59.673 E.91351
G1 X179.684 Y59.911 E.01132
G1 X157.935 Y38.162 E.91724
G1 X157.55 Y38.311 E.0123
G1 X179.388 Y60.149 E.92097
G1 X179.092 Y60.387 E.01132
G1 X157.166 Y38.461 E.9247
G1 X156.781 Y38.61 E.0123
G1 X178.796 Y60.624 E.92843
G1 X178.499 Y60.862 E.01132
G1 X156.396 Y38.759 E.93217
G1 X156.012 Y38.909 E.0123
G1 X178.203 Y61.1 E.9359
G1 X177.907 Y61.338 E.01132
G1 X155.627 Y39.058 E.93963
G1 X155.243 Y39.207 E.0123
G1 X177.611 Y61.576 E.94336
G1 X177.315 Y61.814 E.01132
G1 X154.858 Y39.357 E.94709
G1 X154.474 Y39.506 E.0123
G1 X177.019 Y62.051 E.95083
G1 X176.723 Y62.289 E.01132
G1 X154.089 Y39.655 E.95456
G1 X153.705 Y39.805 E.0123
G1 X176.427 Y62.527 E.95829
G1 X176.131 Y62.765 E.01132
G1 X153.32 Y39.954 E.96202
G1 X152.935 Y40.103 E.0123
G1 X175.835 Y63.003 E.96575
G1 X175.539 Y63.241 E.01132
G1 X152.551 Y40.253 E.96948
G1 X152.166 Y40.402 E.0123
G1 X175.243 Y63.478 E.97322
G1 X174.947 Y63.716 E.01132
G1 X151.782 Y40.551 E.97695
G1 X151.397 Y40.701 E.0123
G1 X174.651 Y63.954 E.98068
G1 X174.355 Y64.192 E.01132
G1 X151.013 Y40.85 E.98441
G1 X150.628 Y40.999 E.0123
G1 X174.059 Y64.43 E.98814
G1 X173.762 Y64.668 E.01132
G1 X150.244 Y41.149 E.99188
G1 X149.859 Y41.298 E.0123
G1 X173.466 Y64.905 E.99561
G1 X173.17 Y65.143 E.01132
G1 X149.475 Y41.447 E.99934
G1 X149.09 Y41.597 E.0123
G1 X172.874 Y65.381 E1.00307
G1 X172.578 Y65.619 E.01132
G1 X148.705 Y41.746 E1.0068
G1 X148.321 Y41.895 E.0123
G1 X172.282 Y65.857 E1.01053
G1 X171.986 Y66.095 E.01132
G1 X147.936 Y42.045 E1.01427
G1 X147.552 Y42.194 E.0123
G1 X171.69 Y66.332 E1.018
G1 X171.394 Y66.57 E.01132
G1 X147.167 Y42.343 E1.02173
G1 X146.783 Y42.493 E.0123
G1 X171.098 Y66.808 E1.02546
G1 X170.802 Y67.046 E.01132
G1 X146.398 Y42.642 E1.02919
G1 X146.014 Y42.792 E.0123
G1 X170.506 Y67.284 E1.03293
G1 X170.21 Y67.522 E.01132
G1 X145.629 Y42.941 E1.03666
G1 X145.245 Y43.09 E.0123
G1 X169.914 Y67.759 E1.04039
G1 X169.618 Y67.997 E.01132
G1 X144.86 Y43.24 E1.04412
G1 X144.475 Y43.389 E.0123
G1 X169.322 Y68.235 E1.04785
G1 X169.026 Y68.473 E.01132
G1 X144.091 Y43.538 E1.05159
G1 X143.706 Y43.688 E.0123
G1 X168.729 Y68.711 E1.05532
G1 X168.433 Y68.949 E.01132
G1 X143.322 Y43.837 E1.05905
G1 X142.937 Y43.986 E.0123
G1 X168.137 Y69.186 E1.06278
G1 X167.841 Y69.424 E.01132
G1 X142.553 Y44.136 E1.06651
G1 X142.158 Y44.275 E.01248
G1 X167.545 Y69.662 E1.07067
G1 X167.249 Y69.9 E.01132
G1 X141.517 Y44.167 E1.08523
G1 X139.563 Y42.747 E.07204
G1 X166.953 Y70.138 E1.15516
G1 X166.657 Y70.376 E.01132
G1 X137.773 Y41.491 E1.21816
G1 X136.392 Y40.644 E.0483
G1 X166.361 Y70.613 E1.2639
G1 X166.065 Y70.851 E.01132
G1 X135.011 Y39.798 E1.30964
G1 X134.672 Y39.59 E.01187
G1 X133.847 Y39.168 E.02763
G1 X165.769 Y71.089 E1.34625
G1 X165.473 Y71.327 E.01132
G1 X132.754 Y38.608 E1.37987
G1 X131.661 Y38.049 E.03663
G1 X165.177 Y71.565 E1.4135
G1 X164.881 Y71.803 E.01132
G1 X130.68 Y37.602 E1.44237
G1 X129.765 Y37.221 E.02956
G1 X164.585 Y72.04 E1.46847
G1 X164.289 Y72.278 E.01132
G1 X128.85 Y36.84 E1.49457
G1 X127.935 Y36.459 E.02956
G1 X163.992 Y72.516 E1.52067
G1 X163.696 Y72.754 E.01132
G1 X127.094 Y36.152 E1.54364
G1 X126.301 Y35.893 E.02487
G1 X163.4 Y72.992 E1.5646
G1 X163.104 Y73.229 E.01132
G1 X125.509 Y35.634 E1.58555
G1 X124.716 Y35.375 E.02487
G1 X162.808 Y73.467 E1.6065
G1 X162.512 Y73.705 E.01132
G1 X123.923 Y35.116 E1.62745
G1 X123.204 Y34.931 E.02215
G1 X162.216 Y73.943 E1.6453
G1 X161.92 Y74.181 E.01132
G1 X122.5 Y34.761 E1.66249
G1 X121.796 Y34.591 E.02159
G1 X161.624 Y74.419 E1.67968
G1 X161.328 Y74.656 E.01132
G1 X121.093 Y34.421 E1.69687
G1 X120.389 Y34.251 E.02159
G1 X161.032 Y74.894 E1.71406
G1 X160.736 Y75.132 E.01132
G1 X119.707 Y34.103 E1.73034
G1 X119.072 Y34.002 E.01917
G1 X160.44 Y75.37 E1.74463
G1 X160.325 Y75.462 E.00437
G1 X160.168 Y75.632 E.00692
G1 X118.437 Y33.901 E1.75995
G1 X117.802 Y33.8 E.01917
G1 X160.009 Y76.007 E1.78002
G1 X159.994 Y76.231 E.00669
G1 X160.03 Y76.562 E.00992
G1 X117.167 Y33.699 E1.80767
G1 X116.532 Y33.598 E.01917
G1 X160.094 Y77.16 E1.83717
G1 X160.158 Y77.758 E.01794
G1 X115.904 Y33.503 E1.86639
G1 X115.324 Y33.457 E.01734
G1 X160.223 Y78.356 E1.89356
G1 X160.287 Y78.955 E.01794
G1 X114.744 Y33.412 E1.92072
G1 X114.164 Y33.366 E.01734
G1 X160.352 Y79.553 E1.94789
G1 X160.416 Y80.151 E.01794
G1 X113.585 Y33.32 E1.97505
G1 X113.005 Y33.274 E.01734
G1 X160.44 Y80.709 E2.00051
G1 X160.456 Y81.259 E.0164
G1 X112.425 Y33.228 E2.02563
G1 X111.857 Y33.194 E.01697
G1 X160.471 Y81.808 E2.05025
G1 X160.487 Y82.358 E.0164
G1 X111.323 Y33.194 E2.07344
G1 X110.789 Y33.194 E.01592
G1 X160.503 Y82.908 E2.09662
G1 X160.519 Y83.458 E.0164
G1 X110.255 Y33.194 E2.11981
G1 X109.721 Y33.194 E.01592
G1 X160.535 Y84.008 E2.14299
G1 X160.527 Y84.533 E.01567
G1 X109.188 Y33.194 E2.16516
G1 X108.654 Y33.194 E.01592
G1 X160.501 Y85.042 E2.1866
G1 X160.476 Y85.55 E.01518
G1 X108.12 Y33.194 E2.20804
G1 X107.617 Y33.225 E.01503
G1 X160.45 Y86.058 E2.22819
G1 X160.425 Y86.567 E.01518
G1 X137.664 Y63.806 E.9599
G1 X138.785 Y65.461 E.05961
G1 X160.399 Y87.075 E.91155
G1 X160.374 Y87.584 E.01518
G1 X139.583 Y66.793 E.87683
G1 X140.222 Y67.966 E.03985
G1 X160.348 Y88.092 E.8488
G1 X160.296 Y88.574 E.01444
G1 X140.811 Y69.089 E.82175
G1 X141.199 Y70.011 E.02984
G1 X160.235 Y89.046 E.80279
G1 X160.173 Y89.519 E.01421
G1 X141.588 Y70.933 E.78383
G1 X141.976 Y71.855 E.02984
G1 X160.112 Y89.991 E.76487
G1 X160.051 Y90.464 E.01421
G1 X142.245 Y72.658 E.75096
G1 X142.482 Y73.429 E.02408
G1 X159.99 Y90.937 E.73835
G1 X159.928 Y91.409 E.01421
G1 X142.72 Y74.201 E.72573
G1 X142.958 Y74.973 E.02408
G1 X159.867 Y91.882 E.71312
G1 X159.794 Y92.342 E.0139
G1 X143.123 Y75.671 E.70308
G1 X143.261 Y76.343 E.02045
G1 X159.701 Y92.783 E.69334
G1 X159.608 Y93.224 E.01344
G1 X143.398 Y77.015 E.68359
G1 X143.536 Y77.687 E.02045
G1 X159.515 Y93.665 E.67385
G1 X159.422 Y94.106 E.01344
G1 X143.674 Y78.359 E.66411
G1 X143.711 Y78.537 E.00544
G1 X143.755 Y78.973 E.01306
G1 X159.329 Y94.547 E.65679
G1 X159.236 Y94.988 E.01344
G1 X143.815 Y79.567 E.65034
G1 X143.875 Y80.161 E.0178
G1 X159.143 Y95.428 E.64389
G1 X159.05 Y95.869 E.01344
G1 X143.935 Y80.755 E.63744
G1 X143.995 Y81.348 E.0178
G1 X158.941 Y96.295 E.63035
G1 X158.82 Y96.707 E.01282
G1 X144.055 Y81.942 E.6227
G1 X144.062 Y82.484 E.01614
G1 X158.698 Y97.12 E.61725
G1 X158.576 Y97.532 E.01282
G1 X144.062 Y83.017 E.61213
G1 X144.062 Y83.551 E.01592
G1 X158.455 Y97.944 E.60701
G1 X158.333 Y98.356 E.01282
G1 X144.062 Y84.085 E.60189
G1 X144.061 Y84.619 E.01592
G1 X158.212 Y98.769 E.59677
G1 X158.09 Y99.181 E.01282
G1 X144.061 Y85.152 E.59164
G1 X144.061 Y85.421 E.00801
G1 X144.037 Y85.662 E.00722
G1 X157.968 Y99.593 E.58755
G1 X157.878 Y99.901 E.00956
G1 X157.84 Y99.999 E.00314
G1 X143.988 Y86.146 E.58421
G1 X143.939 Y86.631 E.01453
G1 X157.692 Y100.385 E.58004
G1 X157.544 Y100.771 E.01233
G1 X143.889 Y87.116 E.57588
G1 X143.84 Y87.601 E.01453
G1 X157.397 Y101.157 E.57172
G1 X157.249 Y101.543 E.01233
G1 X143.791 Y88.086 E.56755
G1 X143.742 Y88.57 E.01453
G1 X157.101 Y101.929 E.56339
G1 X156.953 Y102.315 E.01233
G1 X143.674 Y89.036 E.56004
G1 X143.583 Y89.479 E.01349
G1 X156.805 Y102.701 E.55763
G1 X156.657 Y103.087 E.01233
G1 X143.492 Y89.922 E.55522
G1 X143.402 Y90.365 E.01349
G1 X156.51 Y103.473 E.55281
G1 X156.347 Y103.845 E.01209
G1 X143.311 Y90.809 E.54977
G1 X143.22 Y91.252 E.01349
G1 X156.175 Y104.206 E.54633
G1 X156.002 Y104.568 E.01194
G1 X143.13 Y91.695 E.54289
G1 X143.039 Y92.138 E.01349
G1 X155.83 Y104.929 E.53945
G1 X155.658 Y105.291 E.01194
G1 X142.918 Y92.551 E.53727
G1 X142.793 Y92.96 E.01274
G1 X155.485 Y105.652 E.5353
G1 X155.313 Y106.014 E.01194
G1 X142.667 Y93.368 E.53333
G1 X142.541 Y93.776 E.01274
G1 X155.141 Y106.376 E.53136
G1 X154.968 Y106.737 E.01194
G1 X142.416 Y94.184 E.5294
G1 X142.29 Y94.593 E.01274
G1 X154.796 Y107.099 E.52743
G1 X154.609 Y107.445 E.01175
G1 X142.164 Y95.001 E.52483
G1 X142.03 Y95.4 E.01256
G1 X154.413 Y107.784 E.52227
G1 X154.218 Y108.122 E.01166
G1 X141.876 Y95.78 E.5205
G1 X141.718 Y96.156 E.01216
G1 X154.023 Y108.461 E.51893
G1 X153.827 Y108.799 E.01166
G1 X141.56 Y96.532 E.51737
G1 X141.401 Y96.907 E.01216
G1 X153.632 Y109.138 E.5158
G1 X153.436 Y109.476 E.01166
G1 X141.243 Y97.283 E.51424
G1 X141.085 Y97.659 E.01216
G1 X153.241 Y109.815 E.51267
G1 X153.045 Y110.153 E.01166
G1 X140.926 Y98.034 E.5111
G1 X140.766 Y98.407 E.01212
G1 X152.85 Y110.492 E.50964
G1 X152.645 Y110.82 E.01155
G1 X140.587 Y98.763 E.5085
G1 X140.399 Y99.108 E.01174
G1 X152.427 Y111.137 E.50727
G1 X152.21 Y111.453 E.01145
G1 X140.211 Y99.454 E.50603
G1 X140.023 Y99.8 E.01174
G1 X151.992 Y111.769 E.50479
G1 X151.774 Y112.085 E.01145
G1 X139.834 Y100.145 E.50356
G1 X139.646 Y100.491 E.01174
G1 X151.557 Y112.402 E.50232
G1 X151.339 Y112.718 E.01145
G1 X139.458 Y100.837 E.50108
G1 X139.27 Y101.182 E.01174
G1 X151.122 Y113.034 E.49985
G1 X150.904 Y113.351 E.01145
G1 X139.069 Y101.516 E.49911
G1 X138.854 Y101.834 E.01146
G1 X150.687 Y113.667 E.49902
G1 X150.482 Y113.965 E.01077
G1 X150.468 Y113.982 E.00067
G1 X138.638 Y102.153 E.49888
G1 X138.423 Y102.471 E.01146
G1 X150.229 Y114.277 E.49789
G1 X149.989 Y114.572 E.01132
G1 X138.207 Y102.79 E.4969
G1 X137.992 Y103.108 E.01146
G1 X149.75 Y114.867 E.4959
G1 X149.511 Y115.161 E.01132
G1 X137.776 Y103.426 E.49491
G1 X137.561 Y103.745 E.01146
G1 X149.272 Y115.456 E.49392
G1 X149.033 Y115.751 E.01132
G1 X137.345 Y104.063 E.49293
G1 X137.116 Y104.368 E.01137
G1 X148.794 Y116.046 E.49249
G1 X148.555 Y116.34 E.01132
G1 X136.873 Y104.659 E.49266
G1 X136.63 Y104.949 E.0113
G1 X148.316 Y116.635 E.49283
G1 X148.077 Y116.93 E.01132
G1 X136.387 Y105.24 E.49301
G1 X136.144 Y105.531 E.0113
G1 X147.826 Y117.213 E.49269
G1 X147.566 Y117.487 E.01126
G1 X135.9 Y105.822 E.49197
G1 X135.657 Y106.112 E.0113
G1 X147.305 Y117.76 E.49125
G1 X147.045 Y118.034 E.01126
G1 X135.414 Y106.403 E.49053
G1 X135.171 Y106.694 E.0113
G1 X146.785 Y118.308 E.48981
G1 X146.525 Y118.581 E.01126
G1 X134.919 Y106.976 E.48946
G1 X134.649 Y107.239 E.01126
G1 X146.264 Y118.855 E.48988
G1 X146.004 Y119.129 E.01126
G1 X134.378 Y107.503 E.49031
G1 X134.108 Y107.766 E.01126
G1 X145.744 Y119.402 E.49073
G1 X145.484 Y119.676 E.01126
G1 X133.838 Y108.03 E.49115
G1 X133.567 Y108.293 E.01126
G1 X145.221 Y119.952 E.49158
G1 X144.942 Y120.202 E.01118
G1 X133.297 Y108.557 E.49112
G1 X133.027 Y108.821 E.01126
G1 X144.661 Y120.455 E.49066
G1 X144.379 Y120.707 E.01127
G1 X132.756 Y109.084 E.49019
G1 X132.479 Y109.341 E.01127
G1 X144.098 Y120.96 E.49
G1 X143.817 Y121.212 E.01127
G1 X132.182 Y109.578 E.49068
G1 X131.885 Y109.814 E.01133
G1 X143.535 Y121.465 E.49136
G1 X143.254 Y121.717 E.01127
G1 X131.587 Y110.051 E.49203
G1 X131.29 Y110.287 E.01133
G1 X142.973 Y121.97 E.49271
G1 X142.691 Y122.223 E.01127
G1 X130.992 Y110.524 E.49338
G1 X130.695 Y110.76 E.01133
G1 X142.41 Y122.475 E.49406
G1 X142.119 Y122.718 E.0113
G1 X130.398 Y110.997 E.49434
G1 X130.1 Y111.233 E.01133
G1 X141.817 Y122.949 E.49411
G1 X141.514 Y123.181 E.01136
G1 X129.797 Y111.464 E.49416
G1 X129.472 Y111.672 E.01152
G1 X141.211 Y123.412 E.49511
G1 X140.909 Y123.643 E.01136
G1 X129.146 Y111.881 E.49606
G1 X128.821 Y112.09 E.01152
G1 X140.606 Y123.875 E.49701
G1 X140.303 Y124.106 E.01136
G1 X128.496 Y112.298 E.49797
G1 X128.171 Y112.507 E.01152
G1 X140.001 Y124.337 E.49892
G1 X139.698 Y124.568 E.01136
G1 X127.846 Y112.716 E.49987
G1 X127.52 Y112.924 E.01152
G1 X139.396 Y124.8 E.50082
G1 X139.093 Y125.031 E.01136
G1 X127.195 Y113.133 E.50178
G1 X126.864 Y113.336 E.01158
G1 X138.769 Y125.241 E.50209
G1 X138.445 Y125.451 E.01151
G1 X126.511 Y113.517 E.5033
G1 X126.158 Y113.698 E.01183
G1 X138.121 Y125.661 E.50451
G1 X137.797 Y125.87 E.01151
G1 X125.806 Y113.879 E.50572
G1 X125.453 Y114.06 E.01183
G1 X137.473 Y126.08 E.50694
G1 X137.149 Y126.29 E.01151
G1 X125.1 Y114.241 E.50815
G1 X124.747 Y114.422 E.01183
G1 X136.824 Y126.5 E.50936
G1 X136.5 Y126.709 E.01151
G1 X124.394 Y114.603 E.51058
G1 X124.034 Y114.777 E.01192
G1 X136.176 Y126.919 E.51208
G1 X135.851 Y127.128 E.01152
G1 X123.658 Y114.935 E.51424
G1 X123.274 Y115.085 E.01228
G1 X135.505 Y127.316 E.51581
G1 X135.159 Y127.504 E.01174
G1 X122.891 Y115.236 E.51739
G1 X122.507 Y115.386 E.01228
G1 X134.813 Y127.691 E.51896
G1 X134.467 Y127.879 E.01174
G1 X122.124 Y115.536 E.52053
G1 X121.741 Y115.687 E.01228
G1 X134.12 Y128.067 E.52211
G1 X133.774 Y128.255 E.01174
G1 X121.357 Y115.837 E.52368
G1 X120.973 Y115.987 E.0123
G1 X133.428 Y128.442 E.52529
G1 X133.082 Y128.63 E.01174
G1 X120.567 Y116.115 E.52779
G1 X120.151 Y116.233 E.01291
G1 X132.736 Y128.818 E.53077
G1 X132.39 Y129.006 E.01174
G1 X119.734 Y116.35 E.53375
G1 X119.317 Y116.467 E.01291
G1 X132.031 Y129.181 E.53621
G1 X131.661 Y129.345 E.01207
G1 X118.9 Y116.584 E.53818
G1 X118.484 Y116.701 E.01291
G1 X131.291 Y129.509 E.54015
G1 X130.921 Y129.672 E.01207
G1 X118.067 Y116.818 E.54212
G1 X117.647 Y116.932 E.01297
G1 X130.551 Y129.836 E.5442
G1 X130.181 Y130 E.01207
G1 X117.194 Y117.014 E.54769
G1 X116.742 Y117.095 E.01372
G1 X129.811 Y130.164 E.55118
G1 X129.441 Y130.328 E.01207
G1 X116.289 Y117.176 E.55467
G1 X115.836 Y117.257 E.01372
G1 X129.071 Y130.492 E.55816
G1 X128.701 Y130.655 E.01207
G1 X115.383 Y117.338 E.56165
G1 X114.93 Y117.419 E.01372
G1 X128.355 Y130.843 E.56616
G1 X128.245 Y130.946 E.00448
G1 X128.117 Y131.14 E.00692
G1 X114.478 Y117.5 E.57524
G1 X113.998 Y117.554 E.0144
G1 X128.014 Y131.571 E.59114
G1 X127.943 Y132.033 E.01395
G1 X113.502 Y117.592 E.60904
G1 X113.006 Y117.63 E.01484
G1 X127.871 Y132.496 E.62695
G1 X127.8 Y132.958 E.01395
G1 X112.509 Y117.668 E.64486
G1 X112.013 Y117.705 E.01484
G1 X127.729 Y133.42 E.66276
G1 X127.657 Y133.883 E.01395
G1 X111.517 Y117.743 E.68067
G1 X111.021 Y117.781 E.01484
G1 X127.586 Y134.345 E.69858
G1 X127.514 Y134.808 E.01395
G1 X110.49 Y117.784 E.71796
G1 X109.943 Y117.77 E.01634
G1 X127.443 Y135.27 E.73804
G1 X127.371 Y135.733 E.01395
G1 X109.395 Y117.756 E.75813
G1 X108.847 Y117.742 E.01634
G1 X127.3 Y136.195 E.77822
G1 X127.228 Y136.657 E.01395
G1 X108.299 Y117.728 E.7983
G1 X107.751 Y117.715 E.01634
G1 X127.157 Y137.12 E.81839
G1 X127.085 Y137.582 E.01395
G1 X107.179 Y117.676 E.83954
G1 X106.567 Y117.598 E.01839
G1 X127.014 Y138.045 E.86232
G1 X126.942 Y138.507 E.01395
G1 X105.955 Y117.52 E.8851
G1 X105.344 Y117.442 E.01839
G1 X126.871 Y138.969 E.90788
G1 X126.799 Y139.432 E.01395
G1 X104.732 Y117.365 E.93066
G1 X104.12 Y117.287 E.01839
G1 X126.728 Y139.894 E.95344
G1 X126.656 Y140.357 E.01395
G1 X103.441 Y117.142 E.97906
G1 X102.747 Y116.981 E.02127
G1 X126.585 Y140.819 E1.00535
G1 X126.513 Y141.282 E.01395
G1 X102.052 Y116.82 E1.03164
G1 X101.357 Y116.659 E.02127
G1 X126.442 Y141.744 E1.05793
G1 X126.37 Y142.206 E.01395
G1 X100.662 Y116.498 E1.08422
G1 X99.86 Y116.23 E.02521
G1 X126.299 Y142.669 E1.11501
G1 X126.227 Y143.131 E.01395
G1 X99.057 Y115.96 E1.14589
G1 X98.253 Y115.691 E.02528
G1 X126.156 Y143.594 E1.17677
G1 X126.085 Y144.056 E.01395
G1 X97.425 Y115.396 E1.20869
G1 X96.455 Y114.96 E.0317
G1 X126.013 Y144.518 E1.24657
G1 X125.942 Y144.981 E.01395
G1 X95.482 Y114.521 E1.28461
G1 X94.498 Y114.071 E.03227
G1 X125.87 Y145.443 E1.32309
G1 X125.799 Y145.906 E.01395
G1 X93.248 Y113.355 E1.37277
G1 X91.999 Y112.64 E.04293
G1 X125.727 Y146.368 E1.42244
G1 X125.656 Y146.831 E.01395
G1 X89.605 Y110.78 E1.52039
G1 E-.88121 F2400
;WIPE_START
G1 F7528.376
G1 X90.312 Y111.487 E-.31879
;WIPE_END
G1 F9000
G1 X90.7611 Y111.116 Z1.03077
G1 X91.331 Y110.996 Z1.06154
G1 X91.8915 Y111.154 Z1.09231
G1 X92.3141 Y111.555 Z1.12308
G1 X92.5019 Y112.107 Z1.15385
G1 X92.4121 Y112.682 Z1.18462
G1 X92.065 Y113.15 Z1.21538
G1 X91.5404 Y113.403 Z1.24615
G1 X90.9582 Y113.383 Z1.27692
G1 X90.452 Y113.095 Z1.30769
G1 X90.1376 Y112.605 Z1.33846
G1 X90.0872 Y112.024 Z1.36923
G1 X90.3122 Y111.487 Z1.4
G1 X130.785 Y56.927 Z1.4
G1 Z1
G1 E1.2 F1800
G1 F7528.376
G1 X107.122 Y33.264 E.99796
G1 X106.627 Y33.303 E.0148
G1 X128.291 Y54.967 E.91365
G1 X126.972 Y54.12 E.04674
G1 X126.845 Y54.055 E.00426
G1 X106.132 Y33.342 E.87354
G1 X105.638 Y33.381 E.0148
G1 X125.748 Y53.491 E.84811
G1 X124.65 Y52.928 E.0368
G1 X105.143 Y33.42 E.82269
G1 X104.648 Y33.46 E.0148
G1 X123.649 Y52.461 E.80135
G1 X122.771 Y52.116 E.02815
G1 X104.153 Y33.499 E.78516
G1 X103.684 Y33.564 E.01412
G1 X121.892 Y51.771 E.76789
G1 X121.013 Y51.426 E.02815
G1 X103.224 Y33.637 E.75025
G1 X102.763 Y33.71 E.01391
G1 X120.246 Y51.193 E.73731
G1 X119.503 Y50.984 E.02301
G1 X102.303 Y33.783 E.72541
G1 X101.842 Y33.857 E.01391
G1 X118.76 Y50.775 E.71352
G1 X118.018 Y50.566 E.02301
G1 X101.381 Y33.93 E.70162
G1 X100.921 Y34.003 E.01391
G1 X117.327 Y50.409 E.6919
G1 X116.676 Y50.293 E.01971
G1 X100.46 Y34.077 E.68389
G1 X100.006 Y34.156 E.01376
G1 X116.026 Y50.176 E.67562
G1 X115.375 Y50.059 E.01971
G1 X99.576 Y34.26 E.66632
G1 X99.146 Y34.364 E.01319
G1 X114.725 Y49.943 E.65702
G1 X114.319 Y49.87 E.01227
G1 X114.102 Y49.854 E.00652
G1 X98.715 Y34.467 E.64889
G1 X98.285 Y34.571 E.01319
G1 X113.524 Y49.81 E.64267
G1 X112.946 Y49.766 E.01727
G1 X97.855 Y34.675 E.63645
G1 X97.425 Y34.779 E.01319
G1 X112.369 Y49.723 E.63023
G1 X111.791 Y49.679 E.01727
G1 X96.995 Y34.883 E.62401
G1 X96.565 Y34.986 E.01319
G1 X111.214 Y49.635 E.61779
G1 X110.654 Y49.61 E.0167
G1 X96.14 Y35.095 E.61213
G1 X95.738 Y35.227 E.01263
G1 X110.134 Y49.623 E.60715
G1 X109.613 Y49.636 E.01553
G1 X95.335 Y35.358 E.60216
G1 X94.933 Y35.49 E.01263
G1 X109.093 Y49.65 E.59718
G1 X108.572 Y49.663 E.01553
G1 X94.53 Y35.621 E.5922
G1 X94.128 Y35.753 E.01263
G1 X108.052 Y49.676 E.58722
G1 X107.531 Y49.69 E.01553
G1 X93.725 Y35.884 E.58224
G1 X93.323 Y36.015 E.01263
G1 X107.047 Y49.74 E.5788
G1 X106.573 Y49.8 E.01424
G1 X92.92 Y36.147 E.57579
G1 X92.518 Y36.278 E.01263
G1 X106.1 Y49.86 E.57279
G1 X105.626 Y49.92 E.01424
G1 X92.135 Y36.429 E.56895
G1 X91.758 Y36.586 E.01218
G1 X105.152 Y49.98 E.56487
G1 X104.678 Y50.04 E.01424
G1 X91.381 Y36.743 E.56079
G1 X91.004 Y36.9 E.01218
G1 X104.205 Y50.101 E.55671
G1 X103.755 Y50.185 E.01364
G1 X90.627 Y37.057 E.55365
G1 X90.251 Y37.214 E.01218
G1 X103.322 Y50.285 E.55126
G1 X102.888 Y50.386 E.01327
G1 X89.874 Y37.371 E.54887
G1 X89.497 Y37.528 E.01218
G1 X102.454 Y50.486 E.54647
G1 X102.021 Y50.586 E.01327
G1 X89.12 Y37.685 E.54408
G1 X88.743 Y37.842 E.01218
G1 X101.587 Y50.687 E.54169
G1 X101.154 Y50.787 E.01327
G1 X88.39 Y38.023 E.5383
G1 X88.037 Y38.204 E.01183
G1 X100.72 Y50.887 E.5349
G1 X100.315 Y51.016 E.01267
G1 X87.684 Y38.385 E.53271
G1 X87.331 Y38.566 E.01183
G1 X99.915 Y51.15 E.53074
G1 X99.516 Y51.284 E.01257
G1 X86.978 Y38.747 E.52876
G1 X86.625 Y38.928 E.01183
G1 X99.116 Y51.419 E.52679
G1 X98.716 Y51.553 E.01257
G1 X86.272 Y39.108 E.52482
G1 X85.919 Y39.289 E.01183
G1 X98.316 Y51.687 E.52285
G1 X97.917 Y51.821 E.01257
G1 X85.566 Y39.47 E.52088
G1 X85.213 Y39.651 E.01183
G1 X97.525 Y51.964 E.51926
G1 X97.151 Y52.124 E.01213
G1 X84.881 Y39.853 E.51748
G1 X84.551 Y40.057 E.01157
G1 X96.784 Y52.29 E.51589
G1 X96.416 Y52.456 E.01204
G1 X84.221 Y40.261 E.5143
G1 X83.89 Y40.464 E.01157
G1 X96.048 Y52.622 E.51272
G1 X95.68 Y52.788 E.01204
G1 X83.56 Y40.668 E.51113
G1 X83.23 Y40.872 E.01157
G1 X95.312 Y52.954 E.50954
G1 X94.944 Y53.12 E.01204
G1 X82.9 Y41.075 E.50796
G1 X82.569 Y41.279 E.01157
G1 X94.576 Y53.286 E.50637
G1 X94.235 Y53.479 E.01168
G1 X82.239 Y41.482 E.50593
G1 X81.909 Y41.686 E.01157
G1 X93.896 Y53.673 E.50553
G1 X93.556 Y53.867 E.01167
G1 X81.593 Y41.904 E.50453
G1 X81.284 Y42.129 E.01139
G1 X93.217 Y54.062 E.50323
G1 X92.877 Y54.256 E.01167
G1 X80.976 Y42.354 E.50193
G1 X80.667 Y42.58 E.01139
G1 X92.537 Y54.45 E.50063
G1 X92.198 Y54.644 E.01167
G1 X80.358 Y42.805 E.49932
G1 X80.049 Y43.03 E.01139
G1 X91.858 Y54.839 E.49802
G1 X91.524 Y55.039 E.01161
G1 X79.741 Y43.255 E.49696
G1 X79.432 Y43.48 E.01139
G1 X91.213 Y55.262 E.49686
G1 X90.902 Y55.484 E.01141
G1 X79.123 Y43.706 E.49675
G1 X78.815 Y43.931 E.01139
G1 X90.591 Y55.707 E.49665
G1 X90.28 Y55.93 E.01141
G1 X78.506 Y44.156 E.49655
G1 X78.214 Y44.275 E.00941
G1 X78.102 Y44.286 E.00335
G1 X89.969 Y56.152 E.50046
G1 X89.657 Y56.375 E.01141
G1 X77.399 Y44.117 E.51698
G1 X76.526 Y43.778 E.02792
G1 X89.346 Y56.598 E.54067
G1 X89.035 Y56.821 E.01141
G1 X75.653 Y43.439 E.56436
G1 X74.78 Y43.1 E.02792
G1 X88.727 Y57.046 E.58816
G1 X88.443 Y57.296 E.01128
G1 X73.907 Y42.761 E.61301
G1 X73.035 Y42.422 E.02792
G1 X88.159 Y57.546 E.63785
G1 X87.875 Y57.796 E.01128
G1 X72.162 Y42.083 E.6627
G1 X71.289 Y41.744 E.02792
G1 X87.591 Y58.047 E.68754
G1 X87.308 Y58.297 E.01128
G1 X70.416 Y41.405 E.71239
G1 X69.543 Y41.066 E.02792
G1 X87.024 Y58.547 E.73723
G1 X86.74 Y58.797 E.01128
G1 X68.67 Y40.727 E.76208
G1 X67.797 Y40.388 E.02792
G1 X86.456 Y59.047 E.78692
G1 X86.174 Y59.299 E.01128
G1 X66.924 Y40.049 E.81184
G1 X66.051 Y39.71 E.02792
G1 X85.917 Y59.576 E.83782
G1 X85.661 Y59.853 E.01127
G1 X65.179 Y39.371 E.8638
G1 X64.306 Y39.032 E.02792
G1 X85.404 Y60.13 E.88979
G1 X85.147 Y60.407 E.01127
G1 X63.433 Y38.693 E.91577
G1 X62.56 Y38.354 E.02792
G1 X84.89 Y60.684 E.94175
G1 X84.633 Y60.961 E.01127
G1 X61.687 Y38.015 E.96774
G1 X60.814 Y37.676 E.02792
G1 X84.377 Y61.238 E.99372
G1 X84.12 Y61.515 E.01127
G1 X59.941 Y37.337 E1.0197
G1 X59.068 Y36.998 E.02792
G1 X83.863 Y61.793 E1.04568
G1 X83.632 Y62.095 E.01136
G1 X58.195 Y36.659 E1.07275
G1 X57.323 Y36.32 E.02792
G1 X83.402 Y62.4 E1.09988
G1 X83.173 Y62.704 E.01137
G1 X56.45 Y35.981 E1.12702
G1 X55.577 Y35.642 E.02792
G1 X82.943 Y63.008 E1.15415
G1 X82.714 Y63.313 E.01137
G1 X54.704 Y35.303 E1.18128
G1 X53.831 Y34.964 E.02792
G1 X82.484 Y63.617 E1.20841
G1 X82.255 Y63.921 E.01137
G1 X52.958 Y34.625 E1.23554
G1 X52.085 Y34.286 E.02792
G1 X82.025 Y64.226 E1.26267
G1 X81.796 Y64.53 E.01137
G1 X51.212 Y33.947 E1.28981
G1 X50.339 Y33.608 E.02792
G1 X81.592 Y64.86 E1.31802
G1 X81.39 Y65.192 E.01159
G1 X49.467 Y33.269 E1.34633
G1 X48.594 Y32.93 E.02792
G1 X81.188 Y65.525 E1.37464
G1 X80.987 Y65.857 E.01159
G1 X47.721 Y32.591 E1.40296
G1 X46.848 Y32.252 E.02792
G1 X80.785 Y66.189 E1.43127
G1 X80.584 Y66.522 E.01159
G1 X45.975 Y31.913 E1.45958
G1 X45.102 Y31.574 E.02792
G1 X80.382 Y66.854 E1.4879
G1 X80.181 Y67.186 E.01159
G1 X44.229 Y31.235 E1.51621
G1 X43.356 Y30.896 E.02792
G1 X79.981 Y67.521 E1.5446
G1 X79.807 Y67.881 E.01193
G1 X42.483 Y30.557 E1.57409
G1 X41.611 Y30.218 E.02792
G1 X79.634 Y68.241 E1.60358
G1 X79.46 Y68.601 E.01193
G1 X40.738 Y29.879 E1.63307
G1 X39.865 Y29.54 E.02792
G1 X79.286 Y68.962 E1.66256
G1 X79.113 Y69.322 E.01193
G1 X38.992 Y29.201 E1.69205
G1 X38.119 Y28.862 E.02792
G1 X78.939 Y69.682 E1.72154
G1 X78.766 Y70.042 E.01193
G1 X37.246 Y28.523 E1.75103
G1 X36.373 Y28.184 E.02792
G1 X78.598 Y70.408 E1.78076
G1 X78.446 Y70.791 E.01227
G1 X35.5 Y27.845 E1.81118
G1 X34.627 Y27.506 E.02792
G1 X78.304 Y71.182 E1.84199
G1 X78.161 Y71.574 E.01242
G1 X33.755 Y27.167 E1.87279
G1 X32.882 Y26.828 E.02792
G1 X78.019 Y71.965 E1.9036
G1 X77.876 Y72.356 E.01242
G1 X32.009 Y26.489 E1.9344
G1 X31.136 Y26.15 E.02792
G1 X77.734 Y72.748 E1.9652
G1 X77.591 Y73.139 E.01242
G1 X30.263 Y25.811 E1.99601
G1 X29.39 Y25.472 E.02792
G1 X77.449 Y73.531 E2.02684
G1 X77.34 Y73.955 E.01307
G1 X28.517 Y25.133 E2.05903
G1 X27.644 Y24.794 E.02792
G1 X77.23 Y74.38 E2.09121
G1 X77.12 Y74.804 E.01307
G1 X26.771 Y24.455 E2.1234
G1 X25.898 Y24.116 E.02792
G1 X77.011 Y75.228 E2.15559
G1 X76.901 Y75.652 E.01307
G1 X25.026 Y23.777 E2.18778
G1 X24.153 Y23.438 E.02792
G1 X76.791 Y76.077 E2.21997
G1 X76.682 Y76.501 E.01307
G1 X23.28 Y23.099 E2.25216
G1 X22.407 Y22.76 E.02792
G1 X76.578 Y76.932 E2.28461
G1 X76.508 Y77.395 E.01397
G1 X21.628 Y22.515 E2.31448
G1 X20.876 Y22.297 E.02333
G1 X76.437 Y77.858 E2.34319
G1 X76.366 Y78.321 E.01397
G1 X20.229 Y22.184 E2.3675
G1 X19.633 Y22.121 E.01789
G1 X76.295 Y78.784 E2.38967
G1 X76.224 Y79.247 E.01397
G1 X19.037 Y22.059 E2.41181
G1 X18.539 Y22.095 E.01488
G1 X76.153 Y79.71 E2.42982
G1 X76.082 Y80.173 E.01397
G1 X18.041 Y22.131 E2.44782
G1 X17.543 Y22.168 E.01488
G1 X76.049 Y80.673 E2.46738
G1 X76.023 Y81.181 E.01517
G1 X17.103 Y22.262 E2.48484
G1 X16.678 Y22.37 E.01309
G1 X75.997 Y81.689 E2.50169
G1 X75.971 Y82.197 E.01517
G1 X16.253 Y22.479 E2.51854
G1 X15.836 Y22.596 E.0129
G1 X75.945 Y82.705 E2.53501
G1 X75.919 Y83.213 E.01517
G1 X15.469 Y22.763 E2.54939
G1 X15.102 Y22.93 E.01202
G1 X75.898 Y83.726 E2.56397
G1 X75.926 Y84.288 E.01679
G1 X14.735 Y23.097 E2.58065
G1 X14.378 Y23.273 E.01189
G1 X75.955 Y84.85 E2.59693
G1 X75.983 Y85.413 E.01679
G1 X21.187 Y30.616 E2.31098
G1 X21.25 Y31.104 E.01467
G1 X21.238 Y31.201 E.00292
G1 X76.012 Y85.975 E2.31003
G1 X76.04 Y86.537 E.01679
G1 X21.178 Y31.675 E2.31376
G1 X21.029 Y32.06 E.01231
G1 X76.069 Y87.1 E2.32123
G1 X76.158 Y87.723 E.01877
G1 X20.842 Y32.407 E2.33287
G1 X20.605 Y32.703 E.01133
G1 X76.255 Y88.353 E2.34697
G1 X76.351 Y88.984 E.01902
G1 X20.32 Y32.952 E2.36306
G1 X20.077 Y33.137 E.0091
G1 X20.003 Y33.169 E.00241
G1 X76.448 Y89.614 E2.38051
G1 X76.545 Y90.245 E.01902
G1 X19.63 Y33.33 E2.40031
G1 X19.394 Y33.396 E.0073
G1 X19.187 Y33.421 E.00623
G1 X76.688 Y90.922 E2.42503
G1 X76.874 Y91.642 E.02217
G1 X18.466 Y33.234 E2.46328
G1 E-.88121 F2400
;WIPE_START
G1 F7528.376
G1 X19.173 Y33.941 E-.31879
;WIPE_END
G1 F9000
G1 X19.3633 Y33.3906 Z1.03077
G1 X19.7877 Y32.9916 Z1.06154
G1 X20.3489 Y32.8356 Z1.09231
G1 X20.9183 Y32.9582 Z1.12308
G1 X21.3655 Y33.3314 Z1.15385
G1 X21.5881 Y33.8697 Z1.18462
G1 X21.535 Y34.4498 Z1.21538
G1 X21.2184 Y34.9387 Z1.24615
G1 X20.7109 Y35.2245 Z1.27692
G1 X20.1287 Y35.2417 Z1.30769
G1 X19.6051 Y34.9864 Z1.33846
G1 X19.2602 Y34.517 Z1.36923
G1 X19.173 Y33.9411 Z1.4
G1 X19.621 Y29.05 Z1.4
G1 Z1
G1 E1.2 F1800
G1 F7528.376
G1 X14.062 Y23.491 E.23443
G1 X13.746 Y23.709 E.01145
G1 X18.789 Y28.752 E.21267
G1 X18.321 Y28.818 E.0141
G1 X13.43 Y23.927 E.20624
G1 X13.115 Y24.146 E.01144
G1 X17.933 Y28.964 E.20318
G1 X17.818 Y29.009 E.00368
G1 X17.587 Y29.152 E.0081
G1 X12.847 Y24.412 E.1999
G1 X12.579 Y24.678 E.01126
G1 X17.288 Y29.386 E.19858
G1 X17.23 Y29.432 E.00219
G1 X17.043 Y29.675 E.00916
G1 X12.311 Y24.944 E.19955
G1 X12.043 Y25.21 E.01126
G1 X16.824 Y29.991 E.20163
G1 X16.663 Y30.364 E.01212
G1 X11.812 Y25.513 E.20459
G1 X11.592 Y25.826 E.01143
G1 X16.573 Y30.807 E.21007
G1 X16.538 Y31.109 E.00906
G1 X16.569 Y31.337 E.00687
G1 X11.372 Y26.14 E.2192
G1 X11.152 Y26.454 E.01143
G1 X77.06 Y92.362 E2.77959
G1 X77.246 Y93.082 E.02217
G1 X10.962 Y26.798 E2.79544
G1 X10.793 Y27.162 E.01199
G1 X56.713 Y73.082 E1.93662
G1 X53.998 Y70.902 E.10384
G1 X10.623 Y27.527 E1.82928
G1 X10.454 Y27.891 E.01199
G1 X51.283 Y68.721 E1.72194
G1 X48.569 Y66.54 E.10384
G1 X10.32 Y28.292 E1.61308
G1 X10.209 Y28.714 E.01303
G1 X45.854 Y64.36 E1.5033
G1 X43.14 Y62.179 E.10384
G1 X10.098 Y29.137 E1.39351
G1 X9.986 Y29.559 E.01303
G1 X40.425 Y59.998 E1.28373
G1 X37.711 Y57.818 E.10384
G1 X9.943 Y30.05 E1.17105
G1 X9.903 Y30.544 E.01478
G1 X34.996 Y55.637 E1.05825
G1 X32.282 Y53.456 E.10384
G1 X9.864 Y31.038 E.94545
G1 X9.853 Y31.172 E.00399
G1 X9.895 Y31.603 E.01293
G1 X29.567 Y51.276 E.82966
G1 X26.852 Y49.095 E.10384
G1 X9.952 Y32.194 E.71276
G1 X10.015 Y32.791 E.01789
G1 X24.138 Y46.914 E.59563
G1 X21.423 Y44.734 E.10384
G1 X10.223 Y33.533 E.47236
G1 X10.432 Y34.276 E.023
G1 X18.709 Y42.553 E.34908
G1 X15.994 Y40.372 E.10384
G1 X10.922 Y35.3 E.21393
G1 X11.137 Y35.745 E.01476
G1 X11.945 Y36.857 E.04099
G1 X14.386 Y39.298 E.10296
G1 X59.836 Y76.205 F9000
G1 F7528.376
G1 X77.432 Y93.802 E.7421
G1 X77.727 Y94.631 E.02624
G1 X59.938 Y76.842 E.75021
G1 X59.887 Y77.324 E.01446
G1 X78.032 Y95.47 E.76526
G1 X78.337 Y96.309 E.02663
G1 X59.835 Y77.806 E.78031
G1 X59.783 Y78.289 E.01446
G1 X78.686 Y97.192 E.7972
G1 X79.184 Y98.223 E.03416
G1 X59.732 Y78.771 E.82037
G1 X59.68 Y79.253 E.01446
G1 X79.681 Y99.255 E.84353
G1 X80.002 Y99.918 E.02198
G1 X80.296 Y100.403 E.01689
G1 X59.628 Y79.736 E.8716
G1 X59.577 Y80.218 E.01446
G1 X81.119 Y101.76 E.90853
G1 X81.779 Y102.847 E.0379
G1 X82.106 Y103.281 E.01621
G1 X59.56 Y80.734 E.95087
G1 X59.545 Y81.253 E.01548
G1 X125.584 Y147.293 E2.78513
G1 X125.513 Y147.755 E.01395
G1 X59.53 Y81.772 E2.78275
G1 X59.515 Y82.291 E.01548
G1 X125.441 Y148.218 E2.78037
G1 X125.37 Y148.68 E.01395
G1 X59.5 Y82.81 E2.77799
G1 X59.485 Y83.329 E.01548
G1 X125.298 Y149.143 E2.7756
G1 X125.227 Y149.605 E.01395
G1 X59.47 Y83.848 E2.77322
G1 X59.466 Y84.378 E.0158
G1 X125.155 Y150.067 E2.77038
G1 X125.084 Y150.53 E.01395
G1 X59.494 Y84.94 E2.76618
G1 X59.522 Y85.502 E.01678
G1 X125.012 Y150.992 E2.76198
G1 X124.941 Y151.455 E.01395
G1 X59.55 Y86.064 E2.75777
G1 X59.578 Y86.626 E.01678
G1 X124.869 Y151.917 E2.75357
G1 X124.798 Y152.379 E.01395
G1 X59.606 Y87.188 E2.74937
G1 X59.634 Y87.75 E.01678
G1 X124.726 Y152.842 E2.74517
G1 X124.655 Y153.304 E.01395
G1 X59.671 Y88.32 E2.74061
G1 X59.751 Y88.934 E.01845
G1 X124.583 Y153.767 E2.73424
G1 X124.512 Y154.229 E.01395
G1 X59.83 Y89.547 E2.72787
G1 X59.91 Y90.161 E.01845
G1 X124.441 Y154.692 E2.7215
G1 X124.369 Y155.154 E.01395
G1 X59.989 Y90.774 E2.71513
G1 X60.069 Y91.388 E.01845
G1 X124.298 Y155.616 E2.70876
G1 X124.226 Y156.079 E.01395
G1 X60.149 Y92.001 E2.70239
G1 X60.274 Y92.66 E.02
G1 X124.155 Y156.541 E2.6941
G1 X124.083 Y157.004 E.01395
G1 X60.416 Y93.337 E2.68507
G1 X60.559 Y94.013 E.02062
G1 X124.012 Y157.466 E2.67603
G1 X123.94 Y157.928 E.01395
G1 X60.702 Y94.69 E2.667
G1 X60.844 Y95.367 E.02062
G1 X123.869 Y158.391 E2.65797
G1 X123.797 Y158.853 E.01395
G1 X60.987 Y96.043 E2.64893
G1 X61.207 Y96.797 E.0234
G1 X123.726 Y159.316 E2.63666
G1 X123.654 Y159.778 E.01395
G1 X61.43 Y97.554 E2.62423
G1 X61.653 Y98.311 E.02354
G1 X123.583 Y160.241 E2.61179
G1 X123.511 Y160.703 E.01395
G1 X61.877 Y99.068 E2.59936
G1 X62.1 Y99.826 E.02354
G1 X123.44 Y161.165 E2.58692
G1 X123.368 Y161.628 E.01395
G1 X62.421 Y100.68 E2.57038
G1 X62.752 Y101.545 E.02763
G1 X123.297 Y162.09 E2.55339
G1 X123.225 Y162.553 E.01395
G1 X63.084 Y102.411 E2.5364
G1 X63.415 Y103.276 E.02763
G1 X90.392 Y130.253 E1.13771
G1 X89.434 Y129.829 E.03122
G1 X63.839 Y104.234 E1.07946
G1 X64.325 Y105.253 E.03369
G1 X88.477 Y129.406 E1.01859
G1 X87.776 Y129.096 E.02284
G1 X87.463 Y128.926 E.01062
G1 X64.81 Y106.273 E.95535
G1 X65.313 Y107.309 E.03433
G1 X86.296 Y128.293 E.88496
G1 X85.129 Y127.66 E.03959
G1 X66.042 Y108.573 E.80499
G1 X66.771 Y109.836 E.0435
G1 X83.911 Y126.976 E.72285
G1 X82.399 Y125.997 E.05371
G1 X67.649 Y111.248 E.62204
G1 X68.826 Y112.958 E.06191
G1 X80.872 Y125.004 E.50804
G1 X78.607 Y123.273 E.08501
G1 X69.342 Y114.009 E.39073
G1 X91.847 Y131.708 F9000
G1 F7528.376
G1 X123.154 Y163.015 E1.32033
G1 X123.082 Y163.477 E.01395
G1 X92.147 Y132.542 E1.30465
G1 X92.245 Y133.174 E.01905
G1 X123.011 Y163.94 E1.29752
G1 X122.94 Y164.402 E.01395
G1 X92.342 Y133.805 E1.2904
G1 X92.44 Y134.436 E.01905
G1 X122.868 Y164.865 E1.28327
G1 X122.797 Y165.327 E.01395
G1 X92.537 Y135.068 E1.27615
G1 X92.635 Y135.699 E.01905
G1 X122.725 Y165.79 E1.26902
G1 X122.654 Y166.252 E.01395
G1 X92.732 Y136.33 E1.2619
G1 X92.83 Y136.962 E.01905
G1 X122.582 Y166.714 E1.25477
G1 X122.511 Y167.177 E.01395
G1 X92.927 Y137.593 E1.24765
G1 X93.025 Y138.225 E.01905
G1 X122.439 Y167.639 E1.24052
G1 X122.368 Y168.102 E.01395
G1 X93.122 Y138.856 E1.2334
G1 X93.219 Y139.487 E.01905
G1 X122.296 Y168.564 E1.22627
G1 X122.225 Y169.026 E.01395
G1 X93.317 Y140.119 E1.21915
G1 X93.414 Y140.75 E.01905
G1 X122.153 Y169.489 E1.21202
G1 X122.082 Y169.951 E.01395
G1 X93.512 Y141.381 E1.2049
G1 X93.609 Y142.013 E.01905
G1 X122.01 Y170.414 E1.19777
G1 X121.939 Y170.876 E.01395
G1 X93.707 Y142.644 E1.19065
G1 X93.804 Y143.275 E.01905
G1 X121.867 Y171.338 E1.18352
G1 X121.796 Y171.801 E.01395
G1 X93.902 Y143.907 E1.1764
G1 X93.999 Y144.538 E.01905
G1 X121.724 Y172.263 E1.16927
G1 X121.653 Y172.726 E.01395
G1 X94.097 Y145.169 E1.16215
G1 X94.194 Y145.801 E.01905
G1 X121.581 Y173.188 E1.15502
G1 X121.51 Y173.651 E.01395
G1 X94.292 Y146.432 E1.1479
G1 X94.389 Y147.064 E.01905
G1 X121.438 Y174.113 E1.14077
G1 X121.367 Y174.575 E.01395
G1 X94.487 Y147.695 E1.13365
G1 X94.584 Y148.326 E.01905
G1 X121.296 Y175.038 E1.12652
G1 X121.224 Y175.5 E.01395
G1 X94.681 Y148.958 E1.1194
G1 X94.779 Y149.589 E.01905
G1 X121.153 Y175.963 E1.11227
G1 X121.081 Y176.425 E.01395
G1 X94.876 Y150.22 E1.10515
G1 X94.974 Y150.852 E.01905
G1 X121.01 Y176.887 E1.09802
G1 X120.938 Y177.35 E.01395
G1 X95.071 Y151.483 E1.0909
G1 X95.169 Y152.114 E.01905
G1 X120.867 Y177.812 E1.08377
G1 X120.795 Y178.275 E.01395
G1 X95.266 Y152.746 E1.07665
G1 X95.364 Y153.377 E.01905
G1 X120.724 Y178.737 E1.06952
G1 X120.652 Y179.2 E.01395
G1 X95.461 Y154.008 E1.0624
G1 X95.559 Y154.64 E.01905
G1 X120.581 Y179.662 E1.05527
G1 X120.509 Y180.124 E.01395
G1 X95.656 Y155.271 E1.04815
G1 X95.754 Y155.903 E.01905
G1 X120.438 Y180.587 E1.04102
G1 X120.366 Y181.049 E.01395
G1 X95.851 Y156.534 E1.0339
G1 X95.949 Y157.165 E.01905
G1 X120.295 Y181.512 E1.02677
G1 X120.223 Y181.974 E.01395
G1 X96.046 Y157.797 E1.01965
G1 X96.143 Y158.428 E.01905
G1 X120.152 Y182.436 E1.01252
G1 X120.08 Y182.899 E.01395
G1 X96.241 Y159.059 E1.0054
G1 X96.338 Y159.691 E.01905
G1 X120.009 Y183.361 E.99827
G1 X119.937 Y183.824 E.01395
G1 X96.436 Y160.322 E.99115
G1 X96.533 Y160.953 E.01905
G1 X119.866 Y184.286 E.98402
G1 X119.794 Y184.749 E.01395
G1 X96.631 Y161.585 E.9769
G1 X96.728 Y162.216 E.01905
G1 X119.723 Y185.211 E.96977
G1 X119.652 Y185.673 E.01395
G1 X96.826 Y162.847 E.96265
G1 X96.923 Y163.479 E.01905
G1 X119.58 Y186.136 E.95552
G1 X119.509 Y186.598 E.01395
G1 X97.021 Y164.11 E.9484
G1 X97.118 Y164.742 E.01905
G1 X119.437 Y187.061 E.94127
G1 X119.366 Y187.523 E.01395
G1 X97.216 Y165.373 E.93415
G1 X97.313 Y166.004 E.01905
G1 X119.294 Y187.985 E.92702
G1 X119.223 Y188.448 E.01395
G1 X97.41 Y166.636 E.9199
G1 X97.508 Y167.267 E.01905
G1 X119.151 Y188.91 E.91277
G1 X119.08 Y189.373 E.01395
G1 X97.605 Y167.898 E.90565
G1 X97.703 Y168.53 E.01905
G1 X119.008 Y189.835 E.89852
G1 X118.932 Y190.293 E.01384
G1 X97.8 Y169.161 E.89121
G1 X97.898 Y169.792 E.01905
G1 X118.827 Y190.721 E.88265
G1 X118.721 Y191.15 E.01315
G1 X97.995 Y170.424 E.87408
G1 X98.093 Y171.055 E.01905
G1 X118.615 Y191.578 E.86552
G1 X118.553 Y191.832 E.00782
G1 X118.486 Y191.982 E.00489
G1 X98.19 Y171.687 E.85595
G1 X98.288 Y172.318 E.01905
G1 X118.321 Y192.352 E.8449
G1 X118.157 Y192.721 E.01206
G1 X98.385 Y172.949 E.83385
G1 X98.483 Y173.581 E.01905
G1 X117.992 Y193.09 E.8228
G1 X117.902 Y193.294 E.00665
G1 X117.805 Y193.437 E.00514
G1 X98.58 Y174.212 E.81078
G1 X98.678 Y174.843 E.01905
G1 X110.429 Y186.595 E.4956
G1 X109.949 Y186.545 E.0144
G1 X109.858 Y186.557 E.00274
G1 X98.775 Y175.475 E.46739
G1 X98.872 Y176.106 E.01905
G1 X109.394 Y186.628 E.44375
G1 X109.009 Y186.776 E.01232
G1 X98.97 Y176.737 E.42339
G1 X99.067 Y177.369 E.01905
G1 X108.668 Y186.97 E.40491
G1 X108.37 Y187.205 E.01134
G1 X99.165 Y178 E.38821
G1 X99.262 Y178.631 E.01905
G1 X108.13 Y187.499 E.37399
G1 X107.961 Y187.718 E.00825
G1 X107.917 Y187.82 E.00331
G1 X99.36 Y179.263 E.36091
G1 X99.457 Y179.894 E.01905
G1 X107.758 Y188.195 E.35006
G1 X107.703 Y188.399 E.00629
G1 X107.671 Y188.642 E.00732
G1 X99.555 Y180.526 E.3423
G1 X99.652 Y181.157 E.01905
G1 X107.876 Y189.38 E.34682
G1 E-.88121 F2400
;WIPE_START
G1 F7528.376
G1 X107.169 Y188.673 E-.31879
;WIPE_END
G1 F9000
G1 X107.744 Y188.763 Z1.03077
G1 X108.212 Y189.11 Z1.06154
G1 X108.465 Y189.635 Z1.09231
G1 X108.445 Y190.217 Z1.12308
G1 X108.157 Y190.723 Z1.15385
G1 X107.667 Y191.038 Z1.18462
G1 X107.086 Y191.088 Z1.21538
G1 X106.549 Y190.863 Z1.24615
G1 X106.178 Y190.414 Z1.27692
G1 X106.058 Y189.844 Z1.30769
G1 X106.216 Y189.284 Z1.33846
G1 X106.617 Y188.861 Z1.36923
G1 X107.169 Y188.673 Z1.4
G1 X112.08 Y188.246 Z1.4
G1 Z1
G1 E1.2 F1800
G1 F7528.376
G1 X117.589 Y193.755 E.23233
G1 X117.373 Y194.073 E.01146
G1 X112.344 Y189.043 E.21211
G1 X112.271 Y189.504 E.01392
G1 X117.157 Y194.391 E.20608
G1 X117.003 Y194.618 E.00819
G1 X116.928 Y194.695 E.00322
G1 X112.121 Y189.888 E.20274
G1 X112.07 Y190.007 E.00385
G1 X111.918 Y190.219 E.00778
G1 X116.664 Y194.966 E.20019
G1 X116.401 Y195.236 E.01126
G1 X111.694 Y190.529 E.19848
G1 X111.403 Y190.772 E.01131
G1 X116.137 Y195.506 E.19965
G1 X115.871 Y195.774 E.01126
G1 X111.083 Y190.986 E.20193
G1 X110.702 Y191.139 E.01224
G1 X115.559 Y195.996 E.20486
G1 X115.248 Y196.219 E.01141
G1 X110.251 Y191.222 E.21072
G1 X110 Y191.255 E.00756
G1 X109.713 Y191.217 E.00864
G1 X114.936 Y196.441 E.2203
G1 X114.625 Y196.664 E.01141
G1 X99.75 Y181.788 E.62735
G1 X99.847 Y182.42 E.01905
G1 X114.27 Y196.842 E.60825
G1 X113.908 Y197.014 E.01195
G1 X99.945 Y183.051 E.58887
G1 X100.042 Y183.682 E.01905
G1 X113.545 Y197.186 E.56949
G1 X113.183 Y197.358 E.01195
G1 X100.139 Y184.314 E.55011
G1 X100.237 Y184.945 E.01905
G1 X112.771 Y197.479 E.5286
G1 X112.351 Y197.593 E.01297
G1 X100.334 Y185.576 E.5068
G1 X100.432 Y186.208 E.01905
G1 X111.932 Y197.707 E.48499
G1 X111.594 Y197.799 E.01044
G1 X111.498 Y197.808 E.00286
G1 X100.529 Y186.839 E.4626
G1 X100.627 Y187.47 E.01905
G1 X111.008 Y197.852 E.43781
G1 X110.518 Y197.895 E.01468
G1 X100.724 Y188.102 E.41302
G1 X100.822 Y188.733 E.01905
G1 X110.027 Y197.939 E.38823
G1 X109.447 Y197.892 E.01737
G1 X100.919 Y189.365 E.35963
G1 X101.017 Y189.996 E.01905
G1 X108.861 Y197.84 E.33081
G1 X108.406 Y197.799 E.01361
G1 X108.242 Y197.755 E.00509
G1 X101.162 Y190.675 E.29858
G1 X101.337 Y191.384 E.02177
G1 X107.508 Y197.555 E.26027
G1 X106.862 Y197.379 E.01996
G1 X106.741 Y197.321 E.00402
G1 X101.604 Y192.185 E.21661
G1 X102.033 Y193.148 E.03142
G1 X105.725 Y196.839 E.15569
G1 X105.417 Y196.693 E.01017
G1 X104.115 Y195.763 E.0477
G1 X102.416 Y194.065 E.07165
; stop printing object 본체3 id:257835021507036052 copy 0
;LAYER_CHANGE
;Z:1.2
;HEIGHT:0.2
;BEFORE_LAYER_CHANGE
;1.2
G92 E0

G1 E-.88121 F2400
;WIPE_START
G1 F7528.376
G1 X103.123 Y194.772 E-.31879
;WIPE_END
;_SET_FAN_SPEED_CHANGING_LAYER
; printing object 본체3 id:257835021507036052 copy 0
G1 F9000
G1 X103.462 Y194.298 Z1.23077
G1 X103.982 Y194.036 Z1.26154
G1 X104.565 Y194.046 Z1.29231
G1 X105.076 Y194.325 Z1.32308
G1 X105.399 Y194.81 Z1.35385
G1 X105.459 Y195.389 Z1.38462
G1 X105.243 Y195.93 Z1.41538
G1 X104.801 Y196.309 Z1.44615
G1 X104.233 Y196.439 Z1.47692
G1 X103.67 Y196.29 Z1.50769
G1 X103.241 Y195.897 Z1.53846
G1 X103.043 Y195.349 Z1.56923
G1 X103.123 Y194.772 Z1.6
G1 X128.394 Y131.369 Z1.6
G1 Z1.2
G1 E1.2 F1800
M204 P2000
;TYPE:Inner wall
;WIDTH:0.449999
G1 F5400
G1 X128.355 Y131.461 E.00322
G1 X119.271 Y190.303 E1.91454
G1 X118.867 Y191.94 E.05424
G1 X118.192 Y193.456 E.05335
G1 X117.261 Y194.828 E.05335
G1 X116.102 Y196.015 E.05335
G1 X114.752 Y196.98 E.05335
G1 X113.253 Y197.691 E.05335
G1 X111.652 Y198.127 E.05335
G1 X110 Y198.273 E.05335
G1 X108.348 Y198.127 E.05335
G1 X106.747 Y197.691 E.05335
G1 X105.248 Y196.98 E.05335
G1 X103.898 Y196.015 E.05335
G1 X102.739 Y194.828 E.05335
G1 X101.808 Y193.456 E.05335
G1 X101.133 Y191.94 E.05335
G1 X100.729 Y190.303 E.05424
G1 X91.64 Y131.428 E1.91562
G1 X91.515 Y131.175 E.00909
G1 X91.306 Y131.019 E.00837
G1 X87.638 Y129.397 E.12899
G1 X83.944 Y127.391 E.13515
G1 X80.73 Y125.312 E.1231
G1 X77.539 Y122.874 E.12913
G1 X74.551 Y120.192 E.12912
G1 X71.783 Y117.283 E.12912
G1 X69.254 Y114.164 E.12912
G1 X66.978 Y110.856 E.12912
G1 X64.971 Y107.379 E.12912
G1 X63.243 Y103.754 E.12912
G1 X61.808 Y100.004 E.12912
G1 X60.672 Y96.153 E.12912
G1 X59.843 Y92.224 E.12912
G1 X59.327 Y88.242 E.12912
G1 X59.127 Y84.232 E.12912
G1 X59.244 Y80.218 E.12912
G1 X59.674 Y76.229 E.12902
G1 X59.636 Y75.952 E.00898
G1 X59.462 Y75.716 E.00942
G1 X13.043 Y38.427 E1.91464
G1 X11.827 Y37.258 E.05424
G1 X10.852 Y35.916 E.05335
G1 X10.129 Y34.423 E.05335
G1 X9.68 Y32.826 E.05334
G1 X9.52 Y31.174 E.05335
G1 X9.654 Y29.521 E.05334
G1 X10.077 Y27.917 E.05335
G1 X10.776 Y26.412 E.05335
G1 X11.729 Y25.055 E.05335
G1 X12.907 Y23.886 E.05334
G1 X14.272 Y22.944 E.05335
G1 X15.782 Y22.257 E.05335
G1 X17.39 Y21.847 E.05334
G1 X19.044 Y21.727 E.05335
G1 X20.694 Y21.9 E.05335
G1 X22.314 Y22.369 E.05424
G1 X77.842 Y43.934 E1.9155
G1 X78.117 Y43.955 E.00887
G1 X78.367 Y43.851 E.00871
G1 X81.607 Y41.484 E.12902
G1 X85.025 Y39.376 E.12912
G1 X88.598 Y37.544 E.12912
G1 X92.304 Y36 E.12912
G1 X96.121 Y34.753 E.12912
G1 X100.024 Y33.811 E.12912
G1 X103.99 Y33.18 E.12912
G1 X107.992 Y32.863 E.12912
G1 X112.008 Y32.863 E.12912
G1 X116.01 Y33.18 E.12912
G1 X119.976 Y33.811 E.12912
G1 X123.879 Y34.753 E.12912
G1 X127.696 Y36 E.12912
G1 X131.402 Y37.544 E.12912
G1 X134.81 Y39.288 E.1231
G1 X138.394 Y41.484 E.13515
G1 X141.633 Y43.851 E.12899
G1 X141.901 Y43.958 E.00928
G1 X142.186 Y43.923 E.00922
G1 X197.686 Y22.369 E1.91454
G1 X199.306 Y21.9 E.05424
G1 X200.956 Y21.727 E.05335
G1 X202.61 Y21.847 E.05335
G1 X204.218 Y22.257 E.05334
G1 X205.728 Y22.944 E.05335
G1 X207.093 Y23.886 E.05335
G1 X208.271 Y25.055 E.05334
G1 X209.224 Y26.412 E.05335
G1 X209.923 Y27.917 E.05335
G1 X210.346 Y29.521 E.05335
G1 X210.48 Y31.174 E.05334
G1 X210.32 Y32.826 E.05335
G1 X209.871 Y34.423 E.05334
G1 X209.148 Y35.916 E.05335
G1 X208.173 Y37.258 E.05335
G1 X206.957 Y38.427 E.05424
G1 X160.518 Y75.731 E1.91543
G1 X160.364 Y75.953 E.00869
G1 X160.326 Y76.229 E.00895
G1 X160.756 Y80.218 E.12902
G1 X160.873 Y84.232 E.12912
G1 X160.673 Y88.242 E.12912
G1 X160.157 Y92.224 E.12912
G1 X159.328 Y96.153 E.12912
G1 X158.192 Y100.004 E.12912
G1 X156.757 Y103.754 E.12912
G1 X155.029 Y107.379 E.12912
G1 X153.022 Y110.856 E.12912
G1 X150.746 Y114.164 E.12912
G1 X148.217 Y117.283 E.12912
G1 X145.449 Y120.192 E.12912
G1 X142.461 Y122.874 E.12912
G1 X139.27 Y125.312 E.12913
G1 X136.056 Y127.391 E.1231
G1 X132.362 Y129.397 E.13515
G1 X128.694 Y131.019 E.12899
G1 X128.468 Y131.196 E.00923
G1 X128.41 Y131.332 E.00477
M204 T1000
G1 X128.763 Y131.524 F9000
M204 P1000
;TYPE:Outer wall
;WIDTH:0.419999
G1 F3600
G1 X119.677 Y190.384 E1.77399
G1 X119.26 Y192.075 E.05188
G1 X118.555 Y193.657 E.0516
G1 X117.582 Y195.091 E.0516
G1 X116.372 Y196.331 E.0516
G1 X114.962 Y197.338 E.0516
G1 X113.397 Y198.08 E.0516
G1 X111.726 Y198.535 E.0516
G1 X110 Y198.689 E.0516
G1 X108.274 Y198.535 E.0516
G1 X106.603 Y198.08 E.0516
G1 X105.038 Y197.338 E.0516
G1 X103.628 Y196.331 E.0516
G1 X102.418 Y195.091 E.0516
G1 X101.445 Y193.657 E.0516
G1 X100.74 Y192.075 E.0516
G1 X100.323 Y190.384 E.05188
G1 X91.235 Y131.514 E1.7743
G1 X91.139 Y131.397 E.00451
G1 X87.455 Y129.768 E.11998
G1 X83.733 Y127.747 E.12616
G1 X80.492 Y125.65 E.11498
G1 X77.275 Y123.193 E.12058
G1 X74.262 Y120.489 E.12057
G1 X71.472 Y117.556 E.12057
G1 X68.922 Y114.412 E.12057
G1 X66.628 Y111.077 E.12058
G1 X64.604 Y107.571 E.12057
G1 X62.863 Y103.917 E.12058
G1 X61.416 Y100.137 E.12057
G1 X60.271 Y96.254 E.12057
G1 X59.435 Y92.293 E.12057
G1 X58.915 Y88.279 E.12057
G1 X58.713 Y84.236 E.12057
G1 X58.831 Y80.19 E.12058
G1 X59.264 Y76.172 E.12037
G1 X59.202 Y76.037 E.00442
G1 X12.77 Y38.738 E1.77402
G1 X11.514 Y37.531 E.05188
G1 X10.496 Y36.129 E.0516
G1 X9.741 Y34.57 E.0516
G1 X9.272 Y32.902 E.0516
G1 X9.105 Y31.178 E.0516
G1 X9.245 Y29.451 E.0516
G1 X9.686 Y27.776 E.0516
G1 X10.416 Y26.205 E.0516
G1 X11.412 Y24.787 E.0516
G1 X12.642 Y23.567 E.0516
G1 X14.068 Y22.583 E.0516
G1 X15.645 Y21.865 E.0516
G1 X17.323 Y21.437 E.0516
G1 X19.051 Y21.311 E.0516
G1 X20.774 Y21.492 E.0516
G1 X22.447 Y21.977 E.05188
G1 X77.973 Y43.541 E1.77426
G1 X78.121 Y43.518 E.00448
G1 X81.376 Y41.14 E.12007
G1 X84.821 Y39.015 E.12057
G1 X88.424 Y37.169 E.12058
G1 X92.16 Y35.612 E.12057
G1 X96.008 Y34.355 E.12057
G1 X99.943 Y33.405 E.12057
G1 X103.941 Y32.769 E.12057
G1 X107.976 Y32.449 E.12057
G1 X112.024 Y32.449 E.12057
G1 X116.059 Y32.769 E.12057
G1 X120.057 Y33.405 E.12057
G1 X123.992 Y34.355 E.12057
G1 X127.84 Y35.612 E.12057
G1 X131.576 Y37.169 E.12058
G1 X135.013 Y38.927 E.11498
G1 X138.624 Y41.141 E.12616
G1 X141.886 Y43.523 E.12032
G1 X142.033 Y43.539 E.00441
G1 X197.553 Y21.977 E1.77408
G1 X199.226 Y21.492 E.05188
G1 X200.949 Y21.311 E.0516
G1 X202.677 Y21.437 E.0516
G1 X204.355 Y21.865 E.0516
G1 X205.932 Y22.583 E.0516
G1 X207.358 Y23.567 E.0516
G1 X208.588 Y24.787 E.0516
G1 X209.584 Y26.205 E.0516
G1 X210.314 Y27.776 E.0516
G1 X210.755 Y29.451 E.0516
G1 X210.895 Y31.178 E.0516
G1 X210.728 Y32.902 E.0516
G1 X210.259 Y34.57 E.0516
G1 X209.504 Y36.129 E.0516
G1 X208.486 Y37.531 E.0516
G1 X207.23 Y38.738 E.05188
G1 X160.793 Y76.042 E1.77424
G1 X160.738 Y76.185 E.00456
G1 X161.169 Y80.19 E.11999
G1 X161.287 Y84.236 E.12058
G1 X161.085 Y88.279 E.12057
G1 X160.565 Y92.293 E.12057
G1 X159.729 Y96.254 E.12057
G1 X158.584 Y100.137 E.12057
G1 X157.137 Y103.917 E.12057
G1 X155.396 Y107.571 E.12058
G1 X153.372 Y111.077 E.12057
G1 X151.078 Y114.412 E.12058
G1 X148.528 Y117.556 E.12057
G1 X145.738 Y120.489 E.12057
G1 X142.725 Y123.193 E.12057
G1 X139.508 Y125.65 E.12058
G1 X136.267 Y127.747 E.11498
G1 X132.545 Y129.768 E.12616
G1 X128.851 Y131.401 E.12029
G1 X128.786 Y131.492 E.00332
M204 T2500
G1 E-.84 F2400
;WIPE_START
G1 F3600
G1 X128.634 Y132.48 E-.36
;WIPE_END
G1 F9000
G1 X129.07 Y132.094 Z1.23077
G1 X129.635 Y131.955 Z1.26154
G1 X130.201 Y132.094 Z1.29231
G1 X130.637 Y132.481 Z1.32308
G1 X130.843 Y133.025 Z1.35385
G1 X130.773 Y133.604 Z1.38462
G1 X130.442 Y134.083 Z1.41538
G1 X129.926 Y134.353 Z1.44615
G1 X129.343 Y134.353 Z1.47692
G1 X128.828 Y134.082 Z1.50769
G1 X128.497 Y133.603 Z1.53846
G1 X128.427 Y133.024 Z1.56923
G1 X128.634 Y132.48 Z1.6
G1 X199.389 Y30.058 Z1.6
G1 Z1.2
G1 E1.2 F1800
M204 P2000
;TYPE:Inner wall
;WIDTH:0.449999
G1 F5400
G1 X199.625 Y29.725 E.0131
G1 X200.031 Y29.389 E.01696
G1 X200.51 Y29.169 E.01696
G1 X201.03 Y29.08 E.01696
G1 X201.539 Y29.127 E.01644
G1 X202.05 Y29.313 E.01747
G1 X202.48 Y29.618 E.01696
G1 X202.816 Y30.024 E.01696
G1 X203.036 Y30.504 E.01696
G1 X203.125 Y31.024 E.01696
G1 X203.076 Y31.549 E.01696
G1 X202.892 Y32.043 E.01696
G1 X202.587 Y32.473 E.01696
G1 X202.181 Y32.81 E.01696
G1 X201.702 Y33.03 E.01696
G1 X201.182 Y33.118 E.01696
G1 X200.657 Y33.069 E.01696
G1 X200.162 Y32.886 E.01696
G1 X199.732 Y32.581 E.01696
G1 X199.395 Y32.174 E.01696
G1 X199.175 Y31.695 E.01696
G1 X199.087 Y31.175 E.01696
G1 X199.136 Y30.65 E.01696
G1 X199.32 Y30.156 E.01696
G1 X199.366 Y30.09 E.00257
M204 T1000
G1 X199.719 Y30.292 F9000
M204 P1000
;TYPE:Outer wall
;WIDTH:0.419999
G1 F3600
G1 X199.984 Y29.946 E.01296
G1 X200.32 Y29.695 E.01251
G1 X200.711 Y29.54 E.01251
G1 X201.128 Y29.49 E.01251
G1 X201.543 Y29.551 E.01251
G1 X201.929 Y29.717 E.01251
G1 X202.259 Y29.977 E.01251
G1 X202.51 Y30.314 E.01251
G1 X202.666 Y30.704 E.01251
G1 X202.715 Y31.121 E.01251
G1 X202.648 Y31.552 E.01298
G1 X202.488 Y31.923 E.01203
G1 X202.228 Y32.252 E.01251
G1 X201.891 Y32.504 E.01251
G1 X201.501 Y32.659 E.01251
G1 X201.084 Y32.708 E.01251
G1 X200.668 Y32.648 E.01251
G1 X200.283 Y32.482 E.01251
G1 X199.953 Y32.222 E.01251
G1 X199.702 Y31.885 E.01251
G1 X199.546 Y31.495 E.01251
G1 X199.497 Y31.078 E.01251
G1 X199.557 Y30.662 E.01251
G1 X199.697 Y30.325 E.01087
M204 T2500
G1 E-.84 F2400
;WIPE_START
G1 F3600
G1 X199.984 Y29.946 E-.17095
G1 X200.32 Y29.695 E-.15122
G1 X200.418 Y29.656 E-.03784
;WIPE_END
G1 F9000
G1 X199.899 Y29.9211 Z1.23077
G1 X199.317 Y29.9145 Z1.26154
G1 X198.804 Y29.6381 Z1.29231
G1 X198.479 Y29.155 Z1.32308
G1 X198.415 Y28.5761 Z1.35385
G1 X198.627 Y28.0338 Z1.38462
G1 X199.068 Y27.6524 Z1.41538
G1 X199.635 Y27.5194 Z1.44615
G1 X200.199 Y27.6651 Z1.47692
G1 X200.63 Y28.0562 Z1.50769
G1 X200.831 Y28.6031 Z1.53846
G1 X200.754 Y29.1805 Z1.56923
G1 X200.418 Y29.6562 Z1.6
G1 X100.76 Y115.971 Z1.6
G1 Z1.2
G1 E1.2 F1800
M204 P2000
;TYPE:Inner wall
;WIDTH:0.449999
G1 F5400
G1 X97.731 Y114.956 E.10274
G1 X95.019 Y113.733 E.09568
G1 X94.454 Y113.448 E.02033
G1 X91.879 Y111.962 E.09562
G1 X89.114 Y109.986 E.10928
G1 X86.562 Y107.739 E.10933
G1 X84.251 Y105.245 E.10933
G1 X82.222 Y102.553 E.10838
G1 X80.663 Y100.006 E.09605
G1 X80.431 Y99.594 E.01519
G1 X79.058 Y96.742 E.10179
G1 X77.916 Y93.604 E.1074
G1 X77.121 Y90.482 E.10359
G1 X76.598 Y87.095 E.11019
G1 X76.426 Y83.699 E.10933
G1 X76.598 Y80.304 E.10933
G1 X77.109 Y76.972 E.10838
G1 X77.844 Y74.077 E.09605
G1 X78.227 Y72.939 E.03862
G1 X79.058 Y70.657 E.0781
G1 X80.433 Y67.802 E.10189
G1 X80.719 Y67.301 E.01854
G1 X82.205 Y64.868 E.09168
G1 X84.233 Y62.178 E.10834
G1 X84.839 Y61.52 E.02875
G1 X86.542 Y59.682 E.08058
G1 X89.114 Y57.413 E.11028
G1 X91.891 Y55.43 E.10973
G1 X94.687 Y53.816 E.10381
G1 X97.527 Y52.534 E.10021
G1 X98.074 Y52.327 E.01881
G1 X100.769 Y51.422 E.09141
G1 X104.108 Y50.649 E.11021
G1 X107.451 Y50.222 E.10838
G1 X110.85 Y50.136 E.10934
G1 X114.24 Y50.394 E.10933
G1 X117.585 Y50.995 E.10928
G1 X120.434 Y51.796 E.09514
G1 X121.516 Y52.191 E.03704
G1 X123.808 Y53.091 E.0792
G1 X126.667 Y54.557 E.10329
G1 X129.528 Y56.39 E.10927
G1 X132.168 Y58.486 E.10838
G1 X134.604 Y60.857 E.10933
G1 X136.807 Y63.486 E.11028
G1 X138.712 Y66.3 E.10928
G1 X140.255 Y69.134 E.10377
G1 X141.471 Y72.019 E.10069
G1 X141.845 Y73.161 E.03863
G1 X142.493 Y75.262 E.07068
G1 X143.187 Y78.617 E.11017
G1 X143.531 Y82.029 E.11028
G1 X143.531 Y85.399 E.10839
G1 X143.187 Y88.782 E.10933
G1 X142.501 Y92.11 E.10928
G1 X141.71 Y94.675 E.08631
G1 X141.479 Y95.361 E.02326
G1 X140.333 Y98.079 E.09487
G1 X139.746 Y99.2 E.04067
G1 X138.712 Y101.099 E.06955
G1 X136.807 Y103.913 E.10928
G1 X134.625 Y106.521 E.10933
G1 X132.212 Y108.874 E.10839
G1 X129.528 Y111.009 E.11028
G1 X126.642 Y112.855 E.11016
G1 X123.808 Y114.307 E.10239
G1 X120.879 Y115.457 E.10118
G1 X119.728 Y115.801 E.03863
G1 X117.612 Y116.396 E.07068
G1 X114.241 Y117.004 E.11018
G1 X110.85 Y117.263 E.10933
G1 X107.451 Y117.177 E.10933
G1 X104.108 Y116.75 E.10838
G1 X100.798 Y115.984 E.10923
M204 T1000
G1 X100.89 Y115.581 F9000
M204 P1000
;TYPE:Outer wall
;WIDTH:0.419999
G1 F1440
M106 S229
G1 X100.89 Y115.58 E.00003
G1 X97.882 Y114.571 E.0945
G1 X95.189 Y113.356 E.088
G1 X94.652 Y113.085 E.01792
G1 X92.103 Y111.613 E.08768
G1 X89.371 Y109.661 E.10001
G1 X86.851 Y107.442 E.10002
G1 X84.569 Y104.979 E.10001
G1 X82.553 Y102.304 E.09977
G1 X80.871 Y99.553 E.09605
G1 F1620
G1 X79.439 Y96.581 E.09827
G1 X78.311 Y93.481 E.09826
G1 F1440
G1 X77.521 Y90.38 E.09532
G1 X77.01 Y87.053 E.10026
G1 X76.84 Y83.699 E.10003
G1 X77.01 Y80.346 E.1
G1 X77.518 Y77.035 E.09978
G1 X78.245 Y74.176 E.08787
G1 X78.616 Y73.08 E.03447
G1 X79.439 Y70.818 E.0717
G1 X80.805 Y67.981 E.09379
G1 X81.072 Y67.517 E.01595
G1 X82.548 Y65.101 E.08433
G1 X84.563 Y62.426 E.09976
G1 X85.142 Y61.801 E.02538
G1 X86.845 Y59.963 E.07464
G1 X89.371 Y57.737 E.10029
G1 X92.11 Y55.781 E.10025
G1 X94.876 Y54.185 E.09512
G1 X97.697 Y52.911 E.0922
G1 X98.206 Y52.719 E.0162
G1 X100.882 Y51.82 E.08409
G1 X104.16 Y51.059 E.10024
G1 X107.483 Y50.635 E.09978
G1 X110.84 Y50.55 E.10003
G1 X114.188 Y50.805 E.10001
G1 X117.493 Y51.398 E.10002
G1 X120.322 Y52.194 E.08754
G1 X121.365 Y52.576 E.03309
G1 X123.638 Y53.469 E.07274
G1 X126.46 Y54.916 E.09446
G1 X129.287 Y56.726 E.09999
G1 X131.91 Y58.81 E.09979
G1 X134.315 Y61.153 E.10001
G1 X136.476 Y63.735 E.10029
G1 X138.358 Y66.515 E.1
G1 X139.882 Y69.314 E.09493
G1 X141.09 Y72.18 E.09264
G1 X141.45 Y73.283 E.03456
G1 X142.098 Y75.383 E.06546
G1 X142.777 Y78.68 E.10027
G1 X143.118 Y82.029 E.10027
G1 X143.118 Y85.378 E.09976
G1 X142.777 Y88.719 E.10003
G1 X142.1 Y92.008 E.10002
G1 X141.315 Y94.553 E.07933
G1 X141.093 Y95.213 E.02074
G1 X139.952 Y97.919 E.08747
G1 X138.358 Y100.884 E.10027
G1 X136.476 Y103.664 E.1
G1 X134.322 Y106.24 E.10002
G1 X131.923 Y108.578 E.09978
G1 X129.287 Y110.672 E.10028
G1 X126.453 Y112.487 E.10024
G1 X123.638 Y113.93 E.09422
G1 X120.728 Y115.072 E.09311
G1 X117.5 Y115.998 E.10003
G1 X114.188 Y116.594 E.10024
G1 X110.84 Y116.849 E.10001
G1 X107.483 Y116.764 E.10003
G1 X104.16 Y116.34 E.09978
G1 X100.929 Y115.59 E.0988
M204 T2500
G1 E-.84 F2400
;WIPE_START
G1 F1440
G1 X100.89 Y115.58 E-.01477
G1 X99.98 Y115.275 E-.34523
;WIPE_END
G1 F9000
G1 X99.6798 Y114.776 Z1.23077
G1 X99.6455 Y114.195 Z1.26154
G1 X99.8854 Y113.664 Z1.29231
G1 X100.344 Y113.306 Z1.32308
G1 X100.918 Y113.201 Z1.35385
G1 X101.473 Y113.376 Z1.38462
G1 X101.885 Y113.788 Z1.41538
G1 X102.057 Y114.344 Z1.44615
G1 X101.951 Y114.917 Z1.47692
G1 X101.591 Y115.375 Z1.50769
G1 X101.06 Y115.613 Z1.53846
G1 X100.478 Y115.577 Z1.56923
G1 X99.9804 Y115.275 Z1.6
G1 X17.448 Y32.494 Z1.6
G1 Z1.2
G1 E1.2 F1800
M204 P2000
;TYPE:Inner wall
;WIDTH:0.449999
G1 F5400
M106 S102
G1 X17.184 Y32.174 E.01335
G1 X16.97 Y31.71 E.01644
G1 X16.875 Y31.175 E.01747
G1 X16.924 Y30.65 E.01696
G1 X17.108 Y30.156 E.01696
G1 X17.413 Y29.725 E.01696
G1 X17.819 Y29.389 E.01696
G1 X18.298 Y29.169 E.01696
G1 X18.818 Y29.08 E.01696
G1 X19.343 Y29.13 E.01696
G1 X19.838 Y29.313 E.01696
G1 X20.268 Y29.618 E.01696
G1 X20.605 Y30.024 E.01696
G1 X20.825 Y30.504 E.01696
G1 X20.913 Y31.024 E.01696
G1 X20.864 Y31.549 E.01696
G1 X20.68 Y32.043 E.01696
G1 X20.375 Y32.473 E.01696
G1 X19.969 Y32.81 E.01696
G1 X19.49 Y33.03 E.01696
G1 X18.97 Y33.118 E.01696
G1 X18.445 Y33.069 E.01696
G1 X17.95 Y32.886 E.01696
G1 X17.52 Y32.581 E.01696
G1 X17.474 Y32.525 E.00233
M204 T1000
G1 X17.759 Y32.236 F9000
M204 P1000
;TYPE:Outer wall
;WIDTH:0.419999
G1 F3600
G1 X17.49 Y31.885 E.01319
G1 X17.334 Y31.495 E.01251
G1 X17.285 Y31.078 E.01251
G1 X17.346 Y30.662 E.01251
G1 X17.512 Y30.276 E.01251
G1 X17.772 Y29.946 E.01251
G1 X18.109 Y29.695 E.01251
G1 X18.515 Y29.537 E.01298
G1 X18.916 Y29.49 E.01203
G1 X19.332 Y29.551 E.01251
G1 X19.717 Y29.717 E.01251
G1 X20.047 Y29.977 E.01251
G1 X20.298 Y30.314 E.01251
G1 X20.454 Y30.704 E.01251
G1 X20.503 Y31.121 E.01251
G1 X20.443 Y31.537 E.01251
G1 X20.277 Y31.923 E.01251
G1 X20.016 Y32.252 E.01251
G1 X19.68 Y32.504 E.01251
G1 X19.289 Y32.659 E.01251
G1 X18.872 Y32.708 E.01251
G1 X18.457 Y32.648 E.01251
G1 X18.071 Y32.482 E.01251
G1 X17.787 Y32.264 E.01064
M204 T2500
G1 E-.84 F2400
;WIPE_START
G1 F3600
G1 X17.49 Y31.885 E-.1736
G1 X17.334 Y31.495 E-.15122
G1 X17.323 Y31.398 E-.03518
;WIPE_END
G1 F9000
G1 X17.4834 Y31.9576 Z1.23077
G1 X17.3654 Y32.528 Z1.26154
G1 X16.9957 Y32.9782 Z1.29231
G1 X16.4592 Y33.205 Z1.32308
G1 X15.8788 Y33.1565 Z1.35385
G1 X15.3873 Y32.8439 Z1.38462
G1 X15.0975 Y32.3386 Z1.41538
G1 X15.0756 Y31.7566 Z1.44615
G1 X15.3268 Y31.231 Z1.47692
G1 X15.7934 Y30.8824 Z1.50769
G1 X16.3686 Y30.7905 Z1.53846
G1 X16.9206 Y30.9765 Z1.56923
G1 X17.3229 Y31.3977 Z1.6
G1 X108.269 Y189.926 Z1.6
G1 Z1.2
G1 E1.2 F1800
M204 P2000
;TYPE:Inner wall
;WIDTH:0.449999
G1 F5400
G1 X108.22 Y189.857 E.00272
G1 X108.03 Y189.349 E.01745
G1 X107.981 Y188.824 E.01696
G1 X108.069 Y188.304 E.01696
G1 X108.289 Y187.824 E.01696
G1 X108.626 Y187.418 E.01696
G1 X109.056 Y187.113 E.01696
G1 X109.551 Y186.93 E.01696
G1 X110.076 Y186.88 E.01696
G1 X110.596 Y186.969 E.01696
G1 X111.075 Y187.189 E.01696
G1 X111.481 Y187.525 E.01696
G1 X111.786 Y187.956 E.01696
G1 X111.97 Y188.45 E.01696
G1 X112.019 Y188.975 E.01696
G1 X111.939 Y189.474 E.01625
G1 X111.73 Y189.947 E.01662
G1 X111.387 Y190.37 E.01753
G1 X110.971 Y190.674 E.01657
G1 X110.459 Y190.868 E.01758
G1 X109.949 Y190.921 E.01652
G1 X109.408 Y190.831 E.01762
G1 X108.941 Y190.622 E.01646
G1 X108.519 Y190.273 E.0176
G1 X108.292 Y189.958 E.01247
M204 T1000
G1 X108.599 Y189.689 F9000
M204 P1000
;TYPE:Outer wall
;WIDTH:0.419999
G1 F3600
G1 X108.596 Y189.685 E.00015
G1 X108.44 Y189.295 E.01251
G1 X108.391 Y188.878 E.01251
G1 X108.452 Y188.462 E.01251
G1 X108.618 Y188.076 E.01251
G1 X108.878 Y187.746 E.01251
G1 X109.214 Y187.495 E.01251
G1 X109.605 Y187.34 E.01251
G1 X110.022 Y187.29 E.01251
G1 X110.437 Y187.351 E.01251
G1 X110.823 Y187.517 E.01251
G1 X111.153 Y187.777 E.01251
G1 X111.404 Y188.114 E.01251
G1 X111.56 Y188.504 E.01251
G1 X111.609 Y188.921 E.01251
G1 X111.548 Y189.337 E.01251
G1 X111.382 Y189.723 E.01251
G1 X111.122 Y190.052 E.01251
G1 X110.786 Y190.304 E.01251
G1 X110.395 Y190.459 E.01251
G1 X109.978 Y190.508 E.01251
G1 X109.563 Y190.448 E.01251
G1 X109.177 Y190.282 E.01251
G1 X108.837 Y190.009 E.01298
G1 X108.623 Y189.721 E.01068
M204 T2500
G1 E-.84 F2400
;WIPE_START
G1 F3600
G1 X108.596 Y189.685 E-.01626
G1 X108.44 Y189.295 E-.15122
G1 X108.391 Y188.878 E-.15122
G1 X108.408 Y188.764 E-.04129
;WIPE_END
G1 F9000
G1 X108.827 Y189.168 Z1.23077
G1 X109.011 Y189.721 Z1.26154
G1 X108.917 Y190.295 Z1.29231
G1 X108.567 Y190.761 Z1.32308
G1 X108.041 Y191.01 Z1.35385
G1 X107.459 Y190.986 Z1.38462
G1 X106.954 Y190.694 Z1.41538
G1 X106.644 Y190.202 Z1.44615
G1 X106.597 Y189.621 Z1.47692
G1 X106.826 Y189.086 Z1.50769
G1 X107.277 Y188.718 Z1.53846
G1 X107.848 Y188.602 Z1.56923
G1 X108.408 Y188.764 Z1.6
G1 X117.616 Y194.091 Z1.6
G1 Z1.2
G1 E1.2 F1800
M204 P2500
;TYPE:Top surface
;WIDTH:0.420563
G1 F3000
G1 X115.182 Y196.524 E.10268
G1 X113.941 Y197.231 F9000
G1 F3000
G1 X118.336 Y192.836 E.1854
G1 X118.758 Y191.88 F9000
G1 F3000
G1 X113.005 Y197.633 E.2427
G1 X112.271 Y197.833 F9000
G1 F3000
G1 X118.932 Y191.172 E.28104
G1 X119.107 Y190.463 F9000
G1 F3000
G1 X111.556 Y198.014 E.31857
G1 X110.97 Y198.066 F9000
G1 F3000
G1 X119.225 Y189.811 E.34826
G1 X119.322 Y189.18 F9000
G1 F3000
G1 X110.384 Y198.118 E.3771
G1 X109.831 Y198.137 F9000
G1 F3000
G1 X119.42 Y188.548 E.40455
G1 X119.517 Y187.916 F9000
G1 F3000
G1 X109.34 Y198.094 E.42935
G1 X108.85 Y198.05 F9000
G1 F3000
G1 X119.615 Y187.285 E.45416
G1 X119.712 Y186.653 F9000
G1 F3000
G1 X108.36 Y198.005 E.4789
G1 X107.941 Y197.891 F9000
G1 F3000
G1 X119.81 Y186.022 E.50073
G1 X119.907 Y185.39 F9000
G1 F3000
G1 X107.521 Y197.776 E.52255
G1 X107.101 Y197.662 F9000
G1 F3000
G1 X120.005 Y184.759 E.54437
G1 X120.102 Y184.127 F9000
G1 F3000
G1 X106.696 Y197.533 E.56557
G1 X106.334 Y197.361 F9000
G1 F3000
G1 X120.2 Y183.495 E.58497
G1 X120.297 Y182.864 F9000
G1 F3000
G1 X105.972 Y197.189 E.60436
G1 X105.609 Y197.018 F9000
G1 F3000
G1 X120.395 Y182.232 E.62375
G1 X120.492 Y181.601 F9000
G1 F3000
G1 X105.256 Y196.837 E.64278
G1 X104.944 Y196.615 F9000
G1 F3000
G1 X110.61 Y190.949 E.23903
G1 X109.984 Y191.041 F9000
G1 F3000
G1 X104.633 Y196.392 E.22574
G1 X104.321 Y196.169 F9000
G1 F3000
G1 X109.512 Y190.979 E.21899
G1 X109.117 Y190.84 F9000
G1 F3000
G1 X104.01 Y195.947 E.21546
G1 X103.741 Y195.682 F9000
G1 F3000
G1 X108.777 Y190.646 E.21246
G1 X108.479 Y190.41 F9000
G1 F3000
G1 X103.477 Y195.411 E.21101
G1 X103.213 Y195.141 F9000
G1 F3000
G1 X108.243 Y190.111 E.21221
G1 X108.054 Y189.766 F9000
G1 F3000
G1 X102.949 Y194.871 E.21536
G1 X102.712 Y194.574 F9000
G1 F3000
G1 X107.916 Y189.371 E.21951
G1 X107.862 Y188.89 F9000
G1 F3000
G1 X102.496 Y194.256 E.22637
G1 X102.281 Y193.938 F9000
G1 F3000
G1 X107.958 Y188.26 E.23952
G1 E-.84 F2400
;WIPE_START
G1 F3000
G1 X107.251 Y188.967 E-.36
;WIPE_END
G1 F9000
G1 X107.797 Y189.169 Z1.23077
G1 X108.188 Y189.601 Z1.26154
G1 X108.333 Y190.165 Z1.29231
G1 X108.198 Y190.732 Z1.32308
G1 X107.816 Y191.172 Z1.35385
G1 X107.274 Y191.383 Z1.38462
G1 X106.695 Y191.319 Z1.41538
G1 X106.212 Y190.992 Z1.44615
G1 X105.937 Y190.479 Z1.47692
G1 X105.931 Y189.897 Z1.50769
G1 X106.197 Y189.378 Z1.53846
G1 X106.673 Y189.043 Z1.56923
G1 X107.251 Y188.967 Z1.6
G1 X112.054 Y189.505 Z1.6
G1 Z1.2
G1 E1.2 F1800
G1 F3000
G1 X120.59 Y180.969 E.36009
G1 X120.687 Y180.338 F9000
G1 F3000
G1 X112.138 Y188.887 E.36068
G1 X112.082 Y188.409 F9000
G1 F3000
G1 X120.785 Y179.706 E.36715
G1 X120.882 Y179.075 F9000
G1 F3000
G1 X111.942 Y188.015 E.37718
G1 X111.747 Y187.676 F9000
G1 F3000
G1 X120.98 Y178.443 E.38951
G1 X121.077 Y177.811 F9000
G1 F3000
G1 X111.51 Y187.378 E.40361
G1 X111.207 Y187.147 F9000
G1 F3000
G1 X121.175 Y177.18 E.42049
G1 X121.272 Y176.548 F9000
G1 F3000
G1 X110.867 Y186.954 E.43899
G1 X110.473 Y186.813 F9000
G1 F3000
G1 X121.37 Y175.917 E.45969
G1 X121.467 Y175.285 F9000
G1 F3000
G1 X109.991 Y186.761 E.48414
G1 X109.346 Y186.872 F9000
G1 F3000
G1 X121.565 Y174.654 E.51547
G1 X121.662 Y174.022 F9000
G1 F3000
G1 X102.065 Y193.619 E.82677
G1 X101.864 Y193.286 F9000
G1 F3000
G1 X121.76 Y173.39 E.83934
G1 X121.857 Y172.759 F9000
G1 F3000
G1 X101.7 Y192.916 E.85039
G1 X101.535 Y192.547 F9000
G1 F3000
G1 X121.955 Y172.127 E.86145
G1 X122.052 Y171.496 F9000
G1 F3000
G1 X101.371 Y192.177 E.8725
G1 X101.221 Y191.793 F9000
G1 F3000
G1 X122.15 Y170.864 E.88293
G1 X122.247 Y170.233 F9000
G1 F3000
G1 X101.115 Y191.365 E.8915
G1 X101.01 Y190.936 F9000
G1 F3000
G1 X122.345 Y169.601 E.90007
G1 X122.442 Y168.969 F9000
G1 F3000
G1 X100.904 Y190.508 E.90864
G1 X100.814 Y190.063 F9000
G1 F3000
G1 X122.54 Y168.338 E.91654
G1 X122.637 Y167.706 F9000
G1 F3000
G1 X100.743 Y189.601 E.92367
G1 X100.671 Y189.138 F9000
G1 F3000
G1 X122.735 Y167.075 E.93079
G1 X122.832 Y166.443 F9000
G1 F3000
G1 X100.6 Y188.675 E.93792
G1 X100.529 Y188.213 F9000
G1 F3000
G1 X122.93 Y165.812 E.94505
G1 X123.027 Y165.18 F9000
G1 F3000
G1 X100.457 Y187.75 E.95217
G1 X100.386 Y187.287 F9000
G1 F3000
G1 X123.125 Y164.549 E.9593
G1 X123.222 Y163.917 F9000
G1 F3000
G1 X100.314 Y186.825 E.96642
G1 X100.243 Y186.362 F9000
G1 F3000
G1 X123.32 Y163.285 E.97355
G1 X123.417 Y162.654 F9000
G1 F3000
G1 X100.171 Y185.9 E.98068
G1 X100.1 Y185.437 F9000
G1 F3000
G1 X123.515 Y162.022 E.9878
G1 X123.612 Y161.391 F9000
G1 F3000
G1 X100.029 Y184.974 E.99493
G1 X99.957 Y184.512 F9000
G1 F3000
G1 X123.71 Y160.759 E1.00206
G1 X123.807 Y160.128 F9000
G1 F3000
G1 X99.886 Y184.049 E1.00918
G1 X99.814 Y183.586 F9000
G1 F3000
G1 X123.905 Y159.496 E1.01631
G1 X124.002 Y158.864 F9000
G1 F3000
G1 X99.743 Y183.124 E1.02343
G1 X99.671 Y182.661 F9000
G1 F3000
G1 X124.1 Y158.233 E1.03056
G1 X124.197 Y157.601 F9000
G1 F3000
G1 X99.6 Y182.198 E1.03769
G1 X99.529 Y181.736 F9000
G1 F3000
G1 X124.295 Y156.97 E1.04481
G1 X124.392 Y156.338 F9000
G1 F3000
G1 X99.457 Y181.273 E1.05194
G1 X99.386 Y180.81 F9000
G1 F3000
G1 X124.49 Y155.707 E1.05907
G1 X124.587 Y155.075 F9000
G1 F3000
G1 X99.314 Y180.348 E1.06619
G1 X99.243 Y179.885 F9000
G1 F3000
G1 X124.685 Y154.443 E1.07332
G1 X124.782 Y153.812 F9000
G1 F3000
G1 X99.172 Y179.422 E1.08044
G1 X99.1 Y178.96 F9000
G1 F3000
G1 X124.88 Y153.18 E1.08757
G1 X124.977 Y152.549 F9000
G1 F3000
G1 X99.029 Y178.497 E1.0947
G1 X98.957 Y178.035 F9000
G1 F3000
G1 X125.075 Y151.917 E1.10182
G1 X125.172 Y151.286 F9000
G1 F3000
G1 X98.886 Y177.572 E1.10895
G1 X98.814 Y177.109 F9000
G1 F3000
G1 X125.27 Y150.654 E1.11608
G1 X125.367 Y150.023 F9000
G1 F3000
G1 X98.743 Y176.647 E1.1232
G1 X98.672 Y176.184 F9000
G1 F3000
G1 X125.465 Y149.391 E1.13033
G1 X125.562 Y148.759 F9000
G1 F3000
G1 X98.6 Y175.721 E1.13745
G1 X98.529 Y175.259 F9000
G1 F3000
G1 X125.66 Y148.128 E1.14458
G1 X125.757 Y147.496 F9000
G1 F3000
G1 X98.457 Y174.796 E1.15171
G1 X98.386 Y174.333 F9000
G1 F3000
G1 X125.855 Y146.865 E1.15883
G1 X125.952 Y146.233 F9000
G1 F3000
G1 X98.314 Y173.871 E1.16596
G1 X98.243 Y173.408 F9000
G1 F3000
G1 X126.05 Y145.602 E1.17309
G1 X126.147 Y144.97 F9000
G1 F3000
G1 X98.172 Y172.945 E1.18021
G1 X98.1 Y172.483 F9000
G1 F3000
G1 X126.245 Y144.338 E1.18734
G1 X126.342 Y143.707 F9000
G1 F3000
G1 X98.029 Y172.02 E1.19446
G1 X97.957 Y171.557 F9000
G1 F3000
G1 X126.44 Y143.075 E1.20159
G1 X126.537 Y142.444 F9000
G1 F3000
G1 X97.886 Y171.095 E1.20872
G1 X97.815 Y170.632 F9000
G1 F3000
G1 X126.634 Y141.812 E1.21584
G1 X126.732 Y141.181 F9000
G1 F3000
G1 X97.743 Y170.169 E1.22297
G1 X97.672 Y169.707 F9000
G1 F3000
G1 X126.829 Y140.549 E1.23009
G1 X126.927 Y139.918 F9000
G1 F3000
G1 X97.6 Y169.244 E1.23722
G1 X97.529 Y168.782 F9000
G1 F3000
G1 X127.024 Y139.286 E1.24435
G1 X127.122 Y138.654 F9000
G1 F3000
G1 X97.457 Y168.319 E1.25147
G1 X97.386 Y167.856 F9000
G1 F3000
G1 X127.219 Y138.023 E1.2586
G1 X127.317 Y137.391 F9000
G1 F3000
G1 X97.315 Y167.394 E1.26573
G1 X97.243 Y166.931 F9000
G1 F3000
G1 X127.414 Y136.76 E1.27285
G1 X127.512 Y136.128 F9000
G1 F3000
G1 X97.172 Y166.468 E1.27998
G1 X97.1 Y166.006 F9000
G1 F3000
G1 X127.609 Y135.497 E1.2871
G1 X127.707 Y134.865 F9000
G1 F3000
G1 X97.029 Y165.543 E1.29423
G1 X96.957 Y165.08 F9000
G1 F3000
G1 X127.804 Y134.233 E1.30136
G1 X127.902 Y133.602 F9000
G1 F3000
G1 X96.886 Y164.618 E1.30848
G1 X96.815 Y164.155 F9000
G1 F3000
G1 X127.999 Y132.97 E1.31561
G1 X128.097 Y132.339 F9000
G1 F3000
G1 X96.743 Y163.692 E1.32274
G1 X96.672 Y163.23 F9000
G1 F3000
G1 X128.194 Y131.707 E1.32986
G1 E-.84 F2400
;WIPE_START
G1 F3000
G1 X127.487 Y132.414 E-.36
;WIPE_END
G1 F9000
G1 X128.017 Y132.172 Z1.23077
G1 X128.599 Y132.204 Z1.26154
G1 X129.099 Y132.502 Z1.29231
G1 X129.403 Y132.999 Z1.32308
G1 X129.442 Y133.58 Z1.35385
G1 X129.206 Y134.113 Z1.38462
G1 X128.75 Y134.474 Z1.41538
G1 X128.177 Y134.583 Z1.44615
G1 X127.62 Y134.413 Z1.47692
G1 X127.206 Y134.004 Z1.50769
G1 X127.029 Y133.448 Z1.53846
G1 X127.131 Y132.875 Z1.56923
G1 X127.487 Y132.414 Z1.6
G1 X150.723 Y113.985 Z1.6
G1 Z1.2
G1 E1.2 F1800
G1 F3000
G1 X140.449 Y124.26 E.43344
G1 E-.84 F2400
;WIPE_START
G1 F3000
G1 X141.156 Y123.552 E-.36
;WIPE_END
G1 F9000
G1 X140.627 Y123.796 Z1.23077
G1 X140.045 Y123.766 Z1.26154
G1 X139.544 Y123.469 Z1.29231
G1 X139.238 Y122.973 Z1.32308
G1 X139.198 Y122.392 Z1.35385
G1 X139.433 Y121.859 Z1.38462
G1 X139.888 Y121.495 Z1.41538
G1 X140.46 Y121.386 Z1.44615
G1 X141.018 Y121.554 Z1.47692
G1 X141.433 Y121.962 Z1.50769
G1 X141.611 Y122.517 Z1.53846
G1 X141.511 Y123.091 Z1.56923
G1 X141.156 Y123.552 Z1.6
G1 X138.522 Y125.652 Z1.6
G1 Z1.2
G1 E1.2 F1800
G1 F3000
G1 X151.9 Y112.274 E.56439
G1 X153.017 Y110.623 F9000
G1 F3000
G1 X137.009 Y126.631 E.67534
G1 X135.61 Y127.496 F9000
G1 F3000
G1 X153.747 Y109.359 E.76516
G1 X154.476 Y108.096 F9000
G1 F3000
G1 X134.441 Y128.131 E.84523
G1 X133.273 Y128.765 F9000
G1 F3000
G1 X155.111 Y106.927 E.92131
G1 X155.597 Y105.907 F9000
G1 F3000
G1 X132.141 Y129.363 E.98956
G1 X131.183 Y129.787 F9000
G1 F3000
G1 X156.083 Y104.886 E1.05048
G1 X156.569 Y103.866 F9000
G1 F3000
G1 X130.225 Y130.211 E1.11141
G1 X129.267 Y130.635 F9000
G1 F3000
G1 X156.925 Y102.977 E1.16683
G1 X157.257 Y102.111 F9000
G1 F3000
G1 X96.6 Y162.767 E2.55893
G1 X96.529 Y162.304 F9000
G1 F3000
G1 X157.588 Y101.246 E2.57593
G1 X157.919 Y100.38 F9000
G1 F3000
G1 X96.458 Y161.842 E2.59292
G1 X96.386 Y161.379 F9000
G1 F3000
G1 X158.194 Y99.571 E2.60754
G1 X158.418 Y98.813 F9000
G1 F3000
G1 X96.315 Y160.917 E2.61998
G1 X96.243 Y160.454 F9000
G1 F3000
G1 X158.641 Y98.056 E2.63241
G1 X158.865 Y97.299 F9000
G1 F3000
G1 X96.172 Y159.991 E2.64485
G1 X96.1 Y159.529 F9000
G1 F3000
G1 X159.088 Y96.541 E2.65728
G1 X159.275 Y95.82 F9000
G1 F3000
G1 X96.029 Y159.066 E2.66819
G1 X95.958 Y158.603 F9000
G1 F3000
G1 X159.418 Y95.143 E2.67723
G1 X159.56 Y94.466 F9000
G1 F3000
G1 X95.886 Y158.141 E2.68626
G1 X95.815 Y157.678 F9000
G1 F3000
G1 X159.703 Y93.79 E2.69529
G1 X159.846 Y93.113 F9000
G1 F3000
G1 X95.743 Y157.215 E2.70433
G1 X95.672 Y156.753 F9000
G1 F3000
G1 X159.989 Y92.436 E2.71336
G1 X160.09 Y91.801 F9000
G1 F3000
G1 X95.601 Y156.29 E2.72064
G1 X95.529 Y155.827 F9000
G1 F3000
G1 X160.169 Y91.187 E2.72701
G1 X160.249 Y90.574 F9000
G1 F3000
G1 X95.458 Y155.365 E2.73338
G1 X95.386 Y154.902 F9000
G1 F3000
G1 X160.328 Y89.96 E2.73974
G1 X160.408 Y89.347 F9000
G1 F3000
G1 X95.315 Y154.439 E2.74611
G1 X95.243 Y153.977 F9000
G1 F3000
G1 X160.487 Y88.733 E2.75248
G1 X160.557 Y88.129 F9000
G1 F3000
G1 X95.172 Y153.514 E2.75845
G1 X95.101 Y153.052 F9000
G1 F3000
G1 X160.586 Y87.567 E2.76265
G1 X160.614 Y87.004 F9000
G1 F3000
G1 X95.029 Y152.589 E2.76684
G1 X94.958 Y152.126 F9000
G1 F3000
G1 X160.642 Y86.442 E2.77104
G1 X160.67 Y85.88 F9000
G1 F3000
G1 X94.886 Y151.664 E2.77524
G1 X94.815 Y151.201 F9000
G1 F3000
G1 X160.698 Y85.318 E2.77944
G1 X160.726 Y84.756 F9000
G1 F3000
G1 X94.743 Y150.738 E2.78364
G1 X94.672 Y150.276 F9000
G1 F3000
G1 X160.751 Y84.197 E2.78771
G1 X160.736 Y83.678 F9000
G1 F3000
G1 X94.601 Y149.813 E2.79009
G1 X94.529 Y149.35 F9000
G1 F3000
G1 X160.721 Y83.159 E2.79247
G1 X160.706 Y82.64 F9000
G1 F3000
G1 X94.458 Y148.888 E2.79485
G1 X94.386 Y148.425 F9000
G1 F3000
G1 X160.691 Y82.121 E2.79722
G1 X160.676 Y81.602 F9000
G1 F3000
G1 X94.315 Y147.962 E2.7996
G1 X94.244 Y147.5 F9000
G1 F3000
G1 X160.661 Y81.083 E2.80198
G1 X160.646 Y80.564 F9000
G1 F3000
G1 X135.252 Y105.958 E1.07131
G1 E-.84 F2400
;WIPE_START
G1 F3000
G1 X135.959 Y105.251 E-.36
;WIPE_END
G1 F9000
G1 X136.403 Y104.874 Z1.23077
G1 X136.971 Y104.746 Z1.26154
G1 X137.534 Y104.898 Z1.29231
G1 X137.961 Y105.293 Z1.32308
G1 X138.156 Y105.842 Z1.35385
G1 X138.074 Y106.419 Z1.38462
G1 X137.733 Y106.891 Z1.41538
G1 X137.211 Y107.151 Z1.44615
G1 X136.629 Y107.138 Z1.47692
G1 X136.119 Y106.857 Z1.50769
G1 X135.798 Y106.37 Z1.53846
G1 X135.741 Y105.791 Z1.56923
G1 X135.959 Y105.251 Z1.6
G1 X137.348 Y103.327 Z1.6
G1 Z1.2
G1 E1.2 F1800
G1 F3000
G1 X160.618 Y80.057 E.98169
G1 X160.566 Y79.575 F9000
G1 F3000
G1 X138.464 Y101.678 E.93244
G1 X139.256 Y100.351 F9000
G1 F3000
G1 X160.514 Y79.093 E.89681
G1 X160.462 Y78.611 F9000
G1 F3000
G1 X139.895 Y99.178 E.86767
G1 X140.466 Y98.073 F9000
G1 F3000
G1 X160.41 Y78.129 E.8414
G1 X160.358 Y77.647 F9000
G1 F3000
G1 X140.855 Y97.15 E.8228
G1 X141.244 Y96.227 F9000
G1 F3000
G1 X160.306 Y77.164 E.8042
G1 X160.254 Y76.682 F9000
G1 F3000
G1 X141.624 Y95.313 E.78597
G1 X141.885 Y94.518 F9000
G1 F3000
G1 X160.205 Y76.198 E.77289
G1 E-.84 F2400
;WIPE_START
G1 F3000
G1 X159.498 Y76.905 E-.36
;WIPE_END
G1 F9000
G1 X160.024 Y76.6557 Z1.23077
G1 X160.606 Y76.6799 Z1.26154
G1 X161.11 Y76.9718 Z1.29231
G1 X161.421 Y77.4645 Z1.32308
G1 X161.467 Y78.0451 Z1.35385
G1 X161.238 Y78.5807 Z1.38462
G1 X160.787 Y78.9485 Z1.41538
G1 X160.216 Y79.0643 Z1.44615
G1 X159.657 Y78.9016 Z1.47692
G1 X159.237 Y78.4975 Z1.50769
G1 X159.053 Y77.9448 Z1.53846
G1 X159.147 Y77.37 Z1.56923
G1 X159.498 Y76.9048 Z1.6
G1 X205.529 Y39.418 Z1.6
G1 Z1.2
G1 E1.2 F1800
G1 F3000
G1 X208.911 Y36.037 E.14265
G1 X209.498 Y34.915 F9000
G1 F3000
G1 X202.814 Y41.6 E.282
G1 E-.84 F2400
;WIPE_START
G1 F3000
G1 X203.521 Y40.893 E-.36
;WIPE_END
G1 F9000
G1 X202.999 Y41.1508 Z1.23077
G1 X202.417 Y41.1368 Z1.26154
G1 X201.908 Y40.8538 Z1.29231
G1 X201.588 Y40.3667 Z1.32308
G1 X201.532 Y39.7869 Z1.35385
G1 X201.752 Y39.2474 Z1.38462
G1 X202.197 Y38.8717 Z1.41538
G1 X202.765 Y38.7459 Z1.44615
G1 X203.327 Y38.8989 Z1.47692
G1 X203.754 Y39.2955 Z1.50769
G1 X203.947 Y39.8449 Z1.53846
G1 X203.863 Y40.4213 Z1.56923
G1 X203.521 Y40.8926 Z1.6
G1 X200.099 Y43.781 Z1.6
G1 Z1.2
G1 E1.2 F1800
G1 F3000
G1 X209.858 Y34.021 E.41175
G1 X210.067 Y33.278 F9000
G1 F3000
G1 X197.383 Y45.962 E.53511
G1 E-.84 F2400
;WIPE_START
G1 F3000
G1 X198.09 Y45.255 E-.36
;WIPE_END
G1 F9000
G1 X197.568 Y45.5136 Z1.23077
G1 X196.986 Y45.4996 Z1.26154
G1 X196.477 Y45.2166 Z1.29231
G1 X196.157 Y44.7294 Z1.32308
G1 X196.101 Y44.1497 Z1.35385
G1 X196.321 Y43.6102 Z1.38462
G1 X196.766 Y43.2345 Z1.41538
G1 X197.335 Y43.1087 Z1.44615
G1 X197.897 Y43.2616 Z1.47692
G1 X198.323 Y43.6583 Z1.50769
G1 X198.517 Y44.2077 Z1.53846
G1 X198.432 Y44.7841 Z1.56923
G1 X198.09 Y45.2553 Z1.6
G1 X194.668 Y48.144 Z1.6
G1 Z1.2
G1 E1.2 F1800
G1 F3000
G1 X210.221 Y32.59 E.65617
G1 X210.278 Y31.999 F9000
G1 F3000
G1 X191.952 Y50.325 E.77314
G1 E-.84 F2400
;WIPE_START
G1 F3000
G1 X192.659 Y49.618 E-.36
;WIPE_END
G1 F9000
G1 X192.137 Y49.8763 Z1.23077
G1 X191.555 Y49.8624 Z1.26154
G1 X191.046 Y49.5794 Z1.29231
G1 X190.726 Y49.0922 Z1.32308
G1 X190.67 Y48.5124 Z1.35385
G1 X190.89 Y47.9729 Z1.38462
G1 X191.335 Y47.5973 Z1.41538
G1 X191.904 Y47.4715 Z1.44615
G1 X192.466 Y47.6244 Z1.47692
G1 X192.892 Y48.021 Z1.50769
G1 X193.086 Y48.5704 Z1.53846
G1 X193.002 Y49.1468 Z1.56923
G1 X192.659 Y49.6181 Z1.6
G1 X189.237 Y52.507 Z1.6
G1 Z1.2
G1 E1.2 F1800
G1 F3000
G1 X210.336 Y31.408 E.89012
G1 X210.334 Y30.875 F9000
G1 F3000
G1 X186.521 Y54.688 E1.00461
G1 E-.84 F2400
;WIPE_START
G1 F3000
G1 X187.228 Y53.981 E-.36
;WIPE_END
G1 F9000
G1 X186.706 Y54.2391 Z1.23077
G1 X186.124 Y54.2251 Z1.26154
G1 X185.615 Y53.9421 Z1.29231
G1 X185.296 Y53.455 Z1.32308
G1 X185.239 Y52.8752 Z1.35385
G1 X185.459 Y52.3357 Z1.38462
G1 X185.904 Y51.96 Z1.41538
G1 X186.473 Y51.8342 Z1.44615
G1 X187.035 Y51.9872 Z1.47692
G1 X187.461 Y52.3838 Z1.50769
G1 X187.655 Y52.9332 Z1.53846
G1 X187.571 Y53.5096 Z1.56923
G1 X187.228 Y53.9809 Z1.6
G1 X183.806 Y56.869 Z1.6
G1 Z1.2
G1 E1.2 F1800
G1 F3000
G1 X210.294 Y30.381 E1.11749
G1 X210.255 Y29.887 F9000
G1 F3000
G1 X181.09 Y59.051 E1.23036
G1 E-.84 F2400
;WIPE_START
G1 F3000
G1 X181.797 Y58.344 E-.36
;WIPE_END
G1 F9000
G1 X181.275 Y58.6019 Z1.23077
G1 X180.693 Y58.5879 Z1.26154
G1 X180.184 Y58.3049 Z1.29231
G1 X179.865 Y57.8177 Z1.32308
G1 X179.808 Y57.238 Z1.35385
G1 X180.028 Y56.6985 Z1.38462
G1 X180.473 Y56.3228 Z1.41538
G1 X181.042 Y56.197 Z1.44615
G1 X181.604 Y56.3499 Z1.47692
G1 X182.03 Y56.7465 Z1.50769
G1 X182.224 Y57.296 Z1.53846
G1 X182.14 Y57.8724 Z1.56923
G1 X181.797 Y58.3436 Z1.6
G1 X178.375 Y61.232 Z1.6
G1 Z1.2
G1 E1.2 F1800
G1 F3000
G1 X210.193 Y29.414 E1.34233
G1 X210.082 Y28.991 F9000
G1 F3000
G1 X175.659 Y63.414 E1.45219
G1 E-.84 F2400
;WIPE_START
G1 F3000
G1 X176.367 Y62.706 E-.36
;WIPE_END
G1 F9000
G1 X175.844 Y62.9646 Z1.23077
G1 X175.262 Y62.9507 Z1.26154
G1 X174.753 Y62.6677 Z1.29231
G1 X174.434 Y62.1805 Z1.32308
G1 X174.377 Y61.6007 Z1.35385
G1 X174.597 Y61.0612 Z1.38462
G1 X175.042 Y60.6855 Z1.41538
G1 X175.611 Y60.5598 Z1.44615
G1 X176.173 Y60.7127 Z1.47692
G1 X176.6 Y61.1093 Z1.50769
G1 X176.793 Y61.6587 Z1.53846
G1 X176.709 Y62.2351 Z1.56923
G1 X176.367 Y62.7064 Z1.6
G1 X172.944 Y65.595 Z1.6
G1 Z1.2
G1 E1.2 F1800
G1 F3000
G1 X209.97 Y28.569 E1.56204
G1 X209.859 Y28.146 F9000
G1 F3000
G1 X170.229 Y67.776 E1.6719
G1 E-.84 F2400
;WIPE_START
G1 F3000
G1 X170.936 Y67.069 E-.36
;WIPE_END
G1 F9000
G1 X170.414 Y67.3274 Z1.23077
G1 X169.831 Y67.3134 Z1.26154
G1 X169.322 Y67.0304 Z1.29231
G1 X169.003 Y66.5432 Z1.32308
G1 X168.947 Y65.9635 Z1.35385
G1 X169.166 Y65.424 Z1.38462
G1 X169.611 Y65.0483 Z1.41538
G1 X170.18 Y64.9225 Z1.44615
G1 X170.742 Y65.0755 Z1.47692
G1 X171.169 Y65.4721 Z1.50769
G1 X171.362 Y66.0215 Z1.53846
G1 X171.278 Y66.5979 Z1.56923
G1 X170.936 Y67.0692 Z1.6
G1 X167.513 Y69.958 Z1.6
G1 Z1.2
G1 E1.2 F1800
G1 F3000
G1 X209.715 Y27.756 E1.7804
G1 X209.546 Y27.391 F9000
G1 F3000
G1 X164.798 Y72.139 E1.88781
G1 E-.84 F2400
;WIPE_START
G1 F3000
G1 X165.505 Y71.432 E-.36
;WIPE_END
G1 F9000
G1 X164.983 Y71.6902 Z1.23077
G1 X164.4 Y71.6762 Z1.26154
G1 X163.891 Y71.3932 Z1.29231
G1 X163.572 Y70.906 Z1.32308
G1 X163.516 Y70.3263 Z1.35385
G1 X163.735 Y69.7868 Z1.38462
G1 X164.18 Y69.4111 Z1.41538
G1 X164.749 Y69.2853 Z1.44615
G1 X165.311 Y69.4382 Z1.47692
G1 X165.738 Y69.8348 Z1.50769
G1 X165.931 Y70.3843 Z1.53846
G1 X165.847 Y70.9606 Z1.56923
G1 X165.505 Y71.4319 Z1.6
G1 X162.082 Y74.32 Z1.6
G1 Z1.2
G1 E1.2 F1800
G1 F3000
G1 X209.376 Y27.026 E1.99522
G1 X209.207 Y26.662 F9000
G1 F3000
G1 X142.122 Y93.747 E2.83014
G1 X142.359 Y92.975 F9000
G1 F3000
G1 X209.013 Y26.322 E2.81194
G1 X208.793 Y26.008 F9000
G1 F3000
G1 X203.18 Y31.62 E.23678
G1 X203.24 Y31.026 F9000
G1 F3000
G1 X208.572 Y25.694 E.22494
G1 X208.352 Y25.38 F9000
G1 F3000
G1 X203.174 Y30.558 E.21843
G1 X203.025 Y30.173 F9000
G1 F3000
G1 X208.122 Y25.077 E.215
G1 X207.853 Y24.811 F9000
G1 F3000
G1 X202.821 Y29.843 E.21231
G1 X202.579 Y29.551 F9000
G1 F3000
G1 X207.585 Y24.545 E.21119
G1 X207.317 Y24.279 F9000
G1 F3000
G1 X202.277 Y29.32 E.21265
G1 X201.927 Y29.135 F9000
G1 F3000
G1 X207.049 Y24.013 E.21608
G1 X206.739 Y23.789 F9000
G1 F3000
G1 X201.524 Y29.004 E.22001
G1 X201.035 Y28.959 F9000
G1 F3000
G1 X206.423 Y23.571 E.22733
G1 X206.107 Y23.353 F9000
G1 F3000
G1 X200.354 Y29.106 E.24272
G1 E-.84 F2400
;WIPE_START
G1 F3000
G1 X201.061 Y28.399 E-.36
;WIPE_END
G1 F9000
G1 X200.989 Y28.9768 Z1.23077
G1 X200.657 Y29.4553 Z1.26154
G1 X200.141 Y29.7246 Z1.29231
G1 X199.558 Y29.723 Z1.32308
G1 X199.043 Y29.4509 Z1.35385
G1 X198.714 Y28.9707 Z1.38462
G1 X198.645 Y28.3923 Z1.41538
G1 X198.853 Y27.8482 Z1.44615
G1 X199.29 Y27.4631 Z1.47692
G1 X199.856 Y27.3252 Z1.50769
G1 X200.421 Y27.4661 Z1.53846
G1 X200.856 Y27.8536 Z1.56923
G1 X201.061 Y28.3988 Z1.6
G1 X201.628 Y33.173 Z1.6
G1 Z1.2
G1 E1.2 F1800
G1 F3000
G1 X142.597 Y92.204 E2.49037
G1 X142.745 Y91.521 F9000
G1 F3000
G1 X201.032 Y33.235 E2.45895
G1 X200.565 Y33.168 F9000
G1 F3000
G1 X142.883 Y90.849 E2.43344
G1 X143.021 Y90.177 F9000
G1 F3000
G1 X200.18 Y33.019 E2.41138
G1 X199.848 Y32.816 F9000
G1 F3000
G1 X143.159 Y89.505 E2.39158
G1 X143.297 Y88.833 F9000
G1 F3000
G1 X199.559 Y32.571 E2.37355
G1 X199.321 Y32.275 F9000
G1 F3000
G1 X143.363 Y88.233 E2.36072
G1 X143.424 Y87.638 F9000
G1 F3000
G1 X199.142 Y31.92 E2.35062
G1 X199.014 Y31.514 F9000
G1 F3000
G1 X143.484 Y87.044 E2.34266
G1 X143.545 Y86.449 F9000
G1 F3000
G1 X198.971 Y31.022 E2.33831
G1 X199.11 Y30.349 F9000
G1 F3000
G1 X143.605 Y85.855 E2.34163
G1 X143.651 Y85.275 F9000
G1 F3000
G1 X205.791 Y23.134 E2.62155
G1 X205.444 Y22.947 F9000
G1 F3000
G1 X143.651 Y84.741 E2.6069
G1 X143.651 Y84.206 F9000
G1 F3000
G1 X205.077 Y22.78 E2.59141
G1 X204.71 Y22.613 F9000
G1 F3000
G1 X143.651 Y83.672 E2.57592
G1 X143.651 Y83.138 F9000
G1 F3000
G1 X204.343 Y22.446 E2.56042
G1 X203.944 Y22.312 F9000
G1 F3000
G1 X143.652 Y82.604 E2.54358
G1 X143.652 Y82.069 F9000
G1 F3000
G1 X203.518 Y22.203 E2.52562
G1 X203.093 Y22.094 F9000
G1 F3000
G1 X143.606 Y81.581 E2.5096
G1 X143.557 Y81.096 F9000
G1 F3000
G1 X202.667 Y21.986 E2.49372
G1 X202.182 Y21.937 F9000
G1 F3000
G1 X143.508 Y80.611 E2.47533
G1 X143.459 Y80.126 F9000
G1 F3000
G1 X201.685 Y21.9 E2.4564
G1 X201.187 Y21.864 F9000
G1 F3000
G1 X143.41 Y79.641 E2.43746
G1 X143.361 Y79.156 F9000
G1 F3000
G1 X200.635 Y21.881 E2.41628
G1 X200.039 Y21.944 F9000
G1 F3000
G1 X143.312 Y78.671 E2.39318
G1 X143.228 Y78.221 F9000
G1 F3000
G1 X199.442 Y22.007 E2.37154
G1 X198.72 Y22.195 F9000
G1 F3000
G1 X143.137 Y77.778 E2.34491
G1 X143.045 Y77.335 F9000
G1 F3000
G1 X197.968 Y22.413 E2.31705
G1 X197.134 Y22.713 F9000
G1 F3000
G1 X142.954 Y76.892 E2.28572
G1 X142.863 Y76.45 F9000
G1 F3000
G1 X196.261 Y23.052 E2.25273
G1 X195.388 Y23.391 F9000
G1 F3000
G1 X142.772 Y76.007 E2.21974
G1 X142.68 Y75.564 F9000
G1 F3000
G1 X194.514 Y23.73 E2.18675
G1 X193.641 Y24.069 F9000
G1 F3000
G1 X142.579 Y75.132 E2.15421
G1 X142.453 Y74.723 F9000
G1 F3000
G1 X192.768 Y24.408 E2.12268
G1 X191.895 Y24.747 F9000
G1 F3000
G1 X142.327 Y74.315 E2.09115
G1 X142.201 Y73.907 F9000
G1 F3000
G1 X191.022 Y25.086 E2.05962
G1 X190.149 Y25.425 F9000
G1 F3000
G1 X142.075 Y73.499 E2.02809
G1 X141.95 Y73.09 F9000
G1 F3000
G1 X189.275 Y25.765 E1.99656
G1 X188.402 Y26.104 F9000
G1 F3000
G1 X141.824 Y72.682 E1.96503
G1 X141.693 Y72.279 F9000
G1 F3000
G1 X187.529 Y26.443 E1.93373
G1 X186.656 Y26.782 F9000
G1 F3000
G1 X141.547 Y71.891 E1.90304
G1 X141.389 Y71.515 F9000
G1 F3000
G1 X185.783 Y27.121 E1.87288
G1 X184.91 Y27.46 F9000
G1 F3000
G1 X141.23 Y71.139 E1.84272
G1 X141.072 Y70.763 F9000
G1 F3000
G1 X184.036 Y27.799 E1.81256
G1 X183.163 Y28.138 F9000
G1 F3000
G1 X140.914 Y70.388 E1.78239
G1 X140.756 Y70.012 F9000
G1 F3000
G1 X182.29 Y28.477 E1.75223
G1 X181.417 Y28.817 F9000
G1 F3000
G1 X140.597 Y69.636 E1.72207
G1 X140.438 Y69.261 F9000
G1 F3000
G1 X180.544 Y29.156 E1.69194
G1 X179.67 Y29.495 F9000
G1 F3000
G1 X140.263 Y68.902 E1.66251
G1 X140.077 Y68.554 F9000
G1 F3000
G1 X178.797 Y29.834 E1.63353
G1 X177.924 Y30.173 F9000
G1 F3000
G1 X139.888 Y68.209 E1.60464
G1 X139.7 Y67.863 F9000
G1 F3000
G1 X177.051 Y30.512 E1.57575
G1 X176.178 Y30.851 F9000
G1 F3000
G1 X139.512 Y67.517 E1.54686
G1 X139.323 Y67.172 F9000
G1 F3000
G1 X175.305 Y31.19 E1.51797
G1 X174.431 Y31.529 F9000
G1 F3000
G1 X139.135 Y66.826 E1.48908
G1 X138.946 Y66.48 F9000
G1 F3000
G1 X173.558 Y31.868 E1.46019
G1 X172.685 Y32.208 F9000
G1 F3000
G1 X138.75 Y66.143 E1.43164
G1 X138.534 Y65.824 F9000
G1 F3000
G1 X171.812 Y32.547 E1.40389
G1 X170.939 Y32.886 F9000
G1 F3000
G1 X138.319 Y65.506 E1.37615
G1 X138.103 Y65.187 F9000
G1 F3000
G1 X170.066 Y33.225 E1.3484
G1 X169.192 Y33.564 F9000
G1 F3000
G1 X137.888 Y64.869 E1.32066
G1 X137.672 Y64.55 F9000
G1 F3000
G1 X168.319 Y33.903 E1.29291
G1 X167.446 Y34.242 F9000
G1 F3000
G1 X137.457 Y64.231 E1.26517
G1 X137.241 Y63.913 F9000
G1 F3000
G1 X166.573 Y34.581 E1.23742
G1 X165.7 Y34.92 F9000
G1 F3000
G1 X137.026 Y63.594 E1.20968
G1 X136.795 Y63.291 F9000
G1 F3000
G1 X164.826 Y35.26 E1.18256
G1 X163.953 Y35.599 F9000
G1 F3000
G1 X136.552 Y63 E1.15598
G1 X136.309 Y62.709 F9000
G1 F3000
G1 X163.08 Y35.938 E1.12941
G1 X162.207 Y36.277 F9000
G1 F3000
G1 X136.066 Y62.418 E1.10283
G1 X135.822 Y62.127 F9000
G1 F3000
G1 X161.334 Y36.616 E1.07626
G1 X160.461 Y36.955 F9000
G1 F3000
G1 X135.579 Y61.836 E1.04968
G1 X135.336 Y61.546 F9000
G1 F3000
G1 X159.587 Y37.294 E1.02311
G1 X158.714 Y37.633 F9000
G1 F3000
G1 X135.093 Y61.255 E.99653
G1 X134.849 Y60.964 F9000
G1 F3000
G1 X157.841 Y37.972 E.96996
G1 X156.968 Y38.312 F9000
G1 F3000
G1 X134.597 Y60.682 E.94376
G1 X134.327 Y60.418 F9000
G1 F3000
G1 X156.095 Y38.651 E.91833
G1 X155.221 Y38.99 F9000
G1 F3000
G1 X134.056 Y60.155 E.8929
G1 X133.786 Y59.891 F9000
G1 F3000
G1 X154.348 Y39.329 E.86748
G1 X153.475 Y39.668 F9000
G1 F3000
G1 X133.515 Y59.628 E.84205
G1 X133.245 Y59.364 F9000
G1 F3000
G1 X152.602 Y40.007 E.81663
G1 X151.729 Y40.346 F9000
G1 F3000
G1 X132.974 Y59.101 E.7912
G1 X132.704 Y58.837 F9000
G1 F3000
G1 X150.856 Y40.685 E.76578
G1 X149.982 Y41.024 F9000
G1 F3000
G1 X132.433 Y58.574 E.74035
G1 X132.152 Y58.321 F9000
G1 F3000
G1 X149.109 Y41.364 E.71538
G1 X148.236 Y41.703 F9000
G1 F3000
G1 X131.854 Y58.084 E.6911
G1 X131.557 Y57.848 F9000
G1 F3000
G1 X147.363 Y42.042 E.66682
G1 X146.49 Y42.381 F9000
G1 F3000
G1 X131.259 Y57.611 E.64254
G1 X130.962 Y57.375 F9000
G1 F3000
G1 X145.617 Y42.72 E.61826
G1 X144.743 Y43.059 F9000
G1 F3000
G1 X130.664 Y57.139 E.59398
G1 X130.366 Y56.902 F9000
G1 F3000
G1 X143.87 Y43.398 E.56969
G1 X142.997 Y43.737 F9000
G1 F3000
G1 X130.069 Y56.666 E.54541
G1 X129.771 Y56.429 F9000
G1 F3000
G1 X142.138 Y44.062 E.52175
G1 X141.663 Y44.003 F9000
G1 F3000
G1 X129.461 Y56.205 E.51478
G1 X129.136 Y55.996 F9000
G1 F3000
G1 X141.345 Y43.787 E.51507
G1 X141.036 Y43.562 F9000
G1 F3000
G1 X128.81 Y55.788 E.51578
G1 X128.485 Y55.579 F9000
G1 F3000
G1 X140.727 Y43.337 E.51648
G1 X140.419 Y43.111 F9000
G1 F3000
G1 X128.159 Y55.371 E.51718
G1 X127.834 Y55.162 F9000
G1 F3000
G1 X140.11 Y42.886 E.51789
G1 X139.801 Y42.661 F9000
G1 F3000
G1 X127.509 Y54.953 E.51859
G1 X127.183 Y54.745 F9000
G1 F3000
G1 X139.492 Y42.435 E.5193
G1 X139.184 Y42.21 F9000
G1 F3000
G1 X126.858 Y54.536 E.52
G1 X126.514 Y54.345 F9000
G1 F3000
G1 X138.875 Y41.985 E.52146
G1 X138.566 Y41.759 F9000
G1 F3000
G1 X126.161 Y54.164 E.52332
G1 X125.809 Y53.983 F9000
G1 F3000
G1 X138.252 Y41.539 E.52497
G1 X137.921 Y41.336 F9000
G1 F3000
G1 X125.456 Y53.802 E.52589
G1 X125.103 Y53.62 F9000
G1 F3000
G1 X137.59 Y41.133 E.5268
G1 X137.259 Y40.93 F9000
G1 F3000
G1 X124.75 Y53.439 E.52772
G1 X124.397 Y53.258 F9000
G1 F3000
G1 X136.928 Y40.727 E.52863
G1 X136.597 Y40.524 F9000
G1 F3000
G1 X124.043 Y53.078 E.52962
G1 X123.676 Y52.911 F9000
G1 F3000
G1 X136.266 Y40.322 E.53112
G1 X135.934 Y40.119 F9000
G1 F3000
G1 X123.292 Y52.761 E.53333
G1 X122.909 Y52.61 F9000
G1 F3000
G1 X135.603 Y39.916 E.53554
G1 X135.272 Y39.713 F9000
G1 F3000
G1 X122.525 Y52.459 E.53775
G1 X122.142 Y52.309 F9000
G1 F3000
G1 X134.941 Y39.51 E.53997
G1 X134.6 Y39.316 F9000
G1 F3000
G1 X121.758 Y52.158 E.54178
G1 X121.375 Y52.008 F9000
G1 F3000
G1 X134.247 Y39.136 E.54306
G1 X133.894 Y38.955 F9000
G1 F3000
G1 X120.991 Y51.857 E.54433
G1 X120.593 Y51.721 F9000
G1 F3000
G1 X133.541 Y38.774 E.54622
G1 X133.187 Y38.593 F9000
G1 F3000
G1 X120.181 Y51.6 E.54872
G1 X119.764 Y51.483 F9000
G1 F3000
G1 X132.834 Y38.412 E.5514
G1 X132.481 Y38.232 F9000
G1 F3000
G1 X119.347 Y51.365 E.55408
G1 X118.93 Y51.248 F9000
G1 F3000
G1 X132.127 Y38.051 E.55677
G1 X131.774 Y37.87 F9000
G1 F3000
G1 X118.513 Y51.131 E.55945
G1 X118.096 Y51.014 F9000
G1 F3000
G1 X131.421 Y37.689 E.56213
G1 X131.048 Y37.528 F9000
G1 F3000
G1 X117.679 Y50.897 E.56401
G1 X117.232 Y50.81 F9000
G1 F3000
G1 X130.671 Y37.371 E.56698
G1 X130.294 Y37.213 F9000
G1 F3000
G1 X116.779 Y50.729 E.57017
G1 X116.327 Y50.647 F9000
G1 F3000
G1 X129.917 Y37.056 E.57337
G1 X129.54 Y36.899 F9000
G1 F3000
G1 X115.874 Y50.566 E.57656
G1 X115.421 Y50.484 F9000
G1 F3000
G1 X129.163 Y36.742 E.57975
G1 X128.786 Y36.585 F9000
G1 F3000
G1 X114.969 Y50.403 E.58294
G1 X114.516 Y50.322 F9000
G1 F3000
G1 X128.409 Y36.428 E.58613
G1 X128.032 Y36.271 F9000
G1 F3000
G1 X114.042 Y50.261 E.5902
G1 X113.546 Y50.223 F9000
G1 F3000
G1 X127.655 Y36.114 E.59524
G1 X127.253 Y35.982 F9000
G1 F3000
G1 X113.05 Y50.186 E.5992
G1 X112.553 Y50.148 F9000
G1 F3000
G1 X126.85 Y35.851 E.60316
G1 X126.448 Y35.719 F9000
G1 F3000
G1 X112.057 Y50.11 E.60712
G1 X111.56 Y50.073 F9000
G1 F3000
G1 X126.045 Y35.588 E.61108
G1 X125.643 Y35.456 F9000
G1 F3000
G1 X111.064 Y50.035 E.61504
G1 X110.542 Y50.023 F9000
G1 F3000
G1 X125.24 Y35.325 E.62008
G1 X124.838 Y35.193 F9000
G1 F3000
G1 X109.994 Y50.037 E.62623
G1 X109.446 Y50.051 F9000
G1 F3000
G1 X124.435 Y35.062 E.63237
G1 X124.033 Y34.93 F9000
G1 F3000
G1 X108.897 Y50.065 E.63851
G1 X108.349 Y50.079 F9000
G1 F3000
G1 X123.615 Y34.814 E.64403
G1 X123.185 Y34.71 F9000
G1 F3000
G1 X107.801 Y50.094 E.64901
G1 X107.231 Y50.129 F9000
G1 F3000
G1 X122.755 Y34.606 E.6549
G1 X122.324 Y34.502 F9000
G1 F3000
G1 X106.619 Y50.207 E.66257
G1 X106.007 Y50.285 F9000
G1 F3000
G1 X121.894 Y34.398 E.67024
G1 X121.464 Y34.294 F9000
G1 F3000
G1 X105.395 Y50.363 E.67791
G1 X104.783 Y50.441 F9000
G1 F3000
G1 X121.034 Y34.191 E.68558
G1 X120.604 Y34.087 F9000
G1 F3000
G1 X104.171 Y50.519 E.69326
G1 X103.489 Y50.667 F9000
G1 F3000
G1 X120.173 Y33.983 E.70388
G1 X119.728 Y33.894 F9000
G1 F3000
G1 X102.793 Y50.829 E.71444
G1 X102.098 Y50.99 F9000
G1 F3000
G1 X119.268 Y33.82 E.72435
G1 X118.807 Y33.747 F9000
G1 F3000
G1 X101.402 Y51.152 E.73425
G1 X100.702 Y51.318 F9000
G1 F3000
G1 X118.346 Y33.674 E.74438
G1 X117.885 Y33.6 F9000
G1 F3000
G1 X99.898 Y51.588 E.75885
G1 X99.094 Y51.858 F9000
G1 F3000
G1 X117.425 Y33.527 E.77333
G1 X116.964 Y33.454 F9000
G1 F3000
G1 X98.29 Y52.127 E.7878
G1 X97.442 Y52.442 F9000
G1 F3000
G1 X116.503 Y33.38 E.80415
G1 X116.043 Y33.307 F9000
G1 F3000
G1 X96.469 Y52.881 E.82577
G1 X95.496 Y53.32 F9000
G1 F3000
G1 X115.551 Y33.264 E.84609
G1 X115.056 Y33.225 F9000
G1 F3000
G1 X94.481 Y53.8 E.86801
G1 X93.229 Y54.519 F9000
G1 F3000
G1 X114.561 Y33.186 E.89997
G1 X114.066 Y33.147 F9000
G1 F3000
G1 X91.965 Y55.249 E.93242
G1 E-.84 F2400
;WIPE_START
G1 F3000
G1 X92.672 Y54.542 E-.36
;WIPE_END
G1 F9000
G1 X92.1412 Y54.782 Z1.23077
G1 X91.5597 Y54.7484 Z1.26154
G1 X91.0604 Y54.4483 Z1.29231
G1 X90.7578 Y53.9506 Z1.32308
G1 X90.7211 Y53.3693 Z1.35385
G1 X90.9588 Y52.8375 Z1.38462
G1 X91.4164 Y52.4771 Z1.41538
G1 X91.989 Y52.3706 Z1.44615
G1 X92.5456 Y52.5425 Z1.47692
G1 X92.9585 Y52.9533 Z1.50769
G1 X93.1333 Y53.5089 Z1.53846
G1 X93.0298 Y54.0821 Z1.56923
G1 X92.6717 Y54.5416 Z1.6
G1 X90.157 Y56.522 Z1.6
G1 Z1.2
G1 E1.2 F1800
G1 F3000
G1 X113.572 Y33.108 E.98781
G1 X113.077 Y33.069 F9000
G1 F3000
G1 X87.257 Y58.888 E1.08927
G1 E-.84 F2400
;WIPE_START
G1 F3000
G1 X87.964 Y58.181 E-.36
;WIPE_END
G1 F9000
G1 X88.2284 Y58.7002 Z1.23077
G1 X88.2215 Y59.2827 Z1.26154
G1 X87.9447 Y59.7952 Z1.29231
G1 X87.4614 Y60.1203 Z1.32308
G1 X86.8824 Y60.1837 Z1.35385
G1 X86.3402 Y59.9706 Z1.38462
G1 X85.9592 Y59.5301 Z1.41538
G1 X85.8265 Y58.9629 Z1.44615
G1 X85.9727 Y58.3991 Z1.47692
G1 X86.3641 Y57.9677 Z1.50769
G1 X86.9111 Y57.7676 Z1.53846
G1 X87.4885 Y57.8447 Z1.56923
G1 X87.9639 Y58.1813 Z1.6
G1 X132.053 Y109.157 Z1.6
G1 Z1.2
G1 E1.2 F1800
G1 F3000
G1 X94.172 Y147.037 E1.59808
G1 X94.101 Y146.574 F9000
G1 F3000
G1 X129.522 Y111.153 E1.49433
G1 X128.035 Y112.106 F9000
G1 F3000
G1 X94.029 Y146.112 E1.43462
G1 X93.958 Y145.649 F9000
G1 F3000
G1 X126.591 Y113.016 E1.3767
G1 X125.495 Y113.578 F9000
G1 F3000
G1 X93.886 Y145.187 E1.33347
G1 X93.815 Y144.724 F9000
G1 F3000
G1 X124.398 Y114.14 E1.29024
G1 X123.415 Y114.59 F9000
G1 F3000
G1 X93.744 Y144.261 E1.25174
G1 X93.672 Y143.799 F9000
G1 F3000
G1 X122.536 Y114.935 E1.21768
G1 X121.657 Y115.28 F9000
G1 F3000
G1 X93.601 Y143.336 E1.18361
G1 X93.529 Y142.873 F9000
G1 F3000
G1 X120.788 Y115.614 E1.14999
G1 X120.026 Y115.842 F9000
G1 F3000
G1 X93.458 Y142.411 E1.12086
G1 X93.386 Y141.948 F9000
G1 F3000
G1 X119.284 Y116.051 E1.09254
G1 X118.541 Y116.26 F9000
G1 F3000
G1 X93.315 Y141.485 E1.06421
G1 X93.244 Y141.023 F9000
G1 F3000
G1 X117.798 Y116.468 E1.03589
G1 X117.124 Y116.608 F9000
G1 F3000
G1 X93.172 Y140.56 E1.01047
G1 X93.101 Y140.097 F9000
G1 F3000
G1 X116.473 Y116.725 E.98602
G1 X115.822 Y116.842 F9000
G1 F3000
G1 X93.029 Y139.635 E.96157
G1 X92.958 Y139.172 F9000
G1 F3000
G1 X115.171 Y116.959 E.93712
G1 X114.52 Y117.076 F9000
G1 F3000
G1 X92.887 Y138.709 E.91268
G1 X92.815 Y138.247 F9000
G1 F3000
G1 X113.913 Y117.149 E.89006
G1 X113.335 Y117.193 F9000
G1 F3000
G1 X92.744 Y137.784 E.86868
G1 X92.672 Y137.322 F9000
G1 F3000
G1 X112.756 Y117.237 E.8473
G1 X112.178 Y117.282 F9000
G1 F3000
G1 X92.601 Y136.859 E.82592
G1 X92.529 Y136.396 F9000
G1 F3000
G1 X111.6 Y117.326 E.80454
G1 X111.022 Y117.37 F9000
G1 F3000
G1 X92.458 Y135.934 E.78316
G1 X92.387 Y135.471 F9000
G1 F3000
G1 X110.484 Y117.373 E.76349
G1 X109.963 Y117.36 F9000
G1 F3000
G1 X92.315 Y135.008 E.74453
G1 X92.244 Y134.546 F9000
G1 F3000
G1 X109.443 Y117.347 E.72557
G1 X108.922 Y117.334 F9000
G1 F3000
G1 X92.172 Y134.083 E.70661
G1 X92.101 Y133.62 F9000
G1 F3000
G1 X108.401 Y117.32 E.68765
G1 X107.88 Y117.307 F9000
G1 F3000
G1 X92.029 Y133.158 E.66869
G1 X91.958 Y132.695 F9000
G1 F3000
G1 X107.367 Y117.286 E.65005
G1 X106.893 Y117.226 F9000
G1 F3000
G1 X91.887 Y132.232 E.63309
G1 X91.815 Y131.77 F9000
G1 F3000
G1 X106.419 Y117.166 E.61612
G1 X105.946 Y117.105 F9000
G1 F3000
G1 X91.733 Y131.318 E.5996
G1 X91.507 Y131.01 F9000
G1 F3000
G1 X105.472 Y117.045 E.58916
G1 X104.998 Y116.984 F9000
G1 F3000
G1 X91.16 Y130.823 E.58381
G1 X90.79 Y130.659 F9000
G1 F3000
G1 X104.525 Y116.924 E.57945
G1 X104.052 Y116.863 F9000
G1 F3000
G1 X90.419 Y130.495 E.57512
G1 X90.049 Y130.331 F9000
G1 F3000
G1 X103.618 Y116.762 E.57245
G1 X103.185 Y116.661 F9000
G1 F3000
G1 X89.679 Y130.168 E.56979
G1 X89.309 Y130.004 F9000
G1 F3000
G1 X102.752 Y116.561 E.56713
G1 X102.318 Y116.46 F9000
G1 F3000
G1 X88.938 Y129.84 E.56447
G1 X88.568 Y129.676 F9000
G1 F3000
G1 X101.885 Y116.359 E.56181
G1 X101.452 Y116.259 F9000
G1 F3000
G1 X88.198 Y129.513 E.55915
G1 X87.827 Y129.349 F9000
G1 F3000
G1 X101.018 Y116.158 E.55649
G1 X100.597 Y116.045 F9000
G1 F3000
G1 X87.472 Y129.17 E.55368
G1 X87.126 Y128.982 F9000
G1 F3000
G1 X100.197 Y115.911 E.55141
G1 X99.797 Y115.777 F9000
G1 F3000
G1 X86.78 Y128.794 E.54915
G1 X86.434 Y128.606 F9000
G1 F3000
G1 X99.397 Y115.643 E.54688
G1 X98.997 Y115.509 F9000
G1 F3000
G1 X86.088 Y128.418 E.54461
G1 X85.742 Y128.23 F9000
G1 F3000
G1 X98.597 Y115.374 E.54235
G1 X98.197 Y115.24 F9000
G1 F3000
G1 X85.396 Y128.042 E.54008
G1 X85.049 Y127.854 F9000
G1 F3000
G1 X97.802 Y115.101 E.53802
G1 X97.422 Y114.948 F9000
G1 F3000
G1 X84.703 Y127.666 E.53656
G1 X84.357 Y127.478 F9000
G1 F3000
G1 X97.054 Y114.782 E.53564
G1 X96.686 Y114.616 F9000
G1 F3000
G1 X84.011 Y127.29 E.53472
G1 X83.686 Y127.081 F9000
G1 F3000
G1 X96.318 Y114.45 E.53289
G1 X95.95 Y114.284 F9000
G1 F3000
G1 X83.362 Y126.871 E.53104
G1 X83.038 Y126.661 F9000
G1 F3000
G1 X95.582 Y114.117 E.5292
G1 X95.214 Y113.951 F9000
G1 F3000
G1 X82.714 Y126.452 E.52736
G1 X82.389 Y126.242 F9000
G1 F3000
G1 X94.846 Y113.785 E.52551
G1 X94.493 Y113.604 F9000
G1 F3000
G1 X82.065 Y126.032 E.52429
G1 X81.741 Y125.822 F9000
G1 F3000
G1 X94.151 Y113.412 E.52354
G1 X93.812 Y113.217 F9000
G1 F3000
G1 X81.416 Y125.612 E.52294
G1 X81.092 Y125.403 F9000
G1 F3000
G1 X93.474 Y113.021 E.52234
G1 X93.135 Y112.826 F9000
G1 F3000
G1 X80.77 Y125.191 E.52165
G1 X80.467 Y124.959 F9000
G1 F3000
G1 X92.797 Y112.63 E.52015
G1 X92.458 Y112.434 F9000
G1 F3000
G1 X80.165 Y124.728 E.51864
G1 X79.862 Y124.497 F9000
G1 F3000
G1 X92.12 Y112.239 E.51713
G1 X91.784 Y112.041 F9000
G1 F3000
G1 X79.559 Y124.265 E.51573
G1 X79.256 Y124.034 F9000
G1 F3000
G1 X91.472 Y111.818 E.51536
G1 X91.161 Y111.596 F9000
G1 F3000
G1 X78.954 Y123.803 E.51499
G1 X78.651 Y123.571 F9000
G1 F3000
G1 X90.849 Y111.373 E.51462
G1 X90.538 Y111.151 F9000
G1 F3000
G1 X78.348 Y123.34 E.51425
G1 X78.045 Y123.109 F9000
G1 F3000
G1 X90.226 Y110.928 E.51388
G1 X89.915 Y110.706 F9000
G1 F3000
G1 X77.743 Y122.878 E.51351
G1 X77.452 Y122.634 F9000
G1 F3000
G1 X89.603 Y110.483 E.51261
G1 X89.292 Y110.26 F9000
G1 F3000
G1 X77.171 Y122.381 E.51134
G1 X76.889 Y122.129 F9000
G1 F3000
G1 X88.986 Y110.032 E.51034
G1 X88.702 Y109.782 F9000
G1 F3000
G1 X76.608 Y121.876 E.51023
G1 X76.326 Y121.623 F9000
G1 F3000
G1 X88.418 Y109.532 E.51012
G1 X88.134 Y109.282 F9000
G1 F3000
G1 X76.045 Y121.371 E.51001
G1 X75.763 Y121.118 F9000
G1 F3000
G1 X87.85 Y109.032 E.5099
G1 X87.566 Y108.782 F9000
G1 F3000
G1 X75.482 Y120.866 E.50979
G1 X75.201 Y120.613 F9000
G1 F3000
G1 X87.282 Y108.532 E.50967
G1 X86.998 Y108.282 F9000
G1 F3000
G1 X74.919 Y120.36 E.50956
G1 X74.638 Y120.108 F9000
G1 F3000
G1 X86.713 Y108.032 E.50945
G1 X86.435 Y107.777 F9000
G1 F3000
G1 X74.377 Y119.834 E.50868
G1 X74.117 Y119.561 F9000
G1 F3000
G1 X86.178 Y107.5 E.50883
G1 X85.921 Y107.222 F9000
G1 F3000
G1 X73.856 Y119.287 E.50898
G1 X73.596 Y119.013 F9000
G1 F3000
G1 X85.664 Y106.945 E.50912
G1 X85.407 Y106.668 F9000
G1 F3000
G1 X73.336 Y118.739 E.50927
G1 X73.075 Y118.466 F9000
G1 F3000
G1 X85.15 Y106.391 E.50942
G1 X84.894 Y106.113 F9000
G1 F3000
G1 X72.815 Y118.192 E.50957
G1 X72.554 Y117.918 F9000
G1 F3000
G1 X84.637 Y105.836 E.50972
G1 X84.38 Y105.559 F9000
G1 F3000
G1 X72.294 Y117.645 E.50987
G1 X72.034 Y117.371 F9000
G1 F3000
G1 X84.126 Y105.279 E.51015
G1 X83.897 Y104.974 F9000
G1 F3000
G1 X71.782 Y117.089 E.5111
G1 X71.542 Y116.794 F9000
G1 F3000
G1 X83.667 Y104.669 E.51151
G1 X83.438 Y104.365 F9000
G1 F3000
G1 X71.303 Y116.499 E.51192
G1 X71.064 Y116.204 F9000
G1 F3000
G1 X83.208 Y104.06 E.51233
G1 X82.979 Y103.756 F9000
G1 F3000
G1 X70.825 Y115.91 E.51274
G1 X70.586 Y115.615 F9000
G1 F3000
G1 X82.749 Y103.451 E.51315
G1 X82.52 Y103.147 F9000
G1 F3000
G1 X70.346 Y115.32 E.51355
G1 X70.107 Y115.025 F9000
G1 F3000
G1 X82.29 Y102.842 E.51396
G1 X82.066 Y102.532 F9000
G1 F3000
G1 X69.868 Y114.73 E.51461
G1 X69.629 Y114.435 F9000
G1 F3000
G1 X81.863 Y102.2 E.51615
G1 X81.661 Y101.869 F9000
G1 F3000
G1 X69.39 Y114.14 E.51769
G1 X69.168 Y113.827 F9000
G1 F3000
G1 X81.458 Y101.538 E.51847
G1 X81.255 Y101.206 F9000
G1 F3000
G1 X68.951 Y113.511 E.5191
G1 X68.733 Y113.195 F9000
G1 F3000
G1 X81.053 Y100.875 E.51973
G1 X80.85 Y100.544 F9000
G1 F3000
G1 X68.516 Y112.878 E.52036
G1 X68.298 Y112.562 F9000
G1 F3000
G1 X80.647 Y100.212 E.521
G1 X80.45 Y99.875 F9000
G1 F3000
G1 X68.08 Y112.245 E.52186
G1 X67.863 Y111.929 F9000
G1 F3000
G1 X80.266 Y99.525 E.52327
G1 X80.092 Y99.165 F9000
G1 F3000
G1 X67.645 Y111.612 E.52513
G1 X67.427 Y111.296 F9000
G1 F3000
G1 X79.919 Y98.805 E.52698
G1 X79.745 Y98.444 F9000
G1 F3000
G1 X67.21 Y110.98 E.52883
G1 X67.001 Y110.654 F9000
G1 F3000
G1 X79.571 Y98.084 E.5303
G1 X79.397 Y97.724 F9000
G1 F3000
G1 X66.805 Y110.316 E.53122
G1 X66.61 Y109.977 F9000
G1 F3000
G1 X79.224 Y97.364 E.53213
G1 X79.05 Y97.003 F9000
G1 F3000
G1 X66.414 Y109.638 E.53306
G1 X66.219 Y109.3 F9000
G1 F3000
G1 X78.891 Y96.628 E.53459
G1 X78.747 Y96.238 F9000
G1 F3000
G1 X66.024 Y108.961 E.53678
G1 X65.828 Y108.623 F9000
G1 F3000
G1 X78.605 Y95.846 E.53901
G1 X78.462 Y95.455 F9000
G1 F3000
G1 X65.633 Y108.284 E.54125
G1 X65.437 Y107.946 F9000
G1 F3000
G1 X78.32 Y95.063 E.54349
G1 X78.177 Y94.671 F9000
G1 F3000
G1 X65.242 Y107.607 E.54572
G1 X65.05 Y107.265 F9000
G1 F3000
G1 X78.035 Y94.28 E.5478
G1 X77.892 Y93.888 F9000
G1 F3000
G1 X64.877 Y106.903 E.54907
G1 X64.705 Y106.541 F9000
G1 F3000
G1 X77.765 Y93.481 E.55096
G1 X77.653 Y93.06 F9000
G1 F3000
G1 X64.533 Y106.18 E.55349
G1 X64.36 Y105.818 F9000
G1 F3000
G1 X77.544 Y92.634 E.5562
G1 X77.436 Y92.208 F9000
G1 F3000
G1 X64.188 Y105.456 E.5589
G1 X64.016 Y105.094 F9000
G1 F3000
G1 X77.328 Y91.782 E.5616
G1 X77.219 Y91.357 F9000
G1 F3000
G1 X63.843 Y104.733 E.5643
G1 X63.671 Y104.371 F9000
G1 F3000
G1 X77.111 Y90.931 E.567
G1 X77.003 Y90.505 F9000
G1 F3000
G1 X63.499 Y104.009 E.56971
G1 X63.33 Y103.643 F9000
G1 F3000
G1 X76.93 Y90.044 E.57373
G1 X76.859 Y89.581 F9000
G1 F3000
G1 X63.182 Y103.257 E.57696
G1 X63.035 Y102.871 F9000
G1 F3000
G1 X76.787 Y89.118 E.5802
G1 X76.716 Y88.655 F9000
G1 F3000
G1 X62.887 Y102.485 E.58344
G1 X62.739 Y102.099 F9000
G1 F3000
G1 X76.645 Y88.192 E.58667
G1 X76.574 Y87.73 F9000
G1 F3000
G1 X62.591 Y101.713 E.58991
G1 X62.443 Y101.326 F9000
G1 F3000
G1 X76.503 Y87.267 E.59314
G1 X76.463 Y86.772 F9000
G1 F3000
G1 X62.295 Y100.94 E.59772
G1 X62.147 Y100.554 F9000
G1 F3000
G1 X76.438 Y86.264 E.60287
G1 X76.412 Y85.755 F9000
G1 F3000
G1 X61.999 Y100.168 E.60802
G1 X61.864 Y99.769 F9000
G1 F3000
G1 X76.386 Y85.247 E.61265
G1 X76.36 Y84.739 F9000
G1 F3000
G1 X61.742 Y99.357 E.61669
G1 X61.621 Y98.944 F9000
G1 F3000
G1 X76.334 Y84.231 E.62073
G1 X76.309 Y83.722 F9000
G1 F3000
G1 X61.499 Y98.532 E.62477
G1 X61.378 Y98.119 F9000
G1 F3000
G1 X76.332 Y83.164 E.63091
G1 X76.361 Y82.602 F9000
G1 F3000
G1 X61.256 Y97.707 E.63725
G1 X61.134 Y97.294 F9000
G1 F3000
G1 X76.39 Y82.039 E.6436
G1 X76.419 Y81.476 F9000
G1 F3000
G1 X61.013 Y96.882 E.64994
G1 X60.891 Y96.47 F9000
G1 F3000
G1 X76.447 Y80.913 E.65629
G1 X76.476 Y80.35 F9000
G1 F3000
G1 X60.774 Y96.053 E.66244
G1 X60.681 Y95.611 F9000
G1 F3000
G1 X76.565 Y79.727 E.67013
G1 X76.662 Y79.096 F9000
G1 F3000
G1 X60.588 Y95.17 E.67813
G1 X60.495 Y94.729 F9000
G1 F3000
G1 X76.759 Y78.465 E.68614
G1 X76.856 Y77.834 F9000
G1 F3000
G1 X60.402 Y94.288 E.69415
G1 X60.309 Y93.847 F9000
G1 F3000
G1 X76.953 Y77.203 E.70216
G1 X77.097 Y76.525 F9000
G1 F3000
G1 X60.216 Y93.406 E.71215
G1 X60.123 Y92.965 F9000
G1 F3000
G1 X77.279 Y75.809 E.72376
G1 X77.461 Y75.093 F9000
G1 F3000
G1 X60.03 Y92.524 E.73537
G1 X59.946 Y92.074 F9000
G1 F3000
G1 X77.643 Y74.377 E.74661
G1 X77.846 Y73.64 F9000
G1 F3000
G1 X59.884 Y91.601 E.75776
G1 X59.823 Y91.129 F9000
G1 F3000
G1 X78.15 Y72.801 E.77318
G1 X78.456 Y71.962 F9000
G1 F3000
G1 X59.762 Y90.656 E.78865
G1 X59.701 Y90.183 F9000
G1 F3000
G1 X78.761 Y71.123 E.80411
G1 X79.139 Y70.211 F9000
G1 F3000
G1 X59.639 Y89.71 E.82264
G1 X59.578 Y89.237 F9000
G1 F3000
G1 X79.636 Y69.179 E.84621
G1 X80.134 Y68.148 F9000
G1 F3000
G1 X59.517 Y88.765 E.86978
G1 X59.456 Y88.292 F9000
G1 F3000
G1 X80.784 Y66.964 E.89978
G1 X81.624 Y65.589 F9000
G1 F3000
G1 X59.426 Y87.788 E.93651
G1 X59.4 Y87.279 F9000
G1 F3000
G1 X82.803 Y63.876 E.98733
G1 E-.84 F2400
;WIPE_START
G1 F3000
G1 X82.096 Y64.583 E-.36
;WIPE_END
G1 F9000
G1 X82.5703 Y64.2442 Z1.23077
G1 X83.1474 Y64.1647 Z1.26154
G1 X83.6953 Y64.3624 Z1.29231
G1 X84.0885 Y64.7921 Z1.32308
G1 X84.237 Y65.3553 Z1.35385
G1 X84.1068 Y65.923 Z1.38462
G1 X83.7277 Y66.3652 Z1.41538
G1 X83.1865 Y66.5806 Z1.44615
G1 X82.6072 Y66.5197 Z1.47692
G1 X82.1225 Y66.1966 Z1.50769
G1 X81.8435 Y65.6853 Z1.53846
G1 X81.8341 Y65.1029 Z1.56923
G1 X82.0964 Y64.5828 Z1.6
G1 X85.309 Y60.837 Z1.6
G1 Z1.2
G1 E1.2 F1800
G1 F3000
G1 X59.375 Y86.77 E1.09408
G1 X59.349 Y86.262 F9000
G1 F3000
G1 X112.582 Y33.029 E2.24574
G1 X112.087 Y32.99 F9000
G1 F3000
G1 X59.324 Y85.753 E2.22593
G1 X59.298 Y85.244 F9000
G1 F3000
G1 X111.559 Y32.984 E2.20476
G1 X111.025 Y32.984 F9000
G1 F3000
G1 X59.273 Y84.736 E2.1833
G1 X59.248 Y84.227 F9000
G1 F3000
G1 X110.491 Y32.984 E2.16183
G1 X109.957 Y32.984 F9000
G1 F3000
G1 X59.264 Y83.677 E2.13862
G1 X59.28 Y83.127 F9000
G1 F3000
G1 X109.423 Y32.984 E2.11542
G1 X108.889 Y32.984 F9000
G1 F3000
G1 X59.296 Y82.577 E2.09221
G1 X59.312 Y82.027 F9000
G1 F3000
G1 X108.355 Y32.984 E2.06901
G1 X107.806 Y32.999 F9000
G1 F3000
G1 X59.328 Y81.477 E2.04516
G1 X59.344 Y80.927 F9000
G1 F3000
G1 X107.226 Y33.045 E2.02002
G1 X106.646 Y33.091 F9000
G1 F3000
G1 X59.36 Y80.377 E1.99488
G1 X59.411 Y79.792 F9000
G1 F3000
G1 X106.066 Y33.136 E1.96827
G1 X105.486 Y33.182 F9000
G1 F3000
G1 X59.475 Y79.193 E1.9411
G1 X59.539 Y78.595 F9000
G1 F3000
G1 X104.906 Y33.228 E1.91393
G1 X104.326 Y33.274 F9000
G1 F3000
G1 X59.603 Y77.997 E1.88676
G1 X59.667 Y77.399 F9000
G1 F3000
G1 X103.722 Y33.345 E1.85855
G1 X103.086 Y33.446 F9000
G1 F3000
G1 X59.731 Y76.801 E1.82905
G1 X59.795 Y76.203 F9000
G1 F3000
G1 X102.451 Y33.547 E1.79955
G1 X101.816 Y33.648 F9000
G1 F3000
G1 X59.676 Y75.788 E1.77777
G1 X59.41 Y75.519 F9000
G1 F3000
G1 X101.181 Y33.749 E1.76219
G1 X100.545 Y33.85 F9000
G1 F3000
G1 X59.114 Y75.282 E1.74788
G1 X58.818 Y75.044 F9000
G1 F3000
G1 X99.895 Y33.966 E1.73295
G1 X99.191 Y34.136 F9000
G1 F3000
G1 X58.522 Y74.806 E1.71575
G1 X58.226 Y74.568 F9000
G1 F3000
G1 X98.487 Y34.306 E1.69854
G1 X97.783 Y34.476 F9000
G1 F3000
G1 X57.93 Y74.33 E1.68134
G1 X57.633 Y74.092 F9000
G1 F3000
G1 X97.079 Y34.646 E1.66413
G1 X96.375 Y34.816 F9000
G1 F3000
G1 X57.337 Y73.854 E1.64692
G1 X57.041 Y73.616 F9000
G1 F3000
G1 X95.61 Y35.047 E1.62714
G1 X94.817 Y35.306 F9000
G1 F3000
G1 X56.745 Y73.378 E1.60617
G1 X56.449 Y73.14 F9000
G1 F3000
G1 X94.024 Y35.565 E1.5852
G1 X93.231 Y35.824 F9000
G1 F3000
G1 X56.153 Y72.902 E1.56423
G1 X55.856 Y72.664 F9000
G1 F3000
G1 X92.437 Y36.084 E1.54326
G1 X91.536 Y36.451 F9000
G1 F3000
G1 X55.56 Y72.427 E1.51772
G1 X55.264 Y72.189 F9000
G1 F3000
G1 X90.62 Y36.832 E1.4916
G1 X89.705 Y37.214 F9000
G1 F3000
G1 X54.968 Y71.951 E1.46547
G1 X54.672 Y71.713 F9000
G1 F3000
G1 X88.79 Y37.595 E1.43934
G1 X87.722 Y38.129 F9000
G1 F3000
G1 X54.376 Y71.475 E1.40678
G1 X54.079 Y71.237 F9000
G1 F3000
G1 X86.626 Y38.691 E1.37305
G1 X85.53 Y39.252 F9000
G1 F3000
G1 X53.783 Y70.999 E1.33931
G1 X53.487 Y70.761 F9000
G1 F3000
G1 X84.258 Y39.991 E1.29813
G1 X82.864 Y40.85 F9000
G1 F3000
G1 X53.191 Y70.523 E1.25184
G1 X52.895 Y70.285 F9000
G1 F3000
G1 X81.386 Y41.794 E1.20197
G1 E-.84 F2400
;WIPE_START
G1 F3000
G1 X80.679 Y42.501 E-.36
;WIPE_END
G1 F9000
G1 X80.1195 Y42.6641 Z1.23077
G1 X79.5487 Y42.5481 Z1.26154
G1 X79.0971 Y42.1802 Z1.29231
G1 X78.8683 Y41.6446 Z1.32308
G1 X78.9146 Y41.0639 Z1.35385
G1 X79.2254 Y40.5713 Z1.38462
G1 X79.7295 Y40.2796 Z1.41538
G1 X80.3115 Y40.2555 Z1.44615
G1 X80.838 Y40.5047 Z1.47692
G1 X81.1884 Y40.97 Z1.50769
G1 X81.2824 Y41.5448 Z1.53846
G1 X81.0985 Y42.0975 Z1.56923
G1 X80.6788 Y42.5014 Z1.6
G1 X79.411 Y43.235 Z1.6
G1 Z1.2
G1 E1.2 F1800
G1 F3000
G1 X52.599 Y70.047 E1.13115
G1 X52.303 Y69.81 F9000
G1 F3000
G1 X78.03 Y44.082 E1.08539
G1 X77.606 Y43.972 F9000
G1 F3000
G1 X52.006 Y69.572 E1.08
G1 X51.71 Y69.334 F9000
G1 F3000
G1 X77.222 Y43.822 E1.07627
G1 X76.837 Y43.673 F9000
G1 F3000
G1 X51.414 Y69.096 E1.07253
G1 X51.118 Y68.858 F9000
G1 F3000
G1 X76.452 Y43.523 E1.0688
G1 X76.068 Y43.374 F9000
G1 F3000
G1 X50.822 Y68.62 E1.06506
G1 X50.526 Y68.382 F9000
G1 F3000
G1 X75.683 Y43.225 E1.06133
G1 X75.298 Y43.075 F9000
G1 F3000
G1 X50.229 Y68.144 E1.05759
G1 X49.933 Y67.906 F9000
G1 F3000
G1 X74.914 Y42.926 E1.05386
G1 X74.529 Y42.777 F9000
G1 F3000
G1 X49.637 Y67.668 E1.05013
G1 X49.341 Y67.43 F9000
G1 F3000
G1 X74.144 Y42.627 E1.04639
G1 X73.76 Y42.478 F9000
G1 F3000
G1 X49.045 Y67.193 E1.04266
G1 X48.749 Y66.955 F9000
G1 F3000
G1 X73.375 Y42.328 E1.03892
G1 X72.99 Y42.179 F9000
G1 F3000
G1 X48.452 Y66.717 E1.03519
G1 X48.156 Y66.479 F9000
G1 F3000
G1 X72.606 Y42.03 E1.03145
G1 X72.221 Y41.88 F9000
G1 F3000
G1 X47.86 Y66.241 E1.02772
G1 X47.564 Y66.003 F9000
G1 F3000
G1 X71.836 Y41.731 E1.02399
G1 X71.452 Y41.581 F9000
G1 F3000
G1 X47.268 Y65.765 E1.02025
G1 X46.972 Y65.527 F9000
G1 F3000
G1 X71.067 Y41.432 E1.01652
G1 X70.682 Y41.283 F9000
G1 F3000
G1 X46.676 Y65.289 E1.01278
G1 X46.379 Y65.051 F9000
G1 F3000
G1 X70.298 Y41.133 E1.00905
G1 X69.913 Y40.984 F9000
G1 F3000
G1 X46.083 Y64.813 E1.00531
G1 X45.787 Y64.576 F9000
G1 F3000
G1 X69.528 Y40.834 E1.00158
G1 X69.144 Y40.685 F9000
G1 F3000
G1 X45.491 Y64.338 E.99785
G1 X45.195 Y64.1 F9000
G1 F3000
G1 X68.759 Y40.536 E.99411
G1 X68.374 Y40.386 F9000
G1 F3000
G1 X44.899 Y63.862 E.99038
G1 X44.602 Y63.624 F9000
G1 F3000
G1 X67.99 Y40.237 E.98664
G1 X67.605 Y40.087 F9000
G1 F3000
G1 X44.306 Y63.386 E.98291
G1 X44.01 Y63.148 F9000
G1 F3000
G1 X67.22 Y39.938 E.97917
G1 X66.835 Y39.789 F9000
G1 F3000
G1 X43.714 Y62.91 E.97544
G1 X43.418 Y62.672 F9000
G1 F3000
G1 X66.451 Y39.639 E.97171
G1 X66.066 Y39.49 F9000
G1 F3000
G1 X43.122 Y62.434 E.96797
G1 X42.825 Y62.196 F9000
G1 F3000
G1 X65.681 Y39.34 E.96424
G1 X65.297 Y39.191 F9000
G1 F3000
G1 X42.529 Y61.959 E.9605
G1 X42.233 Y61.721 F9000
G1 F3000
G1 X64.912 Y39.042 E.95677
G1 X64.527 Y38.892 F9000
G1 F3000
G1 X41.937 Y61.483 E.95303
G1 X41.641 Y61.245 F9000
G1 F3000
G1 X64.143 Y38.743 E.9493
G1 X63.758 Y38.594 F9000
G1 F3000
G1 X41.345 Y61.007 E.94557
G1 X41.049 Y60.769 F9000
G1 F3000
G1 X63.373 Y38.444 E.94183
G1 X62.989 Y38.295 F9000
G1 F3000
G1 X40.752 Y60.531 E.9381
G1 X40.456 Y60.293 F9000
G1 F3000
G1 X62.604 Y38.145 E.93436
G1 X62.219 Y37.996 F9000
G1 F3000
G1 X40.16 Y60.055 E.93063
G1 X39.864 Y59.817 F9000
G1 F3000
G1 X61.835 Y37.847 E.92689
G1 X61.45 Y37.697 F9000
G1 F3000
G1 X39.568 Y59.579 E.92316
G1 X39.272 Y59.342 F9000
G1 F3000
G1 X61.065 Y37.548 E.91943
G1 X60.681 Y37.398 F9000
G1 F3000
G1 X38.975 Y59.104 E.91569
G1 X38.679 Y58.866 F9000
G1 F3000
G1 X60.296 Y37.249 E.91196
G1 X59.911 Y37.1 F9000
G1 F3000
G1 X38.383 Y58.628 E.90822
G1 X38.087 Y58.39 F9000
G1 F3000
G1 X59.527 Y36.95 E.90449
G1 X59.142 Y36.801 F9000
G1 F3000
G1 X37.791 Y58.152 E.90075
G1 X37.495 Y57.914 F9000
G1 F3000
G1 X58.757 Y36.651 E.89702
G1 X58.373 Y36.502 F9000
G1 F3000
G1 X37.198 Y57.676 E.89329
G1 X36.902 Y57.438 F9000
G1 F3000
G1 X57.988 Y36.353 E.88955
G1 X57.603 Y36.203 F9000
G1 F3000
G1 X36.606 Y57.2 E.88582
G1 X36.31 Y56.962 F9000
G1 F3000
G1 X57.219 Y36.054 E.88208
G1 X56.834 Y35.904 F9000
G1 F3000
G1 X36.014 Y56.725 E.87835
G1 X35.718 Y56.487 F9000
G1 F3000
G1 X56.449 Y35.755 E.87461
G1 X56.065 Y35.606 F9000
G1 F3000
G1 X35.422 Y56.249 E.87088
G1 X35.125 Y56.011 F9000
G1 F3000
G1 X55.68 Y35.456 E.86715
G1 X55.295 Y35.307 F9000
G1 F3000
G1 X34.829 Y55.773 E.86341
G1 X34.533 Y55.535 F9000
G1 F3000
G1 X54.911 Y35.157 E.85968
G1 X54.526 Y35.008 F9000
G1 F3000
G1 X34.237 Y55.297 E.85594
G1 X33.941 Y55.059 F9000
G1 F3000
G1 X54.141 Y34.859 E.85221
G1 X53.757 Y34.709 F9000
G1 F3000
G1 X33.645 Y54.821 E.84847
G1 X33.348 Y54.583 F9000
G1 F3000
G1 X53.372 Y34.56 E.84474
G1 X52.987 Y34.41 F9000
G1 F3000
G1 X33.052 Y54.345 E.84101
G1 X32.756 Y54.108 F9000
G1 F3000
G1 X52.603 Y34.261 E.83727
G1 X52.218 Y34.112 F9000
G1 F3000
G1 X32.46 Y53.87 E.83354
G1 X32.164 Y53.632 F9000
G1 F3000
G1 X51.833 Y33.962 E.8298
G1 X51.449 Y33.813 F9000
G1 F3000
G1 X31.868 Y53.394 E.82607
G1 X31.571 Y53.156 F9000
G1 F3000
G1 X51.064 Y33.664 E.82233
G1 X50.679 Y33.514 F9000
G1 F3000
G1 X31.275 Y52.918 E.8186
G1 X30.979 Y52.68 F9000
G1 F3000
G1 X50.294 Y33.365 E.81486
G1 X49.91 Y33.215 F9000
G1 F3000
G1 X30.683 Y52.442 E.81113
G1 X30.387 Y52.204 F9000
G1 F3000
G1 X49.525 Y33.066 E.8074
G1 X49.14 Y32.917 F9000
G1 F3000
G1 X30.091 Y51.966 E.80366
G1 X29.795 Y51.728 F9000
G1 F3000
G1 X48.756 Y32.767 E.79993
G1 X48.371 Y32.618 F9000
G1 F3000
G1 X29.498 Y51.49 E.79619
G1 X29.202 Y51.253 F9000
G1 F3000
G1 X47.986 Y32.468 E.79246
G1 X47.602 Y32.319 F9000
G1 F3000
G1 X28.906 Y51.015 E.78872
G1 X28.61 Y50.777 F9000
G1 F3000
G1 X47.217 Y32.17 E.78499
G1 X46.832 Y32.02 F9000
G1 F3000
G1 X28.314 Y50.539 E.78126
G1 X28.018 Y50.301 F9000
G1 F3000
G1 X46.448 Y31.871 E.77752
G1 X46.063 Y31.721 F9000
G1 F3000
G1 X27.721 Y50.063 E.77379
G1 X27.425 Y49.825 F9000
G1 F3000
G1 X45.678 Y31.572 E.77005
G1 X45.294 Y31.423 F9000
G1 F3000
G1 X27.129 Y49.587 E.76632
G1 X26.833 Y49.349 F9000
G1 F3000
G1 X44.909 Y31.273 E.76258
G1 X44.524 Y31.124 F9000
G1 F3000
G1 X26.537 Y49.111 E.75885
G1 X26.241 Y48.873 F9000
G1 F3000
G1 X44.14 Y30.974 E.75512
G1 X43.755 Y30.825 F9000
G1 F3000
G1 X25.944 Y48.636 E.75138
G1 X25.648 Y48.398 F9000
G1 F3000
G1 X43.37 Y30.676 E.74765
G1 X42.986 Y30.526 F9000
G1 F3000
G1 X25.352 Y48.16 E.74391
G1 X25.056 Y47.922 F9000
G1 F3000
G1 X42.601 Y30.377 E.74018
G1 X42.216 Y30.227 F9000
G1 F3000
G1 X24.76 Y47.684 E.73644
G1 X24.464 Y47.446 F9000
G1 F3000
G1 X41.832 Y30.078 E.73271
G1 X41.447 Y29.929 F9000
G1 F3000
G1 X24.168 Y47.208 E.72898
G1 X23.871 Y46.97 F9000
G1 F3000
G1 X41.062 Y29.779 E.72524
G1 X40.678 Y29.63 F9000
G1 F3000
G1 X23.575 Y46.732 E.72151
G1 X23.279 Y46.494 F9000
G1 F3000
G1 X40.293 Y29.481 E.71777
G1 X39.908 Y29.331 F9000
G1 F3000
G1 X22.983 Y46.256 E.71404
G1 X22.687 Y46.019 F9000
G1 F3000
G1 X39.524 Y29.182 E.7103
G1 X39.139 Y29.032 F9000
G1 F3000
G1 X22.391 Y45.781 E.70657
G1 X22.094 Y45.543 F9000
G1 F3000
G1 X38.754 Y28.883 E.70284
G1 X38.37 Y28.734 F9000
G1 F3000
G1 X21.798 Y45.305 E.6991
G1 X21.502 Y45.067 F9000
G1 F3000
G1 X37.985 Y28.584 E.69537
G1 X37.6 Y28.435 F9000
G1 F3000
G1 X21.206 Y44.829 E.69163
G1 X20.91 Y44.591 F9000
G1 F3000
G1 X37.216 Y28.285 E.6879
G1 X36.831 Y28.136 F9000
G1 F3000
G1 X20.614 Y44.353 E.68416
G1 X20.317 Y44.115 F9000
G1 F3000
G1 X36.446 Y27.987 E.68043
G1 X36.062 Y27.837 F9000
G1 F3000
G1 X20.021 Y43.877 E.6767
G1 X19.725 Y43.639 F9000
G1 F3000
G1 X35.677 Y27.688 E.67296
G1 X35.292 Y27.538 F9000
G1 F3000
G1 X19.429 Y43.402 E.66923
G1 X19.133 Y43.164 F9000
G1 F3000
G1 X34.908 Y27.389 E.66549
G1 X34.523 Y27.24 F9000
G1 F3000
G1 X18.837 Y42.926 E.66176
G1 X18.541 Y42.688 F9000
G1 F3000
G1 X34.138 Y27.09 E.65802
G1 X33.753 Y26.941 F9000
G1 F3000
G1 X18.244 Y42.45 E.65429
G1 X17.948 Y42.212 F9000
G1 F3000
G1 X33.369 Y26.791 E.65056
G1 X32.984 Y26.642 F9000
G1 F3000
G1 X17.652 Y41.974 E.64682
G1 X17.356 Y41.736 F9000
G1 F3000
G1 X32.599 Y26.493 E.64309
G1 X32.215 Y26.343 F9000
G1 F3000
G1 X17.06 Y41.498 E.63935
G1 X16.764 Y41.26 F9000
G1 F3000
G1 X31.83 Y26.194 E.63562
G1 X31.445 Y26.044 F9000
G1 F3000
G1 X16.467 Y41.022 E.63188
G1 X16.171 Y40.785 F9000
G1 F3000
G1 X31.061 Y25.895 E.62815
G1 X30.676 Y25.746 F9000
G1 F3000
G1 X15.875 Y40.547 E.62442
G1 X15.579 Y40.309 F9000
G1 F3000
G1 X30.291 Y25.596 E.62068
G1 X29.907 Y25.447 F9000
G1 F3000
G1 X15.283 Y40.071 E.61695
G1 X14.987 Y39.833 F9000
G1 F3000
G1 X29.522 Y25.298 E.61321
G1 X29.137 Y25.148 F9000
G1 F3000
G1 X14.691 Y39.595 E.60948
G1 X14.394 Y39.357 F9000
G1 F3000
G1 X28.753 Y24.999 E.60574
G1 X28.368 Y24.849 F9000
G1 F3000
G1 X14.098 Y39.119 E.60201
G1 X13.802 Y38.881 F9000
G1 F3000
G1 X19.546 Y33.137 E.24234
G1 X18.907 Y33.242 F9000
G1 F3000
G1 X13.506 Y38.643 E.22787
G1 X13.21 Y38.405 F9000
G1 F3000
G1 X18.428 Y33.188 E.22013
G1 X18.033 Y33.048 F9000
G1 F3000
G1 X12.93 Y38.151 E.21527
G1 X12.658 Y37.889 F9000
G1 F3000
G1 X17.692 Y32.855 E.21237
G1 X17.388 Y32.625 F9000
G1 F3000
G1 X12.386 Y37.627 E.21104
G1 X12.113 Y37.366 F9000
G1 F3000
G1 X17.152 Y32.327 E.21256
G1 X16.956 Y31.989 F9000
G1 F3000
G1 X11.854 Y37.09 E.21523
G1 X11.63 Y36.781 F9000
G1 F3000
G1 X16.816 Y31.594 E.21882
G1 X16.753 Y31.124 F9000
G1 F3000
G1 X11.405 Y36.472 E.2256
G1 X11.18 Y36.162 F9000
G1 F3000
G1 X16.841 Y30.502 E.2388
G1 E-.84 F2400
;WIPE_START
G1 F3000
G1 X16.134 Y31.209 E-.36
;WIPE_END
G1 F9000
G1 X16.6794 Y31.4127 Z1.23077
G1 X17.0678 Y31.8467 Z1.26154
G1 X17.2101 Y32.4116 Z1.29231
G1 X17.0735 Y32.9778 Z1.32308
G1 X16.6895 Y33.4158 Z1.35385
G1 X16.1459 Y33.6251 Z1.38462
G1 X15.5673 Y33.5578 Z1.41538
G1 X15.0863 Y33.2293 Z1.44615
G1 X14.813 Y32.7149 Z1.47692
G1 X14.8101 Y32.1325 Z1.50769
G1 X15.0781 Y31.6153 Z1.53846
G1 X15.5558 Y31.282 Z1.56923
G1 X16.1337 Y31.2089 Z1.6
G1 X20.918 Y31.765 Z1.6
G1 Z1.2
G1 E1.2 F1800
G1 F3000
G1 X27.983 Y24.7 E.29807
G1 X27.599 Y24.551 F9000
G1 F3000
G1 X21.037 Y31.112 E.27682
G1 X20.977 Y30.638 F9000
G1 F3000
G1 X27.214 Y24.401 E.26311
G1 X26.829 Y24.252 F9000
G1 F3000
G1 X20.843 Y30.238 E.25255
G1 X20.655 Y29.892 F9000
G1 F3000
G1 X26.445 Y24.102 E.24425
G1 X26.06 Y23.953 F9000
G1 F3000
G1 X20.416 Y29.597 E.23813
G1 X20.122 Y29.357 F9000
G1 F3000
G1 X25.675 Y23.804 E.2343
G1 X25.291 Y23.654 F9000
G1 F3000
G1 X19.781 Y29.164 E.23245
G1 X19.391 Y29.019 F9000
G1 F3000
G1 X24.906 Y23.505 E.23265
G1 X24.521 Y23.355 F9000
G1 F3000
G1 X18.912 Y28.965 E.23665
G1 X18.296 Y29.047 F9000
G1 F3000
G1 X24.137 Y23.206 E.24641
G1 X23.752 Y23.057 F9000
G1 F3000
G1 X10.956 Y35.853 E.53984
G1 X10.781 Y35.493 F9000
G1 F3000
G1 X23.367 Y22.907 E.53097
G1 X22.983 Y22.758 F9000
G1 F3000
G1 X10.607 Y35.133 E.52209
G1 X10.433 Y34.773 F9000
G1 F3000
G1 X22.598 Y22.608 E.51321
G1 X22.208 Y22.464 F9000
G1 F3000
G1 X10.259 Y34.414 E.50413
G1 X10.136 Y34.002 F9000
G1 F3000
G1 X21.794 Y22.344 E.49183
G1 X21.38 Y22.224 F9000
G1 F3000
G1 X10.019 Y33.585 E.4793
G1 X9.902 Y33.168 F9000
G1 F3000
G1 X20.966 Y22.104 E.46677
G1 X20.532 Y22.004 F9000
G1 F3000
G1 X9.794 Y32.742 E.45303
G1 X9.746 Y32.256 F9000
G1 F3000
G1 X20.049 Y21.953 E.43463
G1 X19.565 Y21.903 F9000
G1 F3000
G1 X9.699 Y31.769 E.41623
G1 X9.652 Y31.282 F9000
G1 F3000
G1 X19.082 Y21.852 E.39783
G1 X18.514 Y21.886 F9000
G1 F3000
G1 X9.678 Y30.722 E.37275
G1 X9.725 Y30.141 F9000
G1 F3000
G1 X17.938 Y21.928 E.34648
G1 X17.35 Y21.981 F9000
G1 F3000
G1 X9.772 Y29.56 E.31971
G1 X9.959 Y28.839 F9000
G1 F3000
G1 X16.633 Y22.164 E.28159
G1 X15.916 Y22.347 F9000
G1 F3000
G1 X10.15 Y28.114 E.24327
G1 X10.555 Y27.175 F9000
G1 F3000
G1 X14.971 Y22.759 E.18629
G1 X13.731 Y23.464 F9000
G1 F3000
G1 X11.255 Y25.941 E.10449
; stop printing object 본체3 id:257835021507036052 copy 0
G1 E-.84 F2400
;WIPE_START
G1 F3000
G1 X11.962 Y25.234 E-.36
;WIPE_END
M106 S0
;TYPE:Custom
; filament end gcode 
G91 ;Relative positionning 
G1 E-2 F2700 ;Retract a bit 
G1 E-2 Z0.2 F2400 ;Retract and raise Z 
G1 X5 Y5 F3000 ;Wipe out 
G1 Z10 ;Raise Z more 
G90 ;Absolute positionning 
 
G1 X0 Y220 ;Present print 
M106 S0 ;Turn-off fan 
M104 S0 ;Turn-off hotend 
M140 S0 ;Turn-off bed 
 
M84 X Y E ;Disable all steppers but Z
; EXECUTABLE_BLOCK_END

; filament used [mm] = 4778.41
; filament used [cm3] = 11.49
; filament used [g] = 14.60
; filament cost = 0.44
; total filament used [g] = 14.60
; total filament cost = 0.44
; total layers count = 6
; estimated printing time (normal mode) = 36m 48s
; estimated first layer printing time (normal mode) = 13s

; CONFIG_BLOCK_START
; accel_to_decel_enable = 1
; accel_to_decel_factor = 50%
; activate_air_filtration = 0
; activate_chamber_temp_control = 0
; adaptive_bed_mesh_margin = 0
; adaptive_pressure_advance = 0
; adaptive_pressure_advance_bridges = 0
; adaptive_pressure_advance_model = "0,0,0\n0,0,0"
; adaptive_pressure_advance_overhangs = 0
; additional_cooling_fan_speed = 0
; align_infill_direction_to_model = 0
; alternate_extra_wall = 0
; auxiliary_fan = 0
; bbl_calib_mark_logo = 1
; bbl_use_printhost = 0
; bed_custom_model = 
; bed_custom_texture = 
; bed_exclude_area = 0x0
; bed_mesh_max = 99999,99999
; bed_mesh_min = -99999,-99999
; bed_mesh_probe_distance = 50,50
; bed_temperature_formula = by_highest_temp
; before_layer_change_gcode = ;BEFORE_LAYER_CHANGE\n;[layer_z]\nG92 E0\n
; best_object_pos = 0.5,0.5
; bottom_shell_layers = 4
; bottom_shell_thickness = 0
; bottom_solid_infill_flow_ratio = 1
; bottom_surface_density = 100%
; bottom_surface_pattern = monotonic
; bridge_acceleration = 50%
; bridge_angle = 0
; bridge_density = 100%
; bridge_flow = 0.95
; bridge_no_support = 0
; bridge_speed = 100
; brim_ears_detection_length = 1
; brim_ears_max_angle = 125
; brim_object_gap = 0.1
; brim_type = no_brim
; brim_use_efc_outline = 0
; brim_width = 5
; calib_flowrate_topinfill_special_order = 0
; chamber_temperature = 0
; change_extrusion_role_gcode = 
; change_filament_gcode = M600
; close_fan_the_first_x_layers = 3
; complete_print_exhaust_fan_speed = 80
; cool_plate_temp = 70
; cool_plate_temp_initial_layer = 70
; cooling_tube_length = 5
; cooling_tube_retraction = 91.5
; counterbore_hole_bridging = none
; curr_bed_type = High Temp Plate
; default_acceleration = 2500
; default_bed_type = 
; default_filament_colour = ""
; default_filament_profile = "Creality Generic PLA @Ender-3V3-all"
; default_jerk = 0
; default_junction_deviation = 0
; default_nozzle_volume_type = Standard
; default_print_profile = 0.20mm Standard @Creality Ender3V3SE 0.4
; deretraction_speed = 30
; detect_narrow_internal_solid_infill = 1
; detect_overhang_wall = 1
; detect_thin_wall = 1
; disable_m73 = 1
; dont_filter_internal_bridges = disabled
; dont_slow_down_outer_wall = 0
; draft_shield = disabled
; during_print_exhaust_fan_speed = 60
; elefant_foot_compensation = 0
; elefant_foot_compensation_layers = 1
; emit_machine_limits_to_gcode = 1
; enable_arc_fitting = 0
; enable_extra_bridge_layer = disabled
; enable_filament_ramming = 1
; enable_long_retraction_when_cut = 0
; enable_overhang_bridge_fan = 1
; enable_overhang_speed = 1
; enable_power_loss_recovery = printer_configuration
; enable_pressure_advance = 0
; enable_prime_tower = 0
; enable_support = 0
; enable_tower_interface_cooldown_during_tower = 0
; enable_tower_interface_features = 0
; enable_wrapping_detection = 0
; enforce_support_layers = 0
; eng_plate_temp = 70
; eng_plate_temp_initial_layer = 70
; ensure_vertical_shell_thickness = ensure_all
; exclude_object = 0
; extra_loading_move = -2
; extra_perimeters_on_overhangs = 0
; extra_solid_infills = 
; extruder_ams_count = 1#0|4#0;1#0|4#0
; extruder_clearance_height_to_lid = 34
; extruder_clearance_height_to_rod = 47
; extruder_clearance_radius = 90
; extruder_colour = #26A69A
; extruder_offset = 0x0
; extruder_printable_area = 
; extruder_printable_height = 0
; extruder_type = Direct Drive
; extruder_variant_list = "Direct Drive Standard"
; extrusion_rate_smoothing_external_perimeter_only = 0
; fan_cooling_layer_time = 30
; fan_kickstart = 0
; fan_max_speed = 90
; fan_min_speed = 40
; fan_speedup_overhangs = 1
; fan_speedup_time = 0
; filament_adaptive_volumetric_speed = 0
; filament_adhesiveness_category = 0
; filament_change_length = 10
; filament_colour = #26A69A
; filament_colour_type = 1
; filament_cooling_final_speed = 3.4
; filament_cooling_initial_speed = 2.2
; filament_cooling_moves = 4
; filament_cost = 30
; filament_density = 1.27
; filament_diameter = 1.75
; filament_end_gcode = "; filament end gcode \n"
; filament_extruder_variant = "Direct Drive Standard"
; filament_flow_ratio = 0.95
; filament_flush_temp = 0
; filament_flush_volumetric_speed = 0
; filament_ids = GFG99
; filament_is_support = 0
; filament_loading_speed = 28
; filament_loading_speed_start = 3
; filament_map = 1
; filament_map_mode = Auto For Flush
; filament_max_volumetric_speed = 9
; filament_minimal_purge_on_wipe_tower = 15
; filament_multi_colour = #26A69A
; filament_multitool_ramming = 0
; filament_multitool_ramming_flow = 10
; filament_multitool_ramming_volume = 10
; filament_notes = ""
; filament_printable = 3
; filament_ramming_parameters = "120 100 6.6 6.8 7.2 7.6 7.9 8.2 8.7 9.4 9.9 10.0| 0.05 6.6 0.45 6.8 0.95 7.8 1.45 8.3 1.95 9.7 2.45 10 2.95 7.6 3.45 7.6 3.95 7.6 4.45 7.6 4.95 7.6"
; filament_self_index = 1
; filament_settings_id = "Creality Generic PETG @Ender-3V3-all"
; filament_shrink = 100%
; filament_shrinkage_compensation_z = 100%
; filament_soluble = 0
; filament_stamping_distance = 0
; filament_stamping_loading_speed = 0
; filament_start_gcode = "; filament start gcode\n"
; filament_toolchange_delay = 0
; filament_tower_interface_pre_extrusion_dist = 10
; filament_tower_interface_pre_extrusion_length = 0
; filament_tower_interface_print_temp = -1
; filament_tower_interface_purge_volume = 20
; filament_tower_ironing_area = 4
; filament_type = PETG
; filament_unloading_speed = 90
; filament_unloading_speed_start = 100
; filament_vendor = Generic
; file_start_gcode = ;FLAVOR:Marlin\n;TIME:{print_time_sec}\n;Filament used:{used_filament_length}m\n;Layer height:{layer_height}
; filename_format = {input_filename_base}_{filament_type[initial_tool]}_{print_time}.gcode
; fill_multiline = 1
; filter_out_gap_fill = 0
; first_layer_flow_ratio = 1
; first_layer_print_sequence = 0
; flush_into_infill = 0
; flush_into_objects = 0
; flush_into_support = 1
; flush_multiplier = 0.3
; flush_volumes_matrix = 0
; flush_volumes_vector = 140,140
; full_fan_speed_layer = 0
; fuzzy_skin = disabled_fuzzy
; fuzzy_skin_first_layer = 0
; fuzzy_skin_mode = displacement
; fuzzy_skin_noise_type = classic
; fuzzy_skin_octaves = 4
; fuzzy_skin_persistence = 0.5
; fuzzy_skin_point_distance = 0.3
; fuzzy_skin_scale = 1
; fuzzy_skin_thickness = 0.2
; gap_fill_flow_ratio = 1
; gap_fill_target = nowhere
; gap_infill_speed = 50
; gcode_add_line_number = 0
; gcode_comments = 0
; gcode_flavor = marlin2
; gcode_label_objects = 1
; grab_length = 0
; has_scarf_joint_seam = 0
; head_wrap_detect_zone = 
; high_current_on_filament_swap = 0
; hole_to_polyhole = 0
; hole_to_polyhole_threshold = 0.01
; hole_to_polyhole_twisted = 1
; host_type = octoprint
; hot_plate_temp = 70
; hot_plate_temp_initial_layer = 70
; idle_temperature = 0
; independent_support_layer_height = 1
; infill_anchor = 400%
; infill_anchor_max = 20
; infill_combination = 0
; infill_combination_max_layer_height = 100%
; infill_direction = 45
; infill_jerk = 9
; infill_lock_depth = 1
; infill_overhang_angle = 60
; infill_shift_step = 0.4
; infill_wall_overlap = 15%
; initial_layer_acceleration = 500
; initial_layer_infill_speed = 80
; initial_layer_jerk = 9
; initial_layer_line_width = 0.46
; initial_layer_min_bead_width = 85%
; initial_layer_print_height = 0.2
; initial_layer_speed = 30
; initial_layer_travel_speed = 100%
; inner_wall_acceleration = 2000
; inner_wall_flow_ratio = 1
; inner_wall_jerk = 9
; inner_wall_line_width = 0.45
; inner_wall_speed = 90
; interface_shells = 0
; interlocking_beam = 0
; interlocking_beam_layer_count = 2
; interlocking_beam_width = 0.8
; interlocking_boundary_avoidance = 2
; interlocking_depth = 2
; interlocking_orientation = 22.5
; internal_bridge_angle = 0
; internal_bridge_density = 100%
; internal_bridge_fan_speed = -1
; internal_bridge_flow = 1
; internal_bridge_speed = 150%
; internal_solid_infill_acceleration = 100%
; internal_solid_infill_flow_ratio = 1
; internal_solid_infill_line_width = 0.42
; internal_solid_infill_pattern = monotonic
; internal_solid_infill_speed = 180
; ironing_angle = 0
; ironing_angle_fixed = 0
; ironing_fan_speed = -1
; ironing_flow = 15%
; ironing_inset = 0
; ironing_pattern = rectilinear
; ironing_spacing = 0.1
; ironing_speed = 20
; ironing_type = no ironing
; is_infill_first = 0
; lateral_lattice_angle_1 = -45
; lateral_lattice_angle_2 = 45
; layer_change_gcode = 
; layer_height = 0.2
; line_width = 0.46
; long_retractions_when_cut = 0
; long_retractions_when_ec = 0
; machine_end_gcode = G91 ;Relative positionning \nG1 E-2 F2700 ;Retract a bit \nG1 E-2 Z0.2 F2400 ;Retract and raise Z \nG1 X5 Y5 F3000 ;Wipe out \nG1 Z10 ;Raise Z more \nG90 ;Absolute positionning \n \nG1 X0 Y220 ;Present print \nM106 S0 ;Turn-off fan \nM104 S0 ;Turn-off hotend \nM140 S0 ;Turn-off bed \n \nM84 X Y E ;Disable all steppers but Z
; machine_load_filament_time = 11
; machine_max_acceleration_e = 5000,5000
; machine_max_acceleration_extruding = 2500,2500
; machine_max_acceleration_retracting = 500,500
; machine_max_acceleration_travel = 2500,2500
; machine_max_acceleration_x = 2500,2500
; machine_max_acceleration_y = 2500,2500
; machine_max_acceleration_z = 500,500
; machine_max_jerk_e = 5,5
; machine_max_jerk_x = 10,10
; machine_max_jerk_y = 10,10
; machine_max_jerk_z = 0.4,0.4
; machine_max_junction_deviation = 0.01
; machine_max_speed_e = 40,40
; machine_max_speed_x = 250,250
; machine_max_speed_y = 250,250
; machine_max_speed_z = 5,5
; machine_min_extruding_rate = 0,0
; machine_min_travel_rate = 0,0
; machine_pause_gcode = M25
; machine_start_gcode = M220 S100 ;Reset Feedrate \nM221 S100 ;Reset Flowrate \n \nM104 S[nozzle_temperature_initial_layer] ;Set final nozzle temp \nM190 S[bed_temperature_initial_layer_single] ;Set and wait for bed temp to stabilize \nG28 ;Home \nG92 E0 ;Reset Extruder \nG1 Z2.0 F3000 ;Move Z Axis up \nG1 X-2.1 Y20 Z0.28 F5000.0 ;Move to start position \nM109 S[nozzle_temperature_initial_layer] ;Wait for nozzle temp to stabilize \nG1 X-2.1 Y145.0 Z0.28 F1500.0 E15 ;Draw the first line \nG1 X-2.4 Y145.0 Z0.28 F5000.0 ;Move to side a little \nG1 X-2.4 Y20 Z0.28 F1500.0 E30 ;Draw the second line \nG92 E0  ;Reset Extruder \nG1 E-1.0000 F1800 ;Retract a bit \nG1 Z2.0 F3000 ;Move Z Axis up \nG1 E0.0000 F1800
; machine_tool_change_time = 0
; machine_unload_filament_time = 0
; make_overhang_printable = 0
; make_overhang_printable_angle = 55
; make_overhang_printable_hole_size = 0
; manual_filament_change = 1
; master_extruder_id = 1
; max_bridge_length = 10
; max_layer_height = 0.32
; max_resonance_avoidance_speed = 120
; max_travel_detour_distance = 0
; max_volumetric_extrusion_rate_slope = 0
; max_volumetric_extrusion_rate_slope_segment_length = 3
; min_bead_width = 85%
; min_feature_size = 25%
; min_layer_height = 0.08
; min_length_factor = 0.5
; min_resonance_avoidance_speed = 70
; min_skirt_length = 0
; min_width_top_surface = 300%
; minimum_sparse_infill_area = 10
; mmu_segmented_region_interlocking_depth = 0
; mmu_segmented_region_max_width = 0
; notes = 
; nozzle_diameter = 0.4
; nozzle_flush_dataset = 0
; nozzle_height = 2.5
; nozzle_hrc = 0
; nozzle_temperature = 250
; nozzle_temperature_initial_layer = 250
; nozzle_temperature_range_high = 270
; nozzle_temperature_range_low = 220
; nozzle_type = brass
; nozzle_volume = 0
; nozzle_volume_type = Standard
; only_one_wall_first_layer = 0
; only_one_wall_top = 0
; ooze_prevention = 0
; other_layers_print_sequence = 0
; other_layers_print_sequence_nums = 0
; outer_wall_acceleration = 1000
; outer_wall_flow_ratio = 1
; outer_wall_jerk = 9
; outer_wall_line_width = 0.42
; outer_wall_speed = 60
; overhang_1_4_speed = 0
; overhang_2_4_speed = 20
; overhang_3_4_speed = 15
; overhang_4_4_speed = 10
; overhang_fan_speed = 90
; overhang_fan_threshold = 25%
; overhang_flow_ratio = 1
; overhang_reverse = 0
; overhang_reverse_internal_only = 0
; overhang_reverse_threshold = 50%
; parking_pos_retraction = 92
; pellet_flow_coefficient = 0.4157
; pellet_modded_printer = 0
; physical_extruder_map = 0
; post_process = 
; precise_outer_wall = 1
; precise_z_height = 0
; preferred_orientation = 0
; preheat_steps = 1
; preheat_time = 30
; pressure_advance = 0.02
; prime_tower_brim_width = 3
; prime_tower_enable_framework = 0
; prime_tower_flat_ironing = 0
; prime_tower_infill_gap = 150%
; prime_tower_skip_points = 1
; prime_tower_width = 60
; prime_volume = 45
; print_compatible_printers = "Creality Ender-3 V3 SE 0.4 nozzle"
; print_extruder_id = 1
; print_extruder_variant = "Direct Drive Standard"
; print_flow_ratio = 1
; print_order = default
; print_sequence = by layer
; print_settings_id = 0.20mm Standard @Creality Ender3V3SE 0.4
; printable_area = 0x0,220x0,220x220,0x220
; printable_height = 250
; printer_agent = 
; printer_extruder_id = 1
; printer_extruder_variant = "Direct Drive Standard"
; printer_model = Creality Ender-3 V3 SE
; printer_notes = 
; printer_settings_id = Creality Ender-3 V3 SE 0.4 nozzle
; printer_structure = i3
; printer_technology = FFF
; printer_variant = 0.4
; printhost_authorization_type = key
; printhost_ssl_ignore_revoke = 0
; printing_by_object_gcode = 
; purge_in_prime_tower = 1
; raft_contact_distance = 0.1
; raft_expansion = 1.5
; raft_first_layer_density = 90%
; raft_first_layer_expansion = 2
; raft_layers = 0
; reduce_crossing_wall = 0
; reduce_fan_stop_start_freq = 1
; reduce_infill_retraction = 1
; required_nozzle_HRC = 0
; resolution = 0.012
; resonance_avoidance = 0
; retract_before_wipe = 70%
; retract_length_toolchange = 1
; retract_lift_above = 0
; retract_lift_below = 0
; retract_lift_enforce = All Surfaces
; retract_restart_extra = 0
; retract_restart_extra_toolchange = 0
; retract_when_changing_layer = 1
; retraction_distances_when_cut = 18
; retraction_distances_when_ec = 10
; retraction_length = 1.2
; retraction_minimum_travel = 2
; retraction_speed = 40
; role_based_wipe_speed = 1
; scan_first_layer = 0
; scarf_angle_threshold = 155
; scarf_joint_flow_ratio = 1
; scarf_joint_speed = 100%
; scarf_overhang_threshold = 40%
; seam_gap = 10%
; seam_position = aligned
; seam_slope_conditional = 0
; seam_slope_entire_loop = 0
; seam_slope_inner_walls = 0
; seam_slope_min_length = 20
; seam_slope_start_height = 0
; seam_slope_steps = 10
; seam_slope_type = none
; set_other_flow_ratios = 0
; silent_mode = 0
; single_extruder_multi_material = 1
; single_extruder_multi_material_priming = 0
; single_loop_draft_shield = 0
; skeleton_infill_density = 25%
; skeleton_infill_line_width = 100%
; skin_infill_density = 25%
; skin_infill_depth = 2
; skin_infill_line_width = 100%
; skirt_distance = 2
; skirt_height = 2
; skirt_loops = 0
; skirt_speed = 50
; skirt_start_angle = -135
; skirt_type = combined
; slice_closing_radius = 0.049
; slicing_mode = regular
; slow_down_for_layer_cooling = 1
; slow_down_layer_time = 5
; slow_down_layers = 0
; slow_down_min_speed = 10
; slowdown_for_curled_perimeters = 1
; small_area_infill_flow_compensation = 0
; small_area_infill_flow_compensation_model = 0,0;"\n0.2,0.4444";"\n0.4,0.6145";"\n0.6,0.7059";"\n0.8,0.7619";"\n1.5,0.8571";"\n2,0.8889";"\n3,0.9231";"\n5,0.9520";"\n10,1"
; small_perimeter_speed = 50%
; small_perimeter_threshold = 0
; solid_infill_direction = 45
; solid_infill_filament = 1
; solid_infill_rotate_template = 
; sparse_infill_acceleration = 100%
; sparse_infill_density = 15%
; sparse_infill_filament = 1
; sparse_infill_flow_ratio = 1
; sparse_infill_line_width = 0.45
; sparse_infill_pattern = crosshatch
; sparse_infill_rotate_template = 
; sparse_infill_speed = 180
; spiral_finishing_flow_ratio = 0
; spiral_mode = 0
; spiral_mode_max_xy_smoothing = 200%
; spiral_mode_smooth = 0
; spiral_starting_flow_ratio = 0
; staggered_inner_seams = 0
; standby_temperature_delta = -5
; start_end_points = 30x-3,54x245
; supertack_plate_temp = 35
; supertack_plate_temp_initial_layer = 35
; support_air_filtration = 0
; support_angle = 0
; support_base_pattern = rectilinear
; support_base_pattern_spacing = 2.5
; support_bottom_interface_spacing = 0.5
; support_bottom_z_distance = 0.2
; support_chamber_temp_control = 0
; support_critical_regions_only = 0
; support_expansion = 0
; support_filament = 0
; support_flow_ratio = 1
; support_interface_bottom_layers = -1
; support_interface_filament = 0
; support_interface_flow_ratio = 1
; support_interface_loop_pattern = 0
; support_interface_not_for_body = 1
; support_interface_pattern = auto
; support_interface_spacing = 0.5
; support_interface_speed = 80
; support_interface_top_layers = 2
; support_ironing = 0
; support_ironing_flow = 10%
; support_ironing_pattern = rectilinear
; support_ironing_spacing = 0.1
; support_line_width = 0.38
; support_material_interface_fan_speed = -1
; support_multi_bed_types = 0
; support_object_first_layer_gap = 0.2
; support_object_skip_flush = 0
; support_object_xy_distance = 0.35
; support_on_build_plate_only = 0
; support_remove_small_overhang = 1
; support_speed = 50
; support_style = grid
; support_threshold_angle = 30
; support_threshold_overlap = 50%
; support_top_z_distance = 0.15
; support_type = normal(auto)
; symmetric_infill_y_axis = 0
; temperature_vitrification = 80
; template_custom_gcode = 
; textured_cool_plate_temp = 40
; textured_cool_plate_temp_initial_layer = 40
; textured_plate_temp = 70
; textured_plate_temp_initial_layer = 70
; thick_bridges = 0
; thick_internal_bridges = 1
; thumbnails = 
; thumbnails_format = PNG
; time_cost = 0
; time_lapse_gcode = 
; timelapse_type = 0
; top_bottom_infill_wall_overlap = 25%
; top_shell_layers = 4
; top_shell_thickness = 0.8
; top_solid_infill_flow_ratio = 1
; top_surface_acceleration = 2500
; top_surface_density = 100%
; top_surface_jerk = 9
; top_surface_line_width = 0.42
; top_surface_pattern = monotonicline
; top_surface_speed = 50
; travel_acceleration = 2500
; travel_jerk = 12
; travel_slope = 3
; travel_speed = 150
; travel_speed_z = 0
; tree_support_angle_slow = 25
; tree_support_auto_brim = 1
; tree_support_branch_angle = 40
; tree_support_branch_angle_organic = 40
; tree_support_branch_diameter = 5
; tree_support_branch_diameter_angle = 5
; tree_support_branch_diameter_organic = 2
; tree_support_branch_distance = 5
; tree_support_branch_distance_organic = 1
; tree_support_brim_width = 3
; tree_support_tip_diameter = 0.8
; tree_support_top_rate = 30%
; tree_support_wall_count = 2
; upward_compatible_machine = 
; use_firmware_retraction = 0
; use_relative_e_distances = 1
; volumetric_speed_coefficients = ""
; wall_direction = auto
; wall_distribution_count = 1
; wall_filament = 1
; wall_generator = arachne
; wall_loops = 2
; wall_sequence = inner wall/outer wall
; wall_transition_angle = 10
; wall_transition_filter_deviation = 25%
; wall_transition_length = 100%
; wipe = 1
; wipe_before_external_loop = 0
; wipe_distance = 1
; wipe_on_loops = 0
; wipe_speed = 80%
; wipe_tower_bridging = 10
; wipe_tower_cone_angle = 30
; wipe_tower_extra_flow = 100%
; wipe_tower_extra_rib_length = 0
; wipe_tower_extra_spacing = 100%
; wipe_tower_filament = 0
; wipe_tower_fillet_wall = 1
; wipe_tower_max_purge_speed = 90
; wipe_tower_no_sparse_layers = 0
; wipe_tower_rib_width = 8
; wipe_tower_rotation_angle = 0
; wipe_tower_type = type2
; wipe_tower_wall_type = rectangle
; wipe_tower_x = 4.000
; wipe_tower_x = 4,4
; wipe_tower_y = 210.375
; wipe_tower_y = 210.375,210.375
; wiping_volumes_extruders = 70,70,70,70,70,70,70,70,70,70
; wrapping_detection_gcode = 
; wrapping_detection_layers = 20
; wrapping_exclude_area = 
; xy_contour_compensation = 0
; xy_hole_compensation = 0
; z_hop = 0.4
; z_hop_types = Spiral Lift
; z_offset = 0
; first_layer_bed_temperature = 70
; bed_shape = 0x0,220x0,220x220,0x220
; first_layer_temperature = 250
; first_layer_height = 0.200
; CONFIG_BLOCK_END


