ISO-10303-21;
HEADER;
/* Generated by software containing ST-Developer
 * from STEP Tools, Inc. (www.steptools.com) 
 */

FILE_DESCRIPTION(
/* description */ (''),
/* implementation_level */ '2;1');

FILE_NAME(
/* name */ 'Extruder Mount v3.step',
/* time_stamp */ '2026-04-23T03:46:49+09:00',
/* author */ (''),
/* organization */ (''),
/* preprocessor_version */ 'ST-DEVELOPER v20.1',
/* originating_system */ 'Autodesk Translation Framework v15.8.0.0',
/* authorisation */ '');

FILE_SCHEMA (('AUTOMOTIVE_DESIGN { 1 0 10303 214 3 1 1 }'));
ENDSEC;

DATA;
#10=MECHANICAL_DESIGN_GEOMETRIC_PRESENTATION_REPRESENTATION('',(#13),#2699);
#11=SHAPE_REPRESENTATION_RELATIONSHIP('SRR','None',#2706,#12);
#12=ADVANCED_BREP_SHAPE_REPRESENTATION('',(#14),#2698);
#13=STYLED_ITEM('',(#2715),#14);
#14=MANIFOLD_SOLID_BREP('\X2\BCF8CCB4\X0\6',#1374);
#15=CONICAL_SURFACE('',#1501,12.745,1.00700445993274);
#16=CONICAL_SURFACE('',#1503,12.745,1.00700445993274);
#17=CONICAL_SURFACE('',#1509,12.745,1.00700445993274);
#18=CONICAL_SURFACE('',#1511,2.5,0.785398163397448);
#19=CONICAL_SURFACE('',#1515,2.5,0.785398163397448);
#20=CONICAL_SURFACE('',#1519,2.5,0.785398163397448);
#21=CONICAL_SURFACE('',#1523,2.5,0.785398163397448);
#22=(
BOUNDED_CURVE()
B_SPLINE_CURVE(2,(#2317,#2318,#2319),.UNSPECIFIED.,.F.,.F.)
B_SPLINE_CURVE_WITH_KNOTS((3,3),(0.48302709824122,1.06619070455551),
 .UNSPECIFIED.)
CURVE()
GEOMETRIC_REPRESENTATION_ITEM()
RATIONAL_B_SPLINE_CURVE((2.89397899845159,3.98528109480671,4.95100333334153))
REPRESENTATION_ITEM('')
);
#23=(
BOUNDED_CURVE()
B_SPLINE_CURVE(2,(#2329,#2330,#2331),.UNSPECIFIED.,.F.,.F.)
B_SPLINE_CURVE_WITH_KNOTS((3,3),(10.0353689326106,10.6185325389221),
 .UNSPECIFIED.)
CURVE()
GEOMETRIC_REPRESENTATION_ITEM()
RATIONAL_B_SPLINE_CURVE((4.95100333333329,3.98528109480251,2.89397899845261))
REPRESENTATION_ITEM('')
);
#24=(
BOUNDED_CURVE()
B_SPLINE_CURVE(2,(#2419,#2420,#2421),.UNSPECIFIED.,.F.,.F.)
B_SPLINE_CURVE_WITH_KNOTS((3,3),(0.483027098241235,1.06619070455554),
 .UNSPECIFIED.)
CURVE()
GEOMETRIC_REPRESENTATION_ITEM()
RATIONAL_B_SPLINE_CURVE((2.89397899845159,3.98528109480671,4.95100333334152))
REPRESENTATION_ITEM('')
);
#25=(
BOUNDED_CURVE()
B_SPLINE_CURVE(2,(#2573,#2574,#2575),.UNSPECIFIED.,.F.,.F.)
B_SPLINE_CURVE_WITH_KNOTS((3,3),(0.48302709824124,1.06619070455555),
 .UNSPECIFIED.)
CURVE()
GEOMETRIC_REPRESENTATION_ITEM()
RATIONAL_B_SPLINE_CURVE((2.8939789984516,3.98528109480672,4.95100333334153))
REPRESENTATION_ITEM('')
);
#26=(
BOUNDED_CURVE()
B_SPLINE_CURVE(2,(#2578,#2579,#2580),.UNSPECIFIED.,.F.,.F.)
B_SPLINE_CURVE_WITH_KNOTS((3,3),(10.0353689326106,10.6185325389221),
 .UNSPECIFIED.)
CURVE()
GEOMETRIC_REPRESENTATION_ITEM()
RATIONAL_B_SPLINE_CURVE((4.95100333333332,3.98528109480254,2.89397899845264))
REPRESENTATION_ITEM('')
);
#27=(
BOUNDED_CURVE()
B_SPLINE_CURVE(2,(#2603,#2604,#2605),.UNSPECIFIED.,.F.,.F.)
B_SPLINE_CURVE_WITH_KNOTS((3,3),(10.0353689326105,10.6185325389221),
 .UNSPECIFIED.)
CURVE()
GEOMETRIC_REPRESENTATION_ITEM()
RATIONAL_B_SPLINE_CURVE((4.95100333333327,3.98528109480249,2.8939789984526))
REPRESENTATION_ITEM('')
);
#28=TOROIDAL_SURFACE('',#1430,6.,2.);
#29=TOROIDAL_SURFACE('',#1433,4.,2.);
#30=TOROIDAL_SURFACE('',#1436,4.,2.);
#31=TOROIDAL_SURFACE('',#1461,4.,2.);
#32=TOROIDAL_SURFACE('',#1464,6.,2.);
#33=TOROIDAL_SURFACE('',#1466,4.,2.);
#34=TOROIDAL_SURFACE('',#1476,4.,2.);
#35=TOROIDAL_SURFACE('',#1478,6.,2.);
#36=TOROIDAL_SURFACE('',#1480,4.,2.);
#37=TOROIDAL_SURFACE('',#1491,4.,2.);
#38=TOROIDAL_SURFACE('',#1493,6.,2.);
#39=TOROIDAL_SURFACE('',#1497,4.,2.);
#40=B_SPLINE_CURVE_WITH_KNOTS('',3,(#2083,#2084,#2085,#2086,#2087,#2088,
#2089,#2090,#2091,#2092),.UNSPECIFIED.,.F.,.F.,(4,2,2,2,4),(0.,0.0741652828571862,
0.148330565714372,0.222452850897748,0.296575136081124),.UNSPECIFIED.);
#41=B_SPLINE_CURVE_WITH_KNOTS('',3,(#2094,#2095,#2096,#2097,#2098,#2099,
#2100,#2101,#2102,#2103),.UNSPECIFIED.,.F.,.F.,(4,2,2,2,4),(0.889725408243373,
0.963847693426749,1.03796997861012,1.11213526146731,1.1863005443245),
 .UNSPECIFIED.);
#42=B_SPLINE_CURVE_WITH_KNOTS('',3,(#2104,#2105,#2106,#2107,#2108,#2109,
#2110,#2111,#2112,#2113,#2114,#2115,#2116,#2117,#2118,#2119,#2120,#2121),
 .UNSPECIFIED.,.F.,.F.,(4,2,2,2,2,2,2,2,4),(0.296575136081124,0.3706974212645,
0.444819706447876,0.518984989305062,0.593150272162248,0.667315555019435,
0.741480837876621,0.815603123059997,0.889725408243373),.UNSPECIFIED.);
#43=B_SPLINE_CURVE_WITH_KNOTS('',3,(#2130,#2131,#2132,#2133,#2134,#2135,
#2136,#2137,#2138,#2139,#2140,#2141,#2142,#2143),.UNSPECIFIED.,.F.,.F.,
(4,2,2,2,2,2,4),(-0.000777084045965515,0.,0.0650730345213942,0.128059289808822,
0.211791703901452,0.283801729153767,0.351042859364174),.UNSPECIFIED.);
#44=B_SPLINE_CURVE_WITH_KNOTS('',3,(#2148,#2149,#2150,#2151,#2152,#2153,
#2154,#2155,#2156,#2157,#2158,#2159,#2160,#2161),.UNSPECIFIED.,.F.,.F.,
(4,2,2,2,2,2,4),(-0.741682045744383,-0.740833645577902,-0.661928616172245,
-0.587119153747149,-0.502524068582025,-0.433457735707303,-0.370416822789172),
 .UNSPECIFIED.);
#45=B_SPLINE_CURVE_WITH_KNOTS('',3,(#2166,#2167,#2168,#2169,#2170,#2171,
#2172,#2173,#2174,#2175),.UNSPECIFIED.,.F.,.F.,(4,2,2,2,4),(-0.0007886023578498,
0.,0.163267377740715,0.220292604610454,0.23353687039939),.UNSPECIFIED.);
#46=B_SPLINE_CURVE_WITH_KNOTS('',3,(#2181,#2182,#2183,#2184,#2185,#2186,
#2187,#2188,#2189,#2190,#2191,#2192),.UNSPECIFIED.,.F.,.F.,(4,2,2,2,2,4),
(0.450951440228104,0.478800173524869,0.597106283561448,0.753120086179261,
0.899842010601732,0.900728181343023),.UNSPECIFIED.);
#47=B_SPLINE_CURVE_WITH_KNOTS('',3,(#2250,#2251,#2252,#2253,#2254,#2255,
#2256,#2257,#2258,#2259),.UNSPECIFIED.,.F.,.F.,(4,2,2,2,4),(-0.000778867372216516,
0.,0.230340860017059,0.319266845257682,0.340221520336469),.UNSPECIFIED.);
#48=B_SPLINE_CURVE_WITH_KNOTS('',3,(#2267,#2268,#2269,#2270,#2271,#2272,
#2273,#2274,#2275,#2276,#2277,#2278,#2279,#2280),.UNSPECIFIED.,.F.,.F.,
(4,2,2,2,2,2,4),(-0.000848400167059764,0.,0.0789050294340222,0.15371449188979,
0.238309577089615,0.307375909992616,0.370416822936591),.UNSPECIFIED.);
#49=B_SPLINE_CURVE_WITH_KNOTS('',3,(#2281,#2282,#2283,#2284,#2285,#2286,
#2287,#2288,#2289,#2290,#2291,#2292,#2293,#2294),.UNSPECIFIED.,.F.,.F.,
(4,2,2,2,2,2,4),(-0.741682045752298,-0.74083364558586,-0.661928616179046,
-0.587119153753164,-0.502524068587153,-0.433457735711719,-0.370416822792929),
 .UNSPECIFIED.);
#50=B_SPLINE_CURVE_WITH_KNOTS('',3,(#2297,#2298,#2299,#2300,#2301,#2302,
#2303,#2304,#2305,#2306,#2307,#2308),.UNSPECIFIED.,.F.,.F.,(4,2,2,2,2,4),
(0.450951494422146,0.478839317020776,0.597187709037084,0.753369795884466,
0.899757200076326,0.900642178407996),.UNSPECIFIED.);
#51=B_SPLINE_CURVE_WITH_KNOTS('',3,(#2334,#2335,#2336,#2337,#2338,#2339,
#2340,#2341,#2342,#2343,#2344,#2345,#2346),.UNSPECIFIED.,.F.,.F.,(4,2,2,
2,3,4),(0.982715957186531,1.04663809057178,1.13162168677263,1.22524262273608,
1.31886355869952,1.34921729607626),.UNSPECIFIED.);
#52=B_SPLINE_CURVE_WITH_KNOTS('',3,(#2352,#2353,#2354,#2355,#2356,#2357,
#2358,#2359,#2360,#2361,#2362,#2363,#2364,#2365),.UNSPECIFIED.,.F.,.F.,
(4,2,2,2,2,2,4),(-0.000848400166473828,0.,0.0789050294058556,0.153714491830671,
0.238309576995505,0.307375909869977,0.370416822787868),.UNSPECIFIED.);
#53=B_SPLINE_CURVE_WITH_KNOTS('',3,(#2368,#2369,#2370,#2371,#2372,#2373,
#2374,#2375,#2376,#2377),.UNSPECIFIED.,.F.,.F.,(4,2,2,2,4),(-0.000779619765004634,
0.,0.230132260982034,0.318884341349896,0.339776187214272),.UNSPECIFIED.);
#54=B_SPLINE_CURVE_WITH_KNOTS('',3,(#2382,#2383,#2384,#2385,#2386,#2387,
#2388,#2389,#2390,#2391,#2392,#2393,#2394,#2395),.UNSPECIFIED.,.F.,.F.,
(4,2,2,2,2,2,4),(-0.702862802854603,-0.702085718808078,-0.637012684280124,
-0.574026428985263,-0.490294014882616,-0.418283989621661,-0.351042859404024),
 .UNSPECIFIED.);
#55=B_SPLINE_CURVE_WITH_KNOTS('',3,(#2398,#2399,#2400,#2401,#2402,#2403,
#2404,#2405,#2406,#2407,#2408,#2409),.UNSPECIFIED.,.F.,.F.,(4,2,2,2,2,4),
(0.450950760149817,0.478305982344309,0.596088106062781,0.750055341426435,
0.900911126051728,0.901811786197663),.UNSPECIFIED.);
#56=B_SPLINE_CURVE_WITH_KNOTS('',3,(#2438,#2439,#2440,#2441,#2442,#2443,
#2444,#2445,#2446,#2447,#2448,#2449,#2450,#2451),.UNSPECIFIED.,.F.,.F.,
(4,2,2,2,2,2,4),(-0.000848400166523379,0.,0.0789050294094205,0.153714491838134,
0.238309577007344,0.307375909885413,0.370416822806594),.UNSPECIFIED.);
#57=B_SPLINE_CURVE_WITH_KNOTS('',3,(#2454,#2455,#2456,#2457,#2458,#2459,
#2460,#2461,#2462,#2463),.UNSPECIFIED.,.F.,.F.,(4,2,2,2,4),(-0.000778867470231191,
0.,0.230347963073732,0.319277597764719,0.340233132806387),.UNSPECIFIED.);
#58=B_SPLINE_CURVE_WITH_KNOTS('',3,(#2468,#2469,#2470,#2471,#2472,#2473,
#2474,#2475,#2476,#2477,#2478,#2479,#2480,#2481),.UNSPECIFIED.,.F.,.F.,
(4,2,2,2,2,2,4),(-0.741682045770854,-0.740833645604687,-0.661928616196114,
-0.587119153768272,-0.50252406860006,-0.433457735722824,-0.370416822802352),
 .UNSPECIFIED.);
#59=B_SPLINE_CURVE_WITH_KNOTS('',3,(#2488,#2489,#2490,#2491,#2492,#2493,
#2494,#2495,#2496,#2497,#2498,#2499),.UNSPECIFIED.,.F.,.F.,(4,2,2,2,2,4),
(0.450951494421948,0.478839317020562,0.597187709036841,0.753369795883024,
0.899757199573172,0.90064217764962),.UNSPECIFIED.);
#60=B_SPLINE_CURVE_WITH_KNOTS('',3,(#2504,#2505,#2506,#2507,#2508,#2509,
#2510,#2511,#2512,#2513,#2514,#2515,#2516),.UNSPECIFIED.,.F.,.F.,(4,2,2,
2,3,4),(0.982715957186563,1.04663809057179,1.13162168677264,1.22524262273608,
1.31886355869952,1.34921729607626),.UNSPECIFIED.);
#61=B_SPLINE_CURVE_WITH_KNOTS('',3,(#2520,#2521,#2522,#2523,#2524,#2525,
#2526,#2527,#2528,#2529),.UNSPECIFIED.,.F.,.F.,(4,2,2,2,4),(1.47662558646853,
1.5106186393545,1.67305258769712,1.83548653603973,1.8694795889257),
 .UNSPECIFIED.);
#62=B_SPLINE_CURVE_WITH_KNOTS('',3,(#2531,#2532,#2533,#2534,#2535,#2536,
#2537,#2538,#2539,#2540,#2541,#2542),.UNSPECIFIED.,.F.,.F.,(4,2,2,2,2,4),
(0.574091692665621,0.604445430042357,0.698066366005802,0.791687301969247,
0.876670898170094,0.940593031555768),.UNSPECIFIED.);
#63=B_SPLINE_CURVE_WITH_KNOTS('',3,(#2546,#2547,#2548,#2549,#2550,#2551,
#2552,#2553,#2554,#2555,#2556,#2557,#2558),.UNSPECIFIED.,.F.,.F.,(4,2,2,
2,3,4),(0.982715957186528,1.04663809057178,1.13162168677263,1.22524262273608,
1.31886355869952,1.34921729607625),.UNSPECIFIED.);
#64=B_SPLINE_CURVE_WITH_KNOTS('',3,(#2560,#2561,#2562,#2563,#2564,#2565,
#2566,#2567,#2568,#2569,#2570,#2571),.UNSPECIFIED.,.F.,.F.,(4,2,2,2,2,4),
(0.574091692665619,0.604445430042356,0.6980663660058,0.791687301969245,
0.876670898170092,0.940593031555767),.UNSPECIFIED.);
#65=B_SPLINE_CURVE_WITH_KNOTS('',3,(#2590,#2591,#2592,#2593,#2594,#2595,
#2596,#2597,#2598,#2599,#2600,#2601),.UNSPECIFIED.,.F.,.F.,(4,2,2,2,2,4),
(0.574091692665623,0.604445430042359,0.698066366005802,0.791687301969245,
0.876670898170092,0.940593031555741),.UNSPECIFIED.);
#66=B_SPLINE_CURVE_WITH_KNOTS('',3,(#2607,#2608,#2609,#2610,#2611,#2612,
#2613,#2614,#2615,#2616),.UNSPECIFIED.,.F.,.F.,(4,2,2,2,4),(1.47662558646852,
1.51061863935449,1.67305258769711,1.83548653603973,1.8694795889257),
 .UNSPECIFIED.);
#67=B_SPLINE_CURVE_WITH_KNOTS('',3,(#2625,#2626,#2627,#2628,#2629,#2630,
#2631,#2632,#2633,#2634),.UNSPECIFIED.,.F.,.F.,(4,2,2,2,4),(1.47662558646853,
1.51061863935449,1.67305258769712,1.83548653603973,1.8694795889257),
 .UNSPECIFIED.);
#68=B_SPLINE_CURVE_WITH_KNOTS('',3,(#2643,#2644,#2645,#2646,#2647,#2648,
#2649,#2650,#2651,#2652),.UNSPECIFIED.,.F.,.F.,(4,2,2,2,4),(1.47662558646852,
1.51061863935449,1.67305258769711,1.83548653603973,1.86947958892569),
 .UNSPECIFIED.);
#69=FACE_BOUND('',#270,.T.);
#70=FACE_BOUND('',#280,.T.);
#71=FACE_BOUND('',#281,.T.);
#72=FACE_BOUND('',#282,.T.);
#73=FACE_BOUND('',#283,.T.);
#74=FACE_BOUND('',#284,.T.);
#75=FACE_BOUND('',#285,.T.);
#76=FACE_BOUND('',#334,.T.);
#77=FACE_BOUND('',#344,.T.);
#78=CYLINDRICAL_SURFACE('',#1419,3.5);
#79=CYLINDRICAL_SURFACE('',#1427,1.95);
#80=CYLINDRICAL_SURFACE('',#1428,2.);
#81=CYLINDRICAL_SURFACE('',#1459,2.);
#82=CYLINDRICAL_SURFACE('',#1470,8.);
#83=CYLINDRICAL_SURFACE('',#1473,2.);
#84=CYLINDRICAL_SURFACE('',#1474,2.);
#85=CYLINDRICAL_SURFACE('',#1483,2.);
#86=CYLINDRICAL_SURFACE('',#1485,8.);
#87=CYLINDRICAL_SURFACE('',#1488,2.);
#88=CYLINDRICAL_SURFACE('',#1489,2.);
#89=CYLINDRICAL_SURFACE('',#1495,2.);
#90=CYLINDRICAL_SURFACE('',#1499,2.);
#91=CYLINDRICAL_SURFACE('',#1500,17.5);
#92=CYLINDRICAL_SURFACE('',#1505,8.);
#93=CYLINDRICAL_SURFACE('',#1507,8.);
#94=CYLINDRICAL_SURFACE('',#1513,17.5);
#95=CYLINDRICAL_SURFACE('',#1514,1.5);
#96=CYLINDRICAL_SURFACE('',#1517,17.5);
#97=CYLINDRICAL_SURFACE('',#1518,1.5);
#98=CYLINDRICAL_SURFACE('',#1521,17.5);
#99=CYLINDRICAL_SURFACE('',#1522,1.5);
#100=CYLINDRICAL_SURFACE('',#1525,1.5);
#101=CYLINDRICAL_SURFACE('',#1526,2.);
#102=CYLINDRICAL_SURFACE('',#1528,2.);
#103=CYLINDRICAL_SURFACE('',#1529,2.);
#104=CYLINDRICAL_SURFACE('',#1530,2.);
#105=CYLINDRICAL_SURFACE('',#1535,2.55);
#106=CYLINDRICAL_SURFACE('',#1542,5.55);
#107=CIRCLE('',#1390,2.);
#108=CIRCLE('',#1391,17.5);
#109=CIRCLE('',#1392,3.5);
#110=CIRCLE('',#1393,3.5);
#111=CIRCLE('',#1394,17.5);
#112=CIRCLE('',#1395,2.);
#113=CIRCLE('',#1396,17.49);
#114=CIRCLE('',#1397,2.);
#115=CIRCLE('',#1398,17.5);
#116=CIRCLE('',#1399,3.50000000000001);
#117=CIRCLE('',#1400,3.50000000000001);
#118=CIRCLE('',#1401,17.5);
#119=CIRCLE('',#1402,2.);
#120=CIRCLE('',#1403,17.49);
#121=CIRCLE('',#1404,2.);
#122=CIRCLE('',#1405,17.5);
#123=CIRCLE('',#1406,3.50000000000001);
#124=CIRCLE('',#1407,3.50000000000001);
#125=CIRCLE('',#1408,17.5);
#126=CIRCLE('',#1409,2.);
#127=CIRCLE('',#1410,17.49);
#128=CIRCLE('',#1411,2.);
#129=CIRCLE('',#1412,17.5);
#130=CIRCLE('',#1413,3.5);
#131=CIRCLE('',#1414,3.5);
#132=CIRCLE('',#1415,17.5);
#133=CIRCLE('',#1416,2.);
#134=CIRCLE('',#1420,3.5);
#135=CIRCLE('',#1421,3.5);
#136=CIRCLE('',#1423,1.95);
#137=CIRCLE('',#1429,1.99999999999999);
#138=CIRCLE('',#1431,6.);
#139=CIRCLE('',#1432,8.);
#140=CIRCLE('',#1434,4.);
#141=CIRCLE('',#1435,2.);
#142=CIRCLE('',#1437,2.);
#143=CIRCLE('',#1438,2.);
#144=CIRCLE('',#1439,4.);
#145=CIRCLE('',#1441,1.5);
#146=CIRCLE('',#1442,1.5);
#147=CIRCLE('',#1443,1.5);
#148=CIRCLE('',#1444,2.55);
#149=CIRCLE('',#1445,1.5);
#150=CIRCLE('',#1446,17.5);
#151=CIRCLE('',#1447,4.);
#152=CIRCLE('',#1448,17.5);
#153=CIRCLE('',#1449,4.);
#154=CIRCLE('',#1450,4.);
#155=CIRCLE('',#1451,17.5);
#156=CIRCLE('',#1452,4.);
#157=CIRCLE('',#1453,4.);
#158=CIRCLE('',#1454,17.5);
#159=CIRCLE('',#1455,4.);
#160=CIRCLE('',#1456,6.);
#161=CIRCLE('',#1457,6.);
#162=CIRCLE('',#1458,6.);
#163=CIRCLE('',#1462,2.);
#164=CIRCLE('',#1463,2.);
#165=CIRCLE('',#1465,8.);
#166=CIRCLE('',#1467,2.);
#167=CIRCLE('',#1468,2.);
#168=CIRCLE('',#1471,8.);
#169=CIRCLE('',#1475,2.00000000000001);
#170=CIRCLE('',#1477,2.);
#171=CIRCLE('',#1479,8.);
#172=CIRCLE('',#1481,2.);
#173=CIRCLE('',#1482,1.99999999999999);
#174=CIRCLE('',#1486,8.);
#175=CIRCLE('',#1490,2.);
#176=CIRCLE('',#1492,2.);
#177=CIRCLE('',#1494,8.);
#178=CIRCLE('',#1496,2.);
#179=CIRCLE('',#1498,2.);
#180=CIRCLE('',#1502,8.);
#181=CIRCLE('',#1504,8.);
#182=CIRCLE('',#1506,8.);
#183=CIRCLE('',#1508,8.);
#184=CIRCLE('',#1510,8.);
#185=CIRCLE('',#1512,1.5);
#186=CIRCLE('',#1516,1.5);
#187=CIRCLE('',#1520,1.5);
#188=CIRCLE('',#1524,1.5);
#189=CIRCLE('',#1533,5.55);
#190=CIRCLE('',#1534,2.55);
#191=CIRCLE('',#1543,5.55);
#192=FACE_OUTER_BOUND('',#264,.T.);
#193=FACE_OUTER_BOUND('',#265,.T.);
#194=FACE_OUTER_BOUND('',#266,.T.);
#195=FACE_OUTER_BOUND('',#267,.T.);
#196=FACE_OUTER_BOUND('',#268,.T.);
#197=FACE_OUTER_BOUND('',#269,.T.);
#198=FACE_OUTER_BOUND('',#271,.T.);
#199=FACE_OUTER_BOUND('',#272,.T.);
#200=FACE_OUTER_BOUND('',#273,.T.);
#201=FACE_OUTER_BOUND('',#274,.T.);
#202=FACE_OUTER_BOUND('',#275,.T.);
#203=FACE_OUTER_BOUND('',#276,.T.);
#204=FACE_OUTER_BOUND('',#277,.T.);
#205=FACE_OUTER_BOUND('',#278,.T.);
#206=FACE_OUTER_BOUND('',#279,.T.);
#207=FACE_OUTER_BOUND('',#286,.T.);
#208=FACE_OUTER_BOUND('',#287,.T.);
#209=FACE_OUTER_BOUND('',#288,.T.);
#210=FACE_OUTER_BOUND('',#289,.T.);
#211=FACE_OUTER_BOUND('',#290,.T.);
#212=FACE_OUTER_BOUND('',#291,.T.);
#213=FACE_OUTER_BOUND('',#292,.T.);
#214=FACE_OUTER_BOUND('',#293,.T.);
#215=FACE_OUTER_BOUND('',#294,.T.);
#216=FACE_OUTER_BOUND('',#295,.T.);
#217=FACE_OUTER_BOUND('',#296,.T.);
#218=FACE_OUTER_BOUND('',#297,.T.);
#219=FACE_OUTER_BOUND('',#298,.T.);
#220=FACE_OUTER_BOUND('',#299,.T.);
#221=FACE_OUTER_BOUND('',#300,.T.);
#222=FACE_OUTER_BOUND('',#301,.T.);
#223=FACE_OUTER_BOUND('',#302,.T.);
#224=FACE_OUTER_BOUND('',#303,.T.);
#225=FACE_OUTER_BOUND('',#304,.T.);
#226=FACE_OUTER_BOUND('',#305,.T.);
#227=FACE_OUTER_BOUND('',#306,.T.);
#228=FACE_OUTER_BOUND('',#307,.T.);
#229=FACE_OUTER_BOUND('',#308,.T.);
#230=FACE_OUTER_BOUND('',#309,.T.);
#231=FACE_OUTER_BOUND('',#310,.T.);
#232=FACE_OUTER_BOUND('',#311,.T.);
#233=FACE_OUTER_BOUND('',#312,.T.);
#234=FACE_OUTER_BOUND('',#313,.T.);
#235=FACE_OUTER_BOUND('',#314,.T.);
#236=FACE_OUTER_BOUND('',#315,.T.);
#237=FACE_OUTER_BOUND('',#316,.T.);
#238=FACE_OUTER_BOUND('',#317,.T.);
#239=FACE_OUTER_BOUND('',#318,.T.);
#240=FACE_OUTER_BOUND('',#319,.T.);
#241=FACE_OUTER_BOUND('',#320,.T.);
#242=FACE_OUTER_BOUND('',#321,.T.);
#243=FACE_OUTER_BOUND('',#322,.T.);
#244=FACE_OUTER_BOUND('',#323,.T.);
#245=FACE_OUTER_BOUND('',#324,.T.);
#246=FACE_OUTER_BOUND('',#325,.T.);
#247=FACE_OUTER_BOUND('',#326,.T.);
#248=FACE_OUTER_BOUND('',#327,.T.);
#249=FACE_OUTER_BOUND('',#328,.T.);
#250=FACE_OUTER_BOUND('',#329,.T.);
#251=FACE_OUTER_BOUND('',#330,.T.);
#252=FACE_OUTER_BOUND('',#331,.T.);
#253=FACE_OUTER_BOUND('',#332,.T.);
#254=FACE_OUTER_BOUND('',#333,.T.);
#255=FACE_OUTER_BOUND('',#335,.T.);
#256=FACE_OUTER_BOUND('',#336,.T.);
#257=FACE_OUTER_BOUND('',#337,.T.);
#258=FACE_OUTER_BOUND('',#338,.T.);
#259=FACE_OUTER_BOUND('',#339,.T.);
#260=FACE_OUTER_BOUND('',#340,.T.);
#261=FACE_OUTER_BOUND('',#341,.T.);
#262=FACE_OUTER_BOUND('',#342,.T.);
#263=FACE_OUTER_BOUND('',#343,.T.);
#264=EDGE_LOOP('',(#860,#861,#862,#863));
#265=EDGE_LOOP('',(#864,#865,#866,#867,#868,#869,#870,#871,#872,#873,#874,
#875,#876,#877,#878,#879,#880,#881,#882,#883,#884,#885,#886,#887,#888,#889,
#890,#891,#892,#893,#894,#895,#896,#897,#898,#899,#900,#901,#902,#903,#904,
#905,#906));
#266=EDGE_LOOP('',(#907,#908,#909,#910,#911));
#267=EDGE_LOOP('',(#912,#913,#914,#915));
#268=EDGE_LOOP('',(#916,#917,#918,#919));
#269=EDGE_LOOP('',(#920,#921,#922,#923,#924,#925));
#270=EDGE_LOOP('',(#926));
#271=EDGE_LOOP('',(#927,#928,#929,#930,#931,#932));
#272=EDGE_LOOP('',(#933,#934,#935,#936));
#273=EDGE_LOOP('',(#937,#938,#939,#940));
#274=EDGE_LOOP('',(#941,#942,#943,#944,#945,#946));
#275=EDGE_LOOP('',(#947,#948,#949,#950));
#276=EDGE_LOOP('',(#951,#952,#953,#954));
#277=EDGE_LOOP('',(#955,#956,#957,#958));
#278=EDGE_LOOP('',(#959,#960,#961,#962));
#279=EDGE_LOOP('',(#963,#964,#965,#966,#967,#968,#969));
#280=EDGE_LOOP('',(#970));
#281=EDGE_LOOP('',(#971));
#282=EDGE_LOOP('',(#972));
#283=EDGE_LOOP('',(#973));
#284=EDGE_LOOP('',(#974));
#285=EDGE_LOOP('',(#975,#976,#977,#978,#979,#980,#981,#982,#983,#984,#985,
#986,#987,#988,#989,#990,#991,#992));
#286=EDGE_LOOP('',(#993,#994,#995,#996));
#287=EDGE_LOOP('',(#997,#998,#999,#1000,#1001,#1002));
#288=EDGE_LOOP('',(#1003,#1004,#1005,#1006));
#289=EDGE_LOOP('',(#1007,#1008,#1009,#1010));
#290=EDGE_LOOP('',(#1011,#1012,#1013,#1014));
#291=EDGE_LOOP('',(#1015,#1016,#1017,#1018));
#292=EDGE_LOOP('',(#1019,#1020,#1021,#1022));
#293=EDGE_LOOP('',(#1023,#1024,#1025,#1026));
#294=EDGE_LOOP('',(#1027,#1028,#1029,#1030,#1031));
#295=EDGE_LOOP('',(#1032,#1033,#1034,#1035,#1036,#1037));
#296=EDGE_LOOP('',(#1038,#1039,#1040,#1041));
#297=EDGE_LOOP('',(#1042,#1043,#1044,#1045));
#298=EDGE_LOOP('',(#1046,#1047,#1048,#1049));
#299=EDGE_LOOP('',(#1050,#1051,#1052,#1053));
#300=EDGE_LOOP('',(#1054,#1055,#1056,#1057));
#301=EDGE_LOOP('',(#1058,#1059,#1060,#1061));
#302=EDGE_LOOP('',(#1062,#1063,#1064,#1065,#1066,#1067));
#303=EDGE_LOOP('',(#1068,#1069,#1070,#1071));
#304=EDGE_LOOP('',(#1072,#1073,#1074,#1075,#1076,#1077));
#305=EDGE_LOOP('',(#1078,#1079,#1080,#1081));
#306=EDGE_LOOP('',(#1082,#1083,#1084,#1085));
#307=EDGE_LOOP('',(#1086,#1087,#1088,#1089,#1090,#1091));
#308=EDGE_LOOP('',(#1092,#1093,#1094,#1095));
#309=EDGE_LOOP('',(#1096,#1097,#1098,#1099,#1100));
#310=EDGE_LOOP('',(#1101,#1102,#1103,#1104,#1105,#1106,#1107,#1108));
#311=EDGE_LOOP('',(#1109,#1110,#1111,#1112,#1113,#1114));
#312=EDGE_LOOP('',(#1115,#1116,#1117,#1118,#1119,#1120));
#313=EDGE_LOOP('',(#1121,#1122,#1123,#1124));
#314=EDGE_LOOP('',(#1125,#1126,#1127,#1128));
#315=EDGE_LOOP('',(#1129,#1130,#1131,#1132,#1133,#1134));
#316=EDGE_LOOP('',(#1135,#1136,#1137,#1138,#1139,#1140));
#317=EDGE_LOOP('',(#1141,#1142,#1143,#1144,#1145,#1146,#1147,#1148));
#318=EDGE_LOOP('',(#1149,#1150,#1151,#1152));
#319=EDGE_LOOP('',(#1153,#1154,#1155,#1156,#1157,#1158));
#320=EDGE_LOOP('',(#1159,#1160,#1161,#1162,#1163,#1164,#1165,#1166));
#321=EDGE_LOOP('',(#1167,#1168,#1169,#1170));
#322=EDGE_LOOP('',(#1171,#1172,#1173,#1174,#1175,#1176));
#323=EDGE_LOOP('',(#1177,#1178,#1179,#1180,#1181,#1182,#1183,#1184));
#324=EDGE_LOOP('',(#1185,#1186,#1187,#1188));
#325=EDGE_LOOP('',(#1189,#1190,#1191,#1192,#1193,#1194));
#326=EDGE_LOOP('',(#1195,#1196,#1197,#1198));
#327=EDGE_LOOP('',(#1199,#1200,#1201,#1202,#1203));
#328=EDGE_LOOP('',(#1204,#1205,#1206,#1207));
#329=EDGE_LOOP('',(#1208,#1209,#1210,#1211,#1212));
#330=EDGE_LOOP('',(#1213,#1214,#1215,#1216,#1217));
#331=EDGE_LOOP('',(#1218,#1219,#1220,#1221,#1222));
#332=EDGE_LOOP('',(#1223,#1224,#1225,#1226));
#333=EDGE_LOOP('',(#1227));
#334=EDGE_LOOP('',(#1228));
#335=EDGE_LOOP('',(#1229,#1230,#1231,#1232));
#336=EDGE_LOOP('',(#1233,#1234,#1235,#1236));
#337=EDGE_LOOP('',(#1237,#1238,#1239,#1240,#1241));
#338=EDGE_LOOP('',(#1242,#1243,#1244,#1245));
#339=EDGE_LOOP('',(#1246,#1247,#1248,#1249));
#340=EDGE_LOOP('',(#1250,#1251,#1252,#1253));
#341=EDGE_LOOP('',(#1254,#1255,#1256,#1257));
#342=EDGE_LOOP('',(#1258,#1259,#1260,#1261,#1262,#1263,#1264,#1265,#1266));
#343=EDGE_LOOP('',(#1267,#1268,#1269,#1270,#1271,#1272,#1273,#1274,#1275,
#1276));
#344=EDGE_LOOP('',(#1277));
#345=LINE('',#1954,#434);
#346=LINE('',#1956,#435);
#347=LINE('',#1958,#436);
#348=LINE('',#1959,#437);
#349=LINE('',#1962,#438);
#350=LINE('',#1964,#439);
#351=LINE('',#1966,#440);
#352=LINE('',#1968,#441);
#353=LINE('',#1970,#442);
#354=LINE('',#1972,#443);
#355=LINE('',#1974,#444);
#356=LINE('',#1976,#445);
#357=LINE('',#1978,#446);
#358=LINE('',#1980,#447);
#359=LINE('',#2036,#448);
#360=LINE('',#2038,#449);
#361=LINE('',#2040,#450);
#362=LINE('',#2042,#451);
#363=LINE('',#2043,#452);
#364=LINE('',#2046,#453);
#365=LINE('',#2048,#454);
#366=LINE('',#2049,#455);
#367=LINE('',#2052,#456);
#368=LINE('',#2054,#457);
#369=LINE('',#2055,#458);
#370=LINE('',#2061,#459);
#371=LINE('',#2063,#460);
#372=LINE('',#2064,#461);
#373=LINE('',#2069,#462);
#374=LINE('',#2070,#463);
#375=LINE('',#2073,#464);
#376=LINE('',#2074,#465);
#377=LINE('',#2077,#466);
#378=LINE('',#2078,#467);
#379=LINE('',#2081,#468);
#380=LINE('',#2125,#469);
#381=LINE('',#2129,#470);
#382=LINE('',#2200,#471);
#383=LINE('',#2202,#472);
#384=LINE('',#2203,#473);
#385=LINE('',#2204,#474);
#386=LINE('',#2235,#475);
#387=LINE('',#2242,#476);
#388=LINE('',#2243,#477);
#389=LINE('',#2246,#478);
#390=LINE('',#2247,#479);
#391=LINE('',#2313,#480);
#392=LINE('',#2315,#481);
#393=LINE('',#2320,#482);
#394=LINE('',#2323,#483);
#395=LINE('',#2326,#484);
#396=LINE('',#2328,#485);
#397=LINE('',#2333,#486);
#398=LINE('',#2350,#487);
#399=LINE('',#2414,#488);
#400=LINE('',#2417,#489);
#401=LINE('',#2422,#490);
#402=LINE('',#2425,#491);
#403=LINE('',#2428,#492);
#404=LINE('',#2429,#493);
#405=LINE('',#2431,#494);
#406=LINE('',#2435,#495);
#407=LINE('',#2437,#496);
#408=LINE('',#2485,#497);
#409=LINE('',#2502,#498);
#410=LINE('',#2517,#499);
#411=LINE('',#2519,#500);
#412=LINE('',#2583,#501);
#413=LINE('',#2585,#502);
#414=LINE('',#2587,#503);
#415=LINE('',#2618,#504);
#416=LINE('',#2621,#505);
#417=LINE('',#2623,#506);
#418=LINE('',#2636,#507);
#419=LINE('',#2639,#508);
#420=LINE('',#2641,#509);
#421=LINE('',#2654,#510);
#422=LINE('',#2657,#511);
#423=LINE('',#2659,#512);
#424=LINE('',#2662,#513);
#425=LINE('',#2665,#514);
#426=LINE('',#2670,#515);
#427=LINE('',#2672,#516);
#428=LINE('',#2680,#517);
#429=LINE('',#2683,#518);
#430=LINE('',#2686,#519);
#431=LINE('',#2688,#520);
#432=LINE('',#2691,#521);
#433=LINE('',#2693,#522);
#434=VECTOR('',#1549,10.);
#435=VECTOR('',#1550,10.);
#436=VECTOR('',#1551,10.);
#437=VECTOR('',#1552,10.);
#438=VECTOR('',#1555,10.);
#439=VECTOR('',#1556,10.);
#440=VECTOR('',#1557,10.);
#441=VECTOR('',#1558,10.);
#442=VECTOR('',#1559,10.);
#443=VECTOR('',#1560,10.);
#444=VECTOR('',#1561,10.);
#445=VECTOR('',#1562,10.);
#446=VECTOR('',#1563,10.);
#447=VECTOR('',#1564,10.);
#448=VECTOR('',#1619,10.);
#449=VECTOR('',#1620,10.);
#450=VECTOR('',#1621,10.);
#451=VECTOR('',#1622,10.);
#452=VECTOR('',#1623,10.);
#453=VECTOR('',#1626,10.);
#454=VECTOR('',#1627,10.);
#455=VECTOR('',#1628,10.);
#456=VECTOR('',#1631,10.);
#457=VECTOR('',#1632,10.);
#458=VECTOR('',#1633,10.);
#459=VECTOR('',#1642,10.);
#460=VECTOR('',#1643,10.);
#461=VECTOR('',#1644,10.);
#462=VECTOR('',#1649,10.);
#463=VECTOR('',#1650,10.);
#464=VECTOR('',#1653,10.);
#465=VECTOR('',#1654,10.);
#466=VECTOR('',#1657,10.);
#467=VECTOR('',#1658,10.);
#468=VECTOR('',#1661,1.95);
#469=VECTOR('',#1664,10.);
#470=VECTOR('',#1667,10.);
#471=VECTOR('',#1690,10.);
#472=VECTOR('',#1691,10.);
#473=VECTOR('',#1692,10.);
#474=VECTOR('',#1693,10.);
#475=VECTOR('',#1724,10.);
#476=VECTOR('',#1733,10.);
#477=VECTOR('',#1734,10.);
#478=VECTOR('',#1737,10.);
#479=VECTOR('',#1738,10.);
#480=VECTOR('',#1757,10.);
#481=VECTOR('',#1758,10.);
#482=VECTOR('',#1759,10.);
#483=VECTOR('',#1762,10.);
#484=VECTOR('',#1767,10.);
#485=VECTOR('',#1768,10.);
#486=VECTOR('',#1771,10.);
#487=VECTOR('',#1774,10.);
#488=VECTOR('',#1793,10.);
#489=VECTOR('',#1796,10.);
#490=VECTOR('',#1797,10.);
#491=VECTOR('',#1800,10.);
#492=VECTOR('',#1805,10.);
#493=VECTOR('',#1806,10.);
#494=VECTOR('',#1809,10.);
#495=VECTOR('',#1812,10.);
#496=VECTOR('',#1815,10.);
#497=VECTOR('',#1828,10.);
#498=VECTOR('',#1835,10.);
#499=VECTOR('',#1836,10.);
#500=VECTOR('',#1839,10.);
#501=VECTOR('',#1850,10.);
#502=VECTOR('',#1853,10.);
#503=VECTOR('',#1856,10.);
#504=VECTOR('',#1865,2.5);
#505=VECTOR('',#1870,10.);
#506=VECTOR('',#1873,1.5);
#507=VECTOR('',#1876,2.5);
#508=VECTOR('',#1881,10.);
#509=VECTOR('',#1884,1.5);
#510=VECTOR('',#1887,2.5);
#511=VECTOR('',#1892,10.);
#512=VECTOR('',#1895,1.5);
#513=VECTOR('',#1898,2.5);
#514=VECTOR('',#1903,1.5);
#515=VECTOR('',#1912,10.);
#516=VECTOR('',#1915,10.);
#517=VECTOR('',#1926,2.55);
#518=VECTOR('',#1931,10.);
#519=VECTOR('',#1936,10.);
#520=VECTOR('',#1939,10.);
#521=VECTOR('',#1944,5.55);
#522=VECTOR('',#1945,5.55);
#523=VERTEX_POINT('',#1952);
#524=VERTEX_POINT('',#1953);
#525=VERTEX_POINT('',#1955);
#526=VERTEX_POINT('',#1957);
#527=VERTEX_POINT('',#1961);
#528=VERTEX_POINT('',#1963);
#529=VERTEX_POINT('',#1965);
#530=VERTEX_POINT('',#1967);
#531=VERTEX_POINT('',#1969);
#532=VERTEX_POINT('',#1971);
#533=VERTEX_POINT('',#1973);
#534=VERTEX_POINT('',#1975);
#535=VERTEX_POINT('',#1977);
#536=VERTEX_POINT('',#1979);
#537=VERTEX_POINT('',#1981);
#538=VERTEX_POINT('',#1983);
#539=VERTEX_POINT('',#1985);
#540=VERTEX_POINT('',#1987);
#541=VERTEX_POINT('',#1989);
#542=VERTEX_POINT('',#1991);
#543=VERTEX_POINT('',#1993);
#544=VERTEX_POINT('',#1995);
#545=VERTEX_POINT('',#1997);
#546=VERTEX_POINT('',#1999);
#547=VERTEX_POINT('',#2001);
#548=VERTEX_POINT('',#2003);
#549=VERTEX_POINT('',#2005);
#550=VERTEX_POINT('',#2007);
#551=VERTEX_POINT('',#2009);
#552=VERTEX_POINT('',#2011);
#553=VERTEX_POINT('',#2013);
#554=VERTEX_POINT('',#2015);
#555=VERTEX_POINT('',#2017);
#556=VERTEX_POINT('',#2019);
#557=VERTEX_POINT('',#2021);
#558=VERTEX_POINT('',#2023);
#559=VERTEX_POINT('',#2025);
#560=VERTEX_POINT('',#2027);
#561=VERTEX_POINT('',#2029);
#562=VERTEX_POINT('',#2031);
#563=VERTEX_POINT('',#2033);
#564=VERTEX_POINT('',#2035);
#565=VERTEX_POINT('',#2037);
#566=VERTEX_POINT('',#2039);
#567=VERTEX_POINT('',#2041);
#568=VERTEX_POINT('',#2045);
#569=VERTEX_POINT('',#2047);
#570=VERTEX_POINT('',#2051);
#571=VERTEX_POINT('',#2053);
#572=VERTEX_POINT('',#2060);
#573=VERTEX_POINT('',#2062);
#574=VERTEX_POINT('',#2065);
#575=VERTEX_POINT('',#2068);
#576=VERTEX_POINT('',#2072);
#577=VERTEX_POINT('',#2076);
#578=VERTEX_POINT('',#2080);
#579=VERTEX_POINT('',#2082);
#580=VERTEX_POINT('',#2093);
#581=VERTEX_POINT('',#2123);
#582=VERTEX_POINT('',#2124);
#583=VERTEX_POINT('',#2126);
#584=VERTEX_POINT('',#2128);
#585=VERTEX_POINT('',#2145);
#586=VERTEX_POINT('',#2147);
#587=VERTEX_POINT('',#2164);
#588=VERTEX_POINT('',#2165);
#589=VERTEX_POINT('',#2179);
#590=VERTEX_POINT('',#2180);
#591=VERTEX_POINT('',#2193);
#592=VERTEX_POINT('',#2195);
#593=VERTEX_POINT('',#2199);
#594=VERTEX_POINT('',#2201);
#595=VERTEX_POINT('',#2205);
#596=VERTEX_POINT('',#2207);
#597=VERTEX_POINT('',#2209);
#598=VERTEX_POINT('',#2211);
#599=VERTEX_POINT('',#2213);
#600=VERTEX_POINT('',#2216);
#601=VERTEX_POINT('',#2218);
#602=VERTEX_POINT('',#2220);
#603=VERTEX_POINT('',#2222);
#604=VERTEX_POINT('',#2224);
#605=VERTEX_POINT('',#2226);
#606=VERTEX_POINT('',#2228);
#607=VERTEX_POINT('',#2230);
#608=VERTEX_POINT('',#2232);
#609=VERTEX_POINT('',#2234);
#610=VERTEX_POINT('',#2236);
#611=VERTEX_POINT('',#2238);
#612=VERTEX_POINT('',#2245);
#613=VERTEX_POINT('',#2249);
#614=VERTEX_POINT('',#2260);
#615=VERTEX_POINT('',#2264);
#616=VERTEX_POINT('',#2265);
#617=VERTEX_POINT('',#2296);
#618=VERTEX_POINT('',#2309);
#619=VERTEX_POINT('',#2314);
#620=VERTEX_POINT('',#2316);
#621=VERTEX_POINT('',#2322);
#622=VERTEX_POINT('',#2327);
#623=VERTEX_POINT('',#2348);
#624=VERTEX_POINT('',#2349);
#625=VERTEX_POINT('',#2367);
#626=VERTEX_POINT('',#2380);
#627=VERTEX_POINT('',#2397);
#628=VERTEX_POINT('',#2410);
#629=VERTEX_POINT('',#2416);
#630=VERTEX_POINT('',#2418);
#631=VERTEX_POINT('',#2424);
#632=VERTEX_POINT('',#2433);
#633=VERTEX_POINT('',#2434);
#634=VERTEX_POINT('',#2453);
#635=VERTEX_POINT('',#2466);
#636=VERTEX_POINT('',#2483);
#637=VERTEX_POINT('',#2487);
#638=VERTEX_POINT('',#2503);
#639=VERTEX_POINT('',#2545);
#640=VERTEX_POINT('',#2559);
#641=VERTEX_POINT('',#2572);
#642=VERTEX_POINT('',#2576);
#643=VERTEX_POINT('',#2582);
#644=VERTEX_POINT('',#2617);
#645=VERTEX_POINT('',#2635);
#646=VERTEX_POINT('',#2653);
#647=VERTEX_POINT('',#2661);
#648=VERTEX_POINT('',#2675);
#649=VERTEX_POINT('',#2677);
#650=VERTEX_POINT('',#2692);
#651=EDGE_CURVE('',#523,#524,#345,.T.);
#652=EDGE_CURVE('',#525,#524,#346,.T.);
#653=EDGE_CURVE('',#525,#526,#347,.T.);
#654=EDGE_CURVE('',#526,#523,#348,.T.);
#655=EDGE_CURVE('',#526,#527,#349,.T.);
#656=EDGE_CURVE('',#528,#527,#350,.T.);
#657=EDGE_CURVE('',#528,#529,#351,.F.);
#658=EDGE_CURVE('',#529,#530,#352,.T.);
#659=EDGE_CURVE('',#530,#531,#353,.T.);
#660=EDGE_CURVE('',#531,#532,#354,.T.);
#661=EDGE_CURVE('',#533,#532,#355,.T.);
#662=EDGE_CURVE('',#533,#534,#356,.T.);
#663=EDGE_CURVE('',#534,#535,#357,.T.);
#664=EDGE_CURVE('',#536,#535,#358,.T.);
#665=EDGE_CURVE('',#537,#536,#107,.T.);
#666=EDGE_CURVE('',#537,#538,#108,.T.);
#667=EDGE_CURVE('',#539,#538,#109,.T.);
#668=EDGE_CURVE('',#540,#539,#110,.T.);
#669=EDGE_CURVE('',#540,#541,#111,.T.);
#670=EDGE_CURVE('',#542,#541,#112,.T.);
#671=EDGE_CURVE('',#543,#542,#113,.T.);
#672=EDGE_CURVE('',#544,#543,#114,.T.);
#673=EDGE_CURVE('',#544,#545,#115,.T.);
#674=EDGE_CURVE('',#546,#545,#116,.T.);
#675=EDGE_CURVE('',#547,#546,#117,.T.);
#676=EDGE_CURVE('',#547,#548,#118,.T.);
#677=EDGE_CURVE('',#549,#548,#119,.T.);
#678=EDGE_CURVE('',#550,#549,#120,.T.);
#679=EDGE_CURVE('',#551,#550,#121,.T.);
#680=EDGE_CURVE('',#551,#552,#122,.T.);
#681=EDGE_CURVE('',#553,#552,#123,.T.);
#682=EDGE_CURVE('',#554,#553,#124,.T.);
#683=EDGE_CURVE('',#554,#555,#125,.T.);
#684=EDGE_CURVE('',#556,#555,#126,.T.);
#685=EDGE_CURVE('',#557,#556,#127,.T.);
#686=EDGE_CURVE('',#558,#557,#128,.T.);
#687=EDGE_CURVE('',#558,#559,#129,.T.);
#688=EDGE_CURVE('',#560,#559,#130,.T.);
#689=EDGE_CURVE('',#561,#560,#131,.T.);
#690=EDGE_CURVE('',#561,#562,#132,.T.);
#691=EDGE_CURVE('',#563,#562,#133,.T.);
#692=EDGE_CURVE('',#564,#563,#359,.T.);
#693=EDGE_CURVE('',#564,#565,#360,.T.);
#694=EDGE_CURVE('',#566,#565,#361,.T.);
#695=EDGE_CURVE('',#567,#566,#362,.T.);
#696=EDGE_CURVE('',#523,#567,#363,.T.);
#697=EDGE_CURVE('',#567,#568,#364,.T.);
#698=EDGE_CURVE('',#568,#569,#365,.T.);
#699=EDGE_CURVE('',#569,#524,#366,.T.);
#700=EDGE_CURVE('',#528,#570,#367,.T.);
#701=EDGE_CURVE('',#570,#571,#368,.T.);
#702=EDGE_CURVE('',#571,#529,#369,.T.);
#703=EDGE_CURVE('',#566,#533,#134,.T.);
#704=EDGE_CURVE('',#565,#534,#135,.T.);
#705=EDGE_CURVE('',#572,#564,#370,.T.);
#706=EDGE_CURVE('',#573,#572,#371,.T.);
#707=EDGE_CURVE('',#535,#573,#372,.T.);
#708=EDGE_CURVE('',#574,#574,#136,.T.);
#709=EDGE_CURVE('',#532,#575,#373,.T.);
#710=EDGE_CURVE('',#568,#575,#374,.T.);
#711=EDGE_CURVE('',#576,#525,#375,.T.);
#712=EDGE_CURVE('',#527,#576,#376,.T.);
#713=EDGE_CURVE('',#577,#576,#377,.T.);
#714=EDGE_CURVE('',#524,#577,#378,.T.);
#715=EDGE_CURVE('',#574,#578,#379,.T.);
#716=EDGE_CURVE('',#579,#578,#40,.T.);
#717=EDGE_CURVE('',#580,#579,#41,.T.);
#718=EDGE_CURVE('',#578,#580,#42,.T.);
#719=EDGE_CURVE('',#581,#582,#380,.T.);
#720=EDGE_CURVE('',#582,#583,#137,.T.);
#721=EDGE_CURVE('',#583,#584,#381,.T.);
#722=EDGE_CURVE('',#584,#581,#43,.T.);
#723=EDGE_CURVE('',#584,#585,#138,.T.);
#724=EDGE_CURVE('',#585,#586,#44,.T.);
#725=EDGE_CURVE('',#586,#581,#139,.T.);
#726=EDGE_CURVE('',#587,#588,#45,.T.);
#727=EDGE_CURVE('',#588,#583,#140,.T.);
#728=EDGE_CURVE('',#582,#587,#141,.T.);
#729=EDGE_CURVE('',#589,#590,#46,.T.);
#730=EDGE_CURVE('',#590,#591,#142,.T.);
#731=EDGE_CURVE('',#592,#591,#143,.T.);
#732=EDGE_CURVE('',#592,#589,#144,.T.);
#733=EDGE_CURVE('',#575,#593,#382,.T.);
#734=EDGE_CURVE('',#593,#594,#383,.T.);
#735=EDGE_CURVE('',#594,#571,#384,.T.);
#736=EDGE_CURVE('',#570,#569,#385,.T.);
#737=EDGE_CURVE('',#595,#595,#145,.T.);
#738=EDGE_CURVE('',#596,#596,#146,.T.);
#739=EDGE_CURVE('',#597,#597,#147,.T.);
#740=EDGE_CURVE('',#598,#598,#148,.T.);
#741=EDGE_CURVE('',#599,#599,#149,.T.);
#742=EDGE_CURVE('',#588,#589,#150,.T.);
#743=EDGE_CURVE('',#600,#592,#151,.T.);
#744=EDGE_CURVE('',#600,#601,#152,.T.);
#745=EDGE_CURVE('',#602,#601,#153,.T.);
#746=EDGE_CURVE('',#603,#602,#154,.T.);
#747=EDGE_CURVE('',#603,#604,#155,.T.);
#748=EDGE_CURVE('',#605,#604,#156,.T.);
#749=EDGE_CURVE('',#606,#605,#157,.T.);
#750=EDGE_CURVE('',#606,#607,#158,.T.);
#751=EDGE_CURVE('',#608,#607,#159,.T.);
#752=EDGE_CURVE('',#609,#608,#386,.T.);
#753=EDGE_CURVE('',#610,#609,#160,.T.);
#754=EDGE_CURVE('',#611,#610,#161,.T.);
#755=EDGE_CURVE('',#585,#611,#162,.T.);
#756=EDGE_CURVE('',#582,#563,#387,.T.);
#757=EDGE_CURVE('',#562,#587,#388,.T.);
#758=EDGE_CURVE('',#612,#581,#389,.T.);
#759=EDGE_CURVE('',#572,#612,#390,.T.);
#760=EDGE_CURVE('',#613,#603,#47,.T.);
#761=EDGE_CURVE('',#602,#614,#163,.T.);
#762=EDGE_CURVE('',#614,#613,#164,.T.);
#763=EDGE_CURVE('',#615,#616,#165,.T.);
#764=EDGE_CURVE('',#611,#616,#48,.T.);
#765=EDGE_CURVE('',#610,#615,#49,.T.);
#766=EDGE_CURVE('',#604,#617,#50,.T.);
#767=EDGE_CURVE('',#617,#618,#166,.T.);
#768=EDGE_CURVE('',#618,#605,#167,.T.);
#769=EDGE_CURVE('',#616,#614,#391,.T.);
#770=EDGE_CURVE('',#619,#616,#392,.T.);
#771=EDGE_CURVE('',#619,#620,#22,.F.);
#772=EDGE_CURVE('',#614,#620,#393,.T.);
#773=EDGE_CURVE('',#615,#621,#394,.T.);
#774=EDGE_CURVE('',#621,#619,#168,.T.);
#775=EDGE_CURVE('',#618,#615,#395,.T.);
#776=EDGE_CURVE('',#622,#618,#396,.T.);
#777=EDGE_CURVE('',#621,#622,#23,.T.);
#778=EDGE_CURVE('',#617,#544,#397,.T.);
#779=EDGE_CURVE('',#543,#622,#51,.T.);
#780=EDGE_CURVE('',#623,#624,#398,.T.);
#781=EDGE_CURVE('',#624,#605,#169,.T.);
#782=EDGE_CURVE('',#610,#623,#52,.T.);
#783=EDGE_CURVE('',#625,#606,#53,.T.);
#784=EDGE_CURVE('',#624,#625,#170,.T.);
#785=EDGE_CURVE('',#626,#623,#171,.T.);
#786=EDGE_CURVE('',#609,#626,#54,.T.);
#787=EDGE_CURVE('',#607,#627,#55,.T.);
#788=EDGE_CURVE('',#627,#628,#172,.T.);
#789=EDGE_CURVE('',#628,#608,#173,.T.);
#790=EDGE_CURVE('',#628,#626,#399,.T.);
#791=EDGE_CURVE('',#629,#623,#400,.T.);
#792=EDGE_CURVE('',#629,#630,#24,.F.);
#793=EDGE_CURVE('',#624,#630,#401,.T.);
#794=EDGE_CURVE('',#631,#626,#402,.T.);
#795=EDGE_CURVE('',#631,#629,#174,.T.);
#796=EDGE_CURVE('',#631,#573,#403,.T.);
#797=EDGE_CURVE('',#536,#628,#404,.T.);
#798=EDGE_CURVE('',#627,#537,#405,.T.);
#799=EDGE_CURVE('',#632,#633,#406,.T.);
#800=EDGE_CURVE('',#633,#592,#175,.T.);
#801=EDGE_CURVE('',#591,#586,#407,.T.);
#802=EDGE_CURVE('',#585,#632,#56,.T.);
#803=EDGE_CURVE('',#634,#600,#57,.T.);
#804=EDGE_CURVE('',#633,#634,#176,.T.);
#805=EDGE_CURVE('',#635,#632,#177,.T.);
#806=EDGE_CURVE('',#611,#635,#58,.T.);
#807=EDGE_CURVE('',#602,#636,#178,.T.);
#808=EDGE_CURVE('',#636,#635,#408,.T.);
#809=EDGE_CURVE('',#601,#637,#59,.T.);
#810=EDGE_CURVE('',#637,#636,#179,.T.);
#811=EDGE_CURVE('',#637,#551,#409,.T.);
#812=EDGE_CURVE('',#550,#638,#60,.T.);
#813=EDGE_CURVE('',#638,#636,#410,.T.);
#814=EDGE_CURVE('',#555,#634,#411,.T.);
#815=EDGE_CURVE('',#554,#552,#61,.T.);
#816=EDGE_CURVE('',#542,#630,#62,.F.);
#817=EDGE_CURVE('',#629,#621,#180,.T.);
#818=EDGE_CURVE('',#557,#639,#63,.T.);
#819=EDGE_CURVE('',#556,#640,#64,.F.);
#820=EDGE_CURVE('',#641,#640,#25,.F.);
#821=EDGE_CURVE('',#641,#642,#181,.T.);
#822=EDGE_CURVE('',#642,#639,#26,.T.);
#823=EDGE_CURVE('',#635,#643,#412,.T.);
#824=EDGE_CURVE('',#643,#641,#182,.T.);
#825=EDGE_CURVE('',#641,#632,#413,.T.);
#826=EDGE_CURVE('',#586,#642,#414,.T.);
#827=EDGE_CURVE('',#642,#612,#183,.T.);
#828=EDGE_CURVE('',#549,#620,#65,.F.);
#829=EDGE_CURVE('',#619,#643,#184,.T.);
#830=EDGE_CURVE('',#643,#638,#27,.T.);
#831=EDGE_CURVE('',#547,#545,#66,.T.);
#832=EDGE_CURVE('',#546,#644,#415,.T.);
#833=EDGE_CURVE('',#644,#644,#185,.T.);
#834=EDGE_CURVE('',#548,#613,#416,.T.);
#835=EDGE_CURVE('',#595,#644,#417,.T.);
#836=EDGE_CURVE('',#540,#538,#67,.T.);
#837=EDGE_CURVE('',#539,#645,#418,.T.);
#838=EDGE_CURVE('',#645,#645,#186,.T.);
#839=EDGE_CURVE('',#541,#625,#419,.T.);
#840=EDGE_CURVE('',#596,#645,#420,.T.);
#841=EDGE_CURVE('',#561,#559,#68,.T.);
#842=EDGE_CURVE('',#560,#646,#421,.T.);
#843=EDGE_CURVE('',#646,#646,#187,.T.);
#844=EDGE_CURVE('',#590,#558,#422,.T.);
#845=EDGE_CURVE('',#599,#646,#423,.T.);
#846=EDGE_CURVE('',#553,#647,#424,.T.);
#847=EDGE_CURVE('',#647,#647,#188,.T.);
#848=EDGE_CURVE('',#597,#647,#425,.T.);
#849=EDGE_CURVE('',#633,#640,#426,.T.);
#850=EDGE_CURVE('',#639,#591,#427,.T.);
#851=EDGE_CURVE('',#648,#648,#189,.T.);
#852=EDGE_CURVE('',#649,#649,#190,.T.);
#853=EDGE_CURVE('',#598,#649,#428,.T.);
#854=EDGE_CURVE('',#577,#528,#429,.T.);
#855=EDGE_CURVE('',#530,#594,#430,.T.);
#856=EDGE_CURVE('',#531,#593,#431,.T.);
#857=EDGE_CURVE('',#648,#580,#432,.T.);
#858=EDGE_CURVE('',#578,#650,#433,.T.);
#859=EDGE_CURVE('',#650,#650,#191,.T.);
#860=ORIENTED_EDGE('',*,*,#651,.T.);
#861=ORIENTED_EDGE('',*,*,#652,.F.);
#862=ORIENTED_EDGE('',*,*,#653,.T.);
#863=ORIENTED_EDGE('',*,*,#654,.T.);
#864=ORIENTED_EDGE('',*,*,#654,.F.);
#865=ORIENTED_EDGE('',*,*,#655,.T.);
#866=ORIENTED_EDGE('',*,*,#656,.F.);
#867=ORIENTED_EDGE('',*,*,#657,.T.);
#868=ORIENTED_EDGE('',*,*,#658,.T.);
#869=ORIENTED_EDGE('',*,*,#659,.T.);
#870=ORIENTED_EDGE('',*,*,#660,.T.);
#871=ORIENTED_EDGE('',*,*,#661,.F.);
#872=ORIENTED_EDGE('',*,*,#662,.T.);
#873=ORIENTED_EDGE('',*,*,#663,.T.);
#874=ORIENTED_EDGE('',*,*,#664,.F.);
#875=ORIENTED_EDGE('',*,*,#665,.F.);
#876=ORIENTED_EDGE('',*,*,#666,.T.);
#877=ORIENTED_EDGE('',*,*,#667,.F.);
#878=ORIENTED_EDGE('',*,*,#668,.F.);
#879=ORIENTED_EDGE('',*,*,#669,.T.);
#880=ORIENTED_EDGE('',*,*,#670,.F.);
#881=ORIENTED_EDGE('',*,*,#671,.F.);
#882=ORIENTED_EDGE('',*,*,#672,.F.);
#883=ORIENTED_EDGE('',*,*,#673,.T.);
#884=ORIENTED_EDGE('',*,*,#674,.F.);
#885=ORIENTED_EDGE('',*,*,#675,.F.);
#886=ORIENTED_EDGE('',*,*,#676,.T.);
#887=ORIENTED_EDGE('',*,*,#677,.F.);
#888=ORIENTED_EDGE('',*,*,#678,.F.);
#889=ORIENTED_EDGE('',*,*,#679,.F.);
#890=ORIENTED_EDGE('',*,*,#680,.T.);
#891=ORIENTED_EDGE('',*,*,#681,.F.);
#892=ORIENTED_EDGE('',*,*,#682,.F.);
#893=ORIENTED_EDGE('',*,*,#683,.T.);
#894=ORIENTED_EDGE('',*,*,#684,.F.);
#895=ORIENTED_EDGE('',*,*,#685,.F.);
#896=ORIENTED_EDGE('',*,*,#686,.F.);
#897=ORIENTED_EDGE('',*,*,#687,.T.);
#898=ORIENTED_EDGE('',*,*,#688,.F.);
#899=ORIENTED_EDGE('',*,*,#689,.F.);
#900=ORIENTED_EDGE('',*,*,#690,.T.);
#901=ORIENTED_EDGE('',*,*,#691,.F.);
#902=ORIENTED_EDGE('',*,*,#692,.F.);
#903=ORIENTED_EDGE('',*,*,#693,.T.);
#904=ORIENTED_EDGE('',*,*,#694,.F.);
#905=ORIENTED_EDGE('',*,*,#695,.F.);
#906=ORIENTED_EDGE('',*,*,#696,.F.);
#907=ORIENTED_EDGE('',*,*,#696,.T.);
#908=ORIENTED_EDGE('',*,*,#697,.T.);
#909=ORIENTED_EDGE('',*,*,#698,.T.);
#910=ORIENTED_EDGE('',*,*,#699,.T.);
#911=ORIENTED_EDGE('',*,*,#651,.F.);
#912=ORIENTED_EDGE('',*,*,#657,.F.);
#913=ORIENTED_EDGE('',*,*,#700,.T.);
#914=ORIENTED_EDGE('',*,*,#701,.T.);
#915=ORIENTED_EDGE('',*,*,#702,.T.);
#916=ORIENTED_EDGE('',*,*,#703,.F.);
#917=ORIENTED_EDGE('',*,*,#694,.T.);
#918=ORIENTED_EDGE('',*,*,#704,.T.);
#919=ORIENTED_EDGE('',*,*,#662,.F.);
#920=ORIENTED_EDGE('',*,*,#704,.F.);
#921=ORIENTED_EDGE('',*,*,#693,.F.);
#922=ORIENTED_EDGE('',*,*,#705,.F.);
#923=ORIENTED_EDGE('',*,*,#706,.F.);
#924=ORIENTED_EDGE('',*,*,#707,.F.);
#925=ORIENTED_EDGE('',*,*,#663,.F.);
#926=ORIENTED_EDGE('',*,*,#708,.F.);
#927=ORIENTED_EDGE('',*,*,#695,.T.);
#928=ORIENTED_EDGE('',*,*,#703,.T.);
#929=ORIENTED_EDGE('',*,*,#661,.T.);
#930=ORIENTED_EDGE('',*,*,#709,.T.);
#931=ORIENTED_EDGE('',*,*,#710,.F.);
#932=ORIENTED_EDGE('',*,*,#697,.F.);
#933=ORIENTED_EDGE('',*,*,#655,.F.);
#934=ORIENTED_EDGE('',*,*,#653,.F.);
#935=ORIENTED_EDGE('',*,*,#711,.F.);
#936=ORIENTED_EDGE('',*,*,#712,.F.);
#937=ORIENTED_EDGE('',*,*,#713,.T.);
#938=ORIENTED_EDGE('',*,*,#711,.T.);
#939=ORIENTED_EDGE('',*,*,#652,.T.);
#940=ORIENTED_EDGE('',*,*,#714,.T.);
#941=ORIENTED_EDGE('',*,*,#708,.T.);
#942=ORIENTED_EDGE('',*,*,#715,.T.);
#943=ORIENTED_EDGE('',*,*,#716,.F.);
#944=ORIENTED_EDGE('',*,*,#717,.F.);
#945=ORIENTED_EDGE('',*,*,#718,.F.);
#946=ORIENTED_EDGE('',*,*,#715,.F.);
#947=ORIENTED_EDGE('',*,*,#719,.T.);
#948=ORIENTED_EDGE('',*,*,#720,.T.);
#949=ORIENTED_EDGE('',*,*,#721,.T.);
#950=ORIENTED_EDGE('',*,*,#722,.T.);
#951=ORIENTED_EDGE('',*,*,#723,.T.);
#952=ORIENTED_EDGE('',*,*,#724,.T.);
#953=ORIENTED_EDGE('',*,*,#725,.T.);
#954=ORIENTED_EDGE('',*,*,#722,.F.);
#955=ORIENTED_EDGE('',*,*,#726,.T.);
#956=ORIENTED_EDGE('',*,*,#727,.T.);
#957=ORIENTED_EDGE('',*,*,#720,.F.);
#958=ORIENTED_EDGE('',*,*,#728,.T.);
#959=ORIENTED_EDGE('',*,*,#729,.T.);
#960=ORIENTED_EDGE('',*,*,#730,.T.);
#961=ORIENTED_EDGE('',*,*,#731,.F.);
#962=ORIENTED_EDGE('',*,*,#732,.T.);
#963=ORIENTED_EDGE('',*,*,#698,.F.);
#964=ORIENTED_EDGE('',*,*,#710,.T.);
#965=ORIENTED_EDGE('',*,*,#733,.T.);
#966=ORIENTED_EDGE('',*,*,#734,.T.);
#967=ORIENTED_EDGE('',*,*,#735,.T.);
#968=ORIENTED_EDGE('',*,*,#701,.F.);
#969=ORIENTED_EDGE('',*,*,#736,.T.);
#970=ORIENTED_EDGE('',*,*,#737,.T.);
#971=ORIENTED_EDGE('',*,*,#738,.T.);
#972=ORIENTED_EDGE('',*,*,#739,.T.);
#973=ORIENTED_EDGE('',*,*,#740,.T.);
#974=ORIENTED_EDGE('',*,*,#741,.T.);
#975=ORIENTED_EDGE('',*,*,#723,.F.);
#976=ORIENTED_EDGE('',*,*,#721,.F.);
#977=ORIENTED_EDGE('',*,*,#727,.F.);
#978=ORIENTED_EDGE('',*,*,#742,.T.);
#979=ORIENTED_EDGE('',*,*,#732,.F.);
#980=ORIENTED_EDGE('',*,*,#743,.F.);
#981=ORIENTED_EDGE('',*,*,#744,.T.);
#982=ORIENTED_EDGE('',*,*,#745,.F.);
#983=ORIENTED_EDGE('',*,*,#746,.F.);
#984=ORIENTED_EDGE('',*,*,#747,.T.);
#985=ORIENTED_EDGE('',*,*,#748,.F.);
#986=ORIENTED_EDGE('',*,*,#749,.F.);
#987=ORIENTED_EDGE('',*,*,#750,.T.);
#988=ORIENTED_EDGE('',*,*,#751,.F.);
#989=ORIENTED_EDGE('',*,*,#752,.F.);
#990=ORIENTED_EDGE('',*,*,#753,.F.);
#991=ORIENTED_EDGE('',*,*,#754,.F.);
#992=ORIENTED_EDGE('',*,*,#755,.F.);
#993=ORIENTED_EDGE('',*,*,#728,.F.);
#994=ORIENTED_EDGE('',*,*,#756,.T.);
#995=ORIENTED_EDGE('',*,*,#691,.T.);
#996=ORIENTED_EDGE('',*,*,#757,.T.);
#997=ORIENTED_EDGE('',*,*,#692,.T.);
#998=ORIENTED_EDGE('',*,*,#756,.F.);
#999=ORIENTED_EDGE('',*,*,#719,.F.);
#1000=ORIENTED_EDGE('',*,*,#758,.F.);
#1001=ORIENTED_EDGE('',*,*,#759,.F.);
#1002=ORIENTED_EDGE('',*,*,#705,.T.);
#1003=ORIENTED_EDGE('',*,*,#760,.T.);
#1004=ORIENTED_EDGE('',*,*,#746,.T.);
#1005=ORIENTED_EDGE('',*,*,#761,.T.);
#1006=ORIENTED_EDGE('',*,*,#762,.T.);
#1007=ORIENTED_EDGE('',*,*,#763,.T.);
#1008=ORIENTED_EDGE('',*,*,#764,.F.);
#1009=ORIENTED_EDGE('',*,*,#754,.T.);
#1010=ORIENTED_EDGE('',*,*,#765,.T.);
#1011=ORIENTED_EDGE('',*,*,#766,.T.);
#1012=ORIENTED_EDGE('',*,*,#767,.T.);
#1013=ORIENTED_EDGE('',*,*,#768,.T.);
#1014=ORIENTED_EDGE('',*,*,#748,.T.);
#1015=ORIENTED_EDGE('',*,*,#769,.F.);
#1016=ORIENTED_EDGE('',*,*,#770,.F.);
#1017=ORIENTED_EDGE('',*,*,#771,.T.);
#1018=ORIENTED_EDGE('',*,*,#772,.F.);
#1019=ORIENTED_EDGE('',*,*,#763,.F.);
#1020=ORIENTED_EDGE('',*,*,#773,.T.);
#1021=ORIENTED_EDGE('',*,*,#774,.T.);
#1022=ORIENTED_EDGE('',*,*,#770,.T.);
#1023=ORIENTED_EDGE('',*,*,#775,.F.);
#1024=ORIENTED_EDGE('',*,*,#776,.F.);
#1025=ORIENTED_EDGE('',*,*,#777,.F.);
#1026=ORIENTED_EDGE('',*,*,#773,.F.);
#1027=ORIENTED_EDGE('',*,*,#767,.F.);
#1028=ORIENTED_EDGE('',*,*,#778,.T.);
#1029=ORIENTED_EDGE('',*,*,#672,.T.);
#1030=ORIENTED_EDGE('',*,*,#779,.T.);
#1031=ORIENTED_EDGE('',*,*,#776,.T.);
#1032=ORIENTED_EDGE('',*,*,#780,.T.);
#1033=ORIENTED_EDGE('',*,*,#781,.T.);
#1034=ORIENTED_EDGE('',*,*,#768,.F.);
#1035=ORIENTED_EDGE('',*,*,#775,.T.);
#1036=ORIENTED_EDGE('',*,*,#765,.F.);
#1037=ORIENTED_EDGE('',*,*,#782,.T.);
#1038=ORIENTED_EDGE('',*,*,#783,.T.);
#1039=ORIENTED_EDGE('',*,*,#749,.T.);
#1040=ORIENTED_EDGE('',*,*,#781,.F.);
#1041=ORIENTED_EDGE('',*,*,#784,.T.);
#1042=ORIENTED_EDGE('',*,*,#785,.T.);
#1043=ORIENTED_EDGE('',*,*,#782,.F.);
#1044=ORIENTED_EDGE('',*,*,#753,.T.);
#1045=ORIENTED_EDGE('',*,*,#786,.T.);
#1046=ORIENTED_EDGE('',*,*,#787,.T.);
#1047=ORIENTED_EDGE('',*,*,#788,.T.);
#1048=ORIENTED_EDGE('',*,*,#789,.T.);
#1049=ORIENTED_EDGE('',*,*,#751,.T.);
#1050=ORIENTED_EDGE('',*,*,#752,.T.);
#1051=ORIENTED_EDGE('',*,*,#789,.F.);
#1052=ORIENTED_EDGE('',*,*,#790,.T.);
#1053=ORIENTED_EDGE('',*,*,#786,.F.);
#1054=ORIENTED_EDGE('',*,*,#780,.F.);
#1055=ORIENTED_EDGE('',*,*,#791,.F.);
#1056=ORIENTED_EDGE('',*,*,#792,.T.);
#1057=ORIENTED_EDGE('',*,*,#793,.F.);
#1058=ORIENTED_EDGE('',*,*,#785,.F.);
#1059=ORIENTED_EDGE('',*,*,#794,.F.);
#1060=ORIENTED_EDGE('',*,*,#795,.T.);
#1061=ORIENTED_EDGE('',*,*,#791,.T.);
#1062=ORIENTED_EDGE('',*,*,#707,.T.);
#1063=ORIENTED_EDGE('',*,*,#796,.F.);
#1064=ORIENTED_EDGE('',*,*,#794,.T.);
#1065=ORIENTED_EDGE('',*,*,#790,.F.);
#1066=ORIENTED_EDGE('',*,*,#797,.F.);
#1067=ORIENTED_EDGE('',*,*,#664,.T.);
#1068=ORIENTED_EDGE('',*,*,#788,.F.);
#1069=ORIENTED_EDGE('',*,*,#798,.T.);
#1070=ORIENTED_EDGE('',*,*,#665,.T.);
#1071=ORIENTED_EDGE('',*,*,#797,.T.);
#1072=ORIENTED_EDGE('',*,*,#799,.T.);
#1073=ORIENTED_EDGE('',*,*,#800,.T.);
#1074=ORIENTED_EDGE('',*,*,#731,.T.);
#1075=ORIENTED_EDGE('',*,*,#801,.T.);
#1076=ORIENTED_EDGE('',*,*,#724,.F.);
#1077=ORIENTED_EDGE('',*,*,#802,.T.);
#1078=ORIENTED_EDGE('',*,*,#803,.T.);
#1079=ORIENTED_EDGE('',*,*,#743,.T.);
#1080=ORIENTED_EDGE('',*,*,#800,.F.);
#1081=ORIENTED_EDGE('',*,*,#804,.T.);
#1082=ORIENTED_EDGE('',*,*,#805,.T.);
#1083=ORIENTED_EDGE('',*,*,#802,.F.);
#1084=ORIENTED_EDGE('',*,*,#755,.T.);
#1085=ORIENTED_EDGE('',*,*,#806,.T.);
#1086=ORIENTED_EDGE('',*,*,#807,.T.);
#1087=ORIENTED_EDGE('',*,*,#808,.T.);
#1088=ORIENTED_EDGE('',*,*,#806,.F.);
#1089=ORIENTED_EDGE('',*,*,#764,.T.);
#1090=ORIENTED_EDGE('',*,*,#769,.T.);
#1091=ORIENTED_EDGE('',*,*,#761,.F.);
#1092=ORIENTED_EDGE('',*,*,#809,.T.);
#1093=ORIENTED_EDGE('',*,*,#810,.T.);
#1094=ORIENTED_EDGE('',*,*,#807,.F.);
#1095=ORIENTED_EDGE('',*,*,#745,.T.);
#1096=ORIENTED_EDGE('',*,*,#810,.F.);
#1097=ORIENTED_EDGE('',*,*,#811,.T.);
#1098=ORIENTED_EDGE('',*,*,#679,.T.);
#1099=ORIENTED_EDGE('',*,*,#812,.T.);
#1100=ORIENTED_EDGE('',*,*,#813,.T.);
#1101=ORIENTED_EDGE('',*,*,#809,.F.);
#1102=ORIENTED_EDGE('',*,*,#744,.F.);
#1103=ORIENTED_EDGE('',*,*,#803,.F.);
#1104=ORIENTED_EDGE('',*,*,#814,.F.);
#1105=ORIENTED_EDGE('',*,*,#683,.F.);
#1106=ORIENTED_EDGE('',*,*,#815,.T.);
#1107=ORIENTED_EDGE('',*,*,#680,.F.);
#1108=ORIENTED_EDGE('',*,*,#811,.F.);
#1109=ORIENTED_EDGE('',*,*,#779,.F.);
#1110=ORIENTED_EDGE('',*,*,#671,.T.);
#1111=ORIENTED_EDGE('',*,*,#816,.T.);
#1112=ORIENTED_EDGE('',*,*,#792,.F.);
#1113=ORIENTED_EDGE('',*,*,#817,.T.);
#1114=ORIENTED_EDGE('',*,*,#777,.T.);
#1115=ORIENTED_EDGE('',*,*,#818,.F.);
#1116=ORIENTED_EDGE('',*,*,#685,.T.);
#1117=ORIENTED_EDGE('',*,*,#819,.T.);
#1118=ORIENTED_EDGE('',*,*,#820,.F.);
#1119=ORIENTED_EDGE('',*,*,#821,.T.);
#1120=ORIENTED_EDGE('',*,*,#822,.T.);
#1121=ORIENTED_EDGE('',*,*,#805,.F.);
#1122=ORIENTED_EDGE('',*,*,#823,.T.);
#1123=ORIENTED_EDGE('',*,*,#824,.T.);
#1124=ORIENTED_EDGE('',*,*,#825,.T.);
#1125=ORIENTED_EDGE('',*,*,#725,.F.);
#1126=ORIENTED_EDGE('',*,*,#826,.T.);
#1127=ORIENTED_EDGE('',*,*,#827,.T.);
#1128=ORIENTED_EDGE('',*,*,#758,.T.);
#1129=ORIENTED_EDGE('',*,*,#812,.F.);
#1130=ORIENTED_EDGE('',*,*,#678,.T.);
#1131=ORIENTED_EDGE('',*,*,#828,.T.);
#1132=ORIENTED_EDGE('',*,*,#771,.F.);
#1133=ORIENTED_EDGE('',*,*,#829,.T.);
#1134=ORIENTED_EDGE('',*,*,#830,.T.);
#1135=ORIENTED_EDGE('',*,*,#831,.F.);
#1136=ORIENTED_EDGE('',*,*,#675,.T.);
#1137=ORIENTED_EDGE('',*,*,#832,.T.);
#1138=ORIENTED_EDGE('',*,*,#833,.T.);
#1139=ORIENTED_EDGE('',*,*,#832,.F.);
#1140=ORIENTED_EDGE('',*,*,#674,.T.);
#1141=ORIENTED_EDGE('',*,*,#760,.F.);
#1142=ORIENTED_EDGE('',*,*,#834,.F.);
#1143=ORIENTED_EDGE('',*,*,#676,.F.);
#1144=ORIENTED_EDGE('',*,*,#831,.T.);
#1145=ORIENTED_EDGE('',*,*,#673,.F.);
#1146=ORIENTED_EDGE('',*,*,#778,.F.);
#1147=ORIENTED_EDGE('',*,*,#766,.F.);
#1148=ORIENTED_EDGE('',*,*,#747,.F.);
#1149=ORIENTED_EDGE('',*,*,#737,.F.);
#1150=ORIENTED_EDGE('',*,*,#835,.T.);
#1151=ORIENTED_EDGE('',*,*,#833,.F.);
#1152=ORIENTED_EDGE('',*,*,#835,.F.);
#1153=ORIENTED_EDGE('',*,*,#836,.F.);
#1154=ORIENTED_EDGE('',*,*,#668,.T.);
#1155=ORIENTED_EDGE('',*,*,#837,.T.);
#1156=ORIENTED_EDGE('',*,*,#838,.T.);
#1157=ORIENTED_EDGE('',*,*,#837,.F.);
#1158=ORIENTED_EDGE('',*,*,#667,.T.);
#1159=ORIENTED_EDGE('',*,*,#783,.F.);
#1160=ORIENTED_EDGE('',*,*,#839,.F.);
#1161=ORIENTED_EDGE('',*,*,#669,.F.);
#1162=ORIENTED_EDGE('',*,*,#836,.T.);
#1163=ORIENTED_EDGE('',*,*,#666,.F.);
#1164=ORIENTED_EDGE('',*,*,#798,.F.);
#1165=ORIENTED_EDGE('',*,*,#787,.F.);
#1166=ORIENTED_EDGE('',*,*,#750,.F.);
#1167=ORIENTED_EDGE('',*,*,#738,.F.);
#1168=ORIENTED_EDGE('',*,*,#840,.T.);
#1169=ORIENTED_EDGE('',*,*,#838,.F.);
#1170=ORIENTED_EDGE('',*,*,#840,.F.);
#1171=ORIENTED_EDGE('',*,*,#841,.F.);
#1172=ORIENTED_EDGE('',*,*,#689,.T.);
#1173=ORIENTED_EDGE('',*,*,#842,.T.);
#1174=ORIENTED_EDGE('',*,*,#843,.T.);
#1175=ORIENTED_EDGE('',*,*,#842,.F.);
#1176=ORIENTED_EDGE('',*,*,#688,.T.);
#1177=ORIENTED_EDGE('',*,*,#729,.F.);
#1178=ORIENTED_EDGE('',*,*,#742,.F.);
#1179=ORIENTED_EDGE('',*,*,#726,.F.);
#1180=ORIENTED_EDGE('',*,*,#757,.F.);
#1181=ORIENTED_EDGE('',*,*,#690,.F.);
#1182=ORIENTED_EDGE('',*,*,#841,.T.);
#1183=ORIENTED_EDGE('',*,*,#687,.F.);
#1184=ORIENTED_EDGE('',*,*,#844,.F.);
#1185=ORIENTED_EDGE('',*,*,#741,.F.);
#1186=ORIENTED_EDGE('',*,*,#845,.T.);
#1187=ORIENTED_EDGE('',*,*,#843,.F.);
#1188=ORIENTED_EDGE('',*,*,#845,.F.);
#1189=ORIENTED_EDGE('',*,*,#815,.F.);
#1190=ORIENTED_EDGE('',*,*,#682,.T.);
#1191=ORIENTED_EDGE('',*,*,#846,.T.);
#1192=ORIENTED_EDGE('',*,*,#847,.T.);
#1193=ORIENTED_EDGE('',*,*,#846,.F.);
#1194=ORIENTED_EDGE('',*,*,#681,.T.);
#1195=ORIENTED_EDGE('',*,*,#739,.F.);
#1196=ORIENTED_EDGE('',*,*,#848,.T.);
#1197=ORIENTED_EDGE('',*,*,#847,.F.);
#1198=ORIENTED_EDGE('',*,*,#848,.F.);
#1199=ORIENTED_EDGE('',*,*,#784,.F.);
#1200=ORIENTED_EDGE('',*,*,#793,.T.);
#1201=ORIENTED_EDGE('',*,*,#816,.F.);
#1202=ORIENTED_EDGE('',*,*,#670,.T.);
#1203=ORIENTED_EDGE('',*,*,#839,.T.);
#1204=ORIENTED_EDGE('',*,*,#808,.F.);
#1205=ORIENTED_EDGE('',*,*,#813,.F.);
#1206=ORIENTED_EDGE('',*,*,#830,.F.);
#1207=ORIENTED_EDGE('',*,*,#823,.F.);
#1208=ORIENTED_EDGE('',*,*,#762,.F.);
#1209=ORIENTED_EDGE('',*,*,#772,.T.);
#1210=ORIENTED_EDGE('',*,*,#828,.F.);
#1211=ORIENTED_EDGE('',*,*,#677,.T.);
#1212=ORIENTED_EDGE('',*,*,#834,.T.);
#1213=ORIENTED_EDGE('',*,*,#804,.F.);
#1214=ORIENTED_EDGE('',*,*,#849,.T.);
#1215=ORIENTED_EDGE('',*,*,#819,.F.);
#1216=ORIENTED_EDGE('',*,*,#684,.T.);
#1217=ORIENTED_EDGE('',*,*,#814,.T.);
#1218=ORIENTED_EDGE('',*,*,#730,.F.);
#1219=ORIENTED_EDGE('',*,*,#844,.T.);
#1220=ORIENTED_EDGE('',*,*,#686,.T.);
#1221=ORIENTED_EDGE('',*,*,#818,.T.);
#1222=ORIENTED_EDGE('',*,*,#850,.T.);
#1223=ORIENTED_EDGE('',*,*,#801,.F.);
#1224=ORIENTED_EDGE('',*,*,#850,.F.);
#1225=ORIENTED_EDGE('',*,*,#822,.F.);
#1226=ORIENTED_EDGE('',*,*,#826,.F.);
#1227=ORIENTED_EDGE('',*,*,#851,.T.);
#1228=ORIENTED_EDGE('',*,*,#852,.T.);
#1229=ORIENTED_EDGE('',*,*,#740,.F.);
#1230=ORIENTED_EDGE('',*,*,#853,.T.);
#1231=ORIENTED_EDGE('',*,*,#852,.F.);
#1232=ORIENTED_EDGE('',*,*,#853,.F.);
#1233=ORIENTED_EDGE('',*,*,#799,.F.);
#1234=ORIENTED_EDGE('',*,*,#825,.F.);
#1235=ORIENTED_EDGE('',*,*,#820,.T.);
#1236=ORIENTED_EDGE('',*,*,#849,.F.);
#1237=ORIENTED_EDGE('',*,*,#699,.F.);
#1238=ORIENTED_EDGE('',*,*,#736,.F.);
#1239=ORIENTED_EDGE('',*,*,#700,.F.);
#1240=ORIENTED_EDGE('',*,*,#854,.F.);
#1241=ORIENTED_EDGE('',*,*,#714,.F.);
#1242=ORIENTED_EDGE('',*,*,#656,.T.);
#1243=ORIENTED_EDGE('',*,*,#712,.T.);
#1244=ORIENTED_EDGE('',*,*,#713,.F.);
#1245=ORIENTED_EDGE('',*,*,#854,.T.);
#1246=ORIENTED_EDGE('',*,*,#702,.F.);
#1247=ORIENTED_EDGE('',*,*,#735,.F.);
#1248=ORIENTED_EDGE('',*,*,#855,.F.);
#1249=ORIENTED_EDGE('',*,*,#658,.F.);
#1250=ORIENTED_EDGE('',*,*,#659,.F.);
#1251=ORIENTED_EDGE('',*,*,#855,.T.);
#1252=ORIENTED_EDGE('',*,*,#734,.F.);
#1253=ORIENTED_EDGE('',*,*,#856,.F.);
#1254=ORIENTED_EDGE('',*,*,#660,.F.);
#1255=ORIENTED_EDGE('',*,*,#856,.T.);
#1256=ORIENTED_EDGE('',*,*,#733,.F.);
#1257=ORIENTED_EDGE('',*,*,#709,.F.);
#1258=ORIENTED_EDGE('',*,*,#851,.F.);
#1259=ORIENTED_EDGE('',*,*,#857,.T.);
#1260=ORIENTED_EDGE('',*,*,#717,.T.);
#1261=ORIENTED_EDGE('',*,*,#716,.T.);
#1262=ORIENTED_EDGE('',*,*,#858,.T.);
#1263=ORIENTED_EDGE('',*,*,#859,.T.);
#1264=ORIENTED_EDGE('',*,*,#858,.F.);
#1265=ORIENTED_EDGE('',*,*,#718,.T.);
#1266=ORIENTED_EDGE('',*,*,#857,.F.);
#1267=ORIENTED_EDGE('',*,*,#706,.T.);
#1268=ORIENTED_EDGE('',*,*,#759,.T.);
#1269=ORIENTED_EDGE('',*,*,#827,.F.);
#1270=ORIENTED_EDGE('',*,*,#821,.F.);
#1271=ORIENTED_EDGE('',*,*,#824,.F.);
#1272=ORIENTED_EDGE('',*,*,#829,.F.);
#1273=ORIENTED_EDGE('',*,*,#774,.F.);
#1274=ORIENTED_EDGE('',*,*,#817,.F.);
#1275=ORIENTED_EDGE('',*,*,#795,.F.);
#1276=ORIENTED_EDGE('',*,*,#796,.T.);
#1277=ORIENTED_EDGE('',*,*,#859,.F.);
#1278=PLANE('',#1388);
#1279=PLANE('',#1389);
#1280=PLANE('',#1417);
#1281=PLANE('',#1418);
#1282=PLANE('',#1422);
#1283=PLANE('',#1424);
#1284=PLANE('',#1425);
#1285=PLANE('',#1426);
#1286=PLANE('',#1440);
#1287=PLANE('',#1460);
#1288=PLANE('',#1469);
#1289=PLANE('',#1472);
#1290=PLANE('',#1484);
#1291=PLANE('',#1487);
#1292=PLANE('',#1527);
#1293=PLANE('',#1531);
#1294=PLANE('',#1532);
#1295=PLANE('',#1536);
#1296=PLANE('',#1537);
#1297=PLANE('',#1538);
#1298=PLANE('',#1539);
#1299=PLANE('',#1540);
#1300=PLANE('',#1541);
#1301=PLANE('',#1544);
#1302=ADVANCED_FACE('',(#192),#1278,.T.);
#1303=ADVANCED_FACE('',(#193),#1279,.F.);
#1304=ADVANCED_FACE('',(#194),#1280,.T.);
#1305=ADVANCED_FACE('',(#195),#1281,.T.);
#1306=ADVANCED_FACE('',(#196),#78,.F.);
#1307=ADVANCED_FACE('',(#197,#69),#1282,.T.);
#1308=ADVANCED_FACE('',(#198),#1283,.T.);
#1309=ADVANCED_FACE('',(#199),#1284,.T.);
#1310=ADVANCED_FACE('',(#200),#1285,.T.);
#1311=ADVANCED_FACE('',(#201),#79,.F.);
#1312=ADVANCED_FACE('',(#202),#80,.T.);
#1313=ADVANCED_FACE('',(#203),#28,.T.);
#1314=ADVANCED_FACE('',(#204),#29,.T.);
#1315=ADVANCED_FACE('',(#205),#30,.T.);
#1316=ADVANCED_FACE('',(#206,#70,#71,#72,#73,#74,#75),#1286,.T.);
#1317=ADVANCED_FACE('',(#207),#81,.F.);
#1318=ADVANCED_FACE('',(#208),#1287,.T.);
#1319=ADVANCED_FACE('',(#209),#31,.T.);
#1320=ADVANCED_FACE('',(#210),#32,.T.);
#1321=ADVANCED_FACE('',(#211),#33,.T.);
#1322=ADVANCED_FACE('',(#212),#1288,.T.);
#1323=ADVANCED_FACE('',(#213),#82,.T.);
#1324=ADVANCED_FACE('',(#214),#1289,.T.);
#1325=ADVANCED_FACE('',(#215),#83,.F.);
#1326=ADVANCED_FACE('',(#216),#84,.T.);
#1327=ADVANCED_FACE('',(#217),#34,.T.);
#1328=ADVANCED_FACE('',(#218),#35,.T.);
#1329=ADVANCED_FACE('',(#219),#36,.T.);
#1330=ADVANCED_FACE('',(#220),#85,.T.);
#1331=ADVANCED_FACE('',(#221),#1290,.T.);
#1332=ADVANCED_FACE('',(#222),#86,.T.);
#1333=ADVANCED_FACE('',(#223),#1291,.T.);
#1334=ADVANCED_FACE('',(#224),#87,.F.);
#1335=ADVANCED_FACE('',(#225),#88,.T.);
#1336=ADVANCED_FACE('',(#226),#37,.T.);
#1337=ADVANCED_FACE('',(#227),#38,.T.);
#1338=ADVANCED_FACE('',(#228),#89,.T.);
#1339=ADVANCED_FACE('',(#229),#39,.T.);
#1340=ADVANCED_FACE('',(#230),#90,.F.);
#1341=ADVANCED_FACE('',(#231),#91,.F.);
#1342=ADVANCED_FACE('',(#232),#15,.T.);
#1343=ADVANCED_FACE('',(#233),#16,.T.);
#1344=ADVANCED_FACE('',(#234),#92,.T.);
#1345=ADVANCED_FACE('',(#235),#93,.T.);
#1346=ADVANCED_FACE('',(#236),#17,.T.);
#1347=ADVANCED_FACE('',(#237),#18,.F.);
#1348=ADVANCED_FACE('',(#238),#94,.F.);
#1349=ADVANCED_FACE('',(#239),#95,.F.);
#1350=ADVANCED_FACE('',(#240),#19,.F.);
#1351=ADVANCED_FACE('',(#241),#96,.F.);
#1352=ADVANCED_FACE('',(#242),#97,.F.);
#1353=ADVANCED_FACE('',(#243),#20,.F.);
#1354=ADVANCED_FACE('',(#244),#98,.F.);
#1355=ADVANCED_FACE('',(#245),#99,.F.);
#1356=ADVANCED_FACE('',(#246),#21,.F.);
#1357=ADVANCED_FACE('',(#247),#100,.F.);
#1358=ADVANCED_FACE('',(#248),#101,.F.);
#1359=ADVANCED_FACE('',(#249),#1292,.T.);
#1360=ADVANCED_FACE('',(#250),#102,.F.);
#1361=ADVANCED_FACE('',(#251),#103,.F.);
#1362=ADVANCED_FACE('',(#252),#104,.F.);
#1363=ADVANCED_FACE('',(#253),#1293,.T.);
#1364=ADVANCED_FACE('',(#254,#76),#1294,.F.);
#1365=ADVANCED_FACE('',(#255),#105,.F.);
#1366=ADVANCED_FACE('',(#256),#1295,.T.);
#1367=ADVANCED_FACE('',(#257),#1296,.T.);
#1368=ADVANCED_FACE('',(#258),#1297,.T.);
#1369=ADVANCED_FACE('',(#259),#1298,.T.);
#1370=ADVANCED_FACE('',(#260),#1299,.T.);
#1371=ADVANCED_FACE('',(#261),#1300,.T.);
#1372=ADVANCED_FACE('',(#262),#106,.F.);
#1373=ADVANCED_FACE('',(#263,#77),#1301,.F.);
#1374=CLOSED_SHELL('',(#1302,#1303,#1304,#1305,#1306,#1307,#1308,#1309,
#1310,#1311,#1312,#1313,#1314,#1315,#1316,#1317,#1318,#1319,#1320,#1321,
#1322,#1323,#1324,#1325,#1326,#1327,#1328,#1329,#1330,#1331,#1332,#1333,
#1334,#1335,#1336,#1337,#1338,#1339,#1340,#1341,#1342,#1343,#1344,#1345,
#1346,#1347,#1348,#1349,#1350,#1351,#1352,#1353,#1354,#1355,#1356,#1357,
#1358,#1359,#1360,#1361,#1362,#1363,#1364,#1365,#1366,#1367,#1368,#1369,
#1370,#1371,#1372,#1373));
#1375=DERIVED_UNIT_ELEMENT(#1377,1.);
#1376=DERIVED_UNIT_ELEMENT(#2701,-3.);
#1377=(
MASS_UNIT()
NAMED_UNIT(*)
SI_UNIT(.KILO.,.GRAM.)
);
#1378=DERIVED_UNIT((#1375,#1376));
#1379=MEASURE_REPRESENTATION_ITEM('density measure',
POSITIVE_RATIO_MEASURE(7850.),#1378);
#1380=PROPERTY_DEFINITION_REPRESENTATION(#1385,#1382);
#1381=PROPERTY_DEFINITION_REPRESENTATION(#1386,#1383);
#1382=REPRESENTATION('material name',(#1384),#2698);
#1383=REPRESENTATION('density',(#1379),#2698);
#1384=DESCRIPTIVE_REPRESENTATION_ITEM('\X2\AC15CCA0\X0\','\X2\AC15CCA0\X0\');
#1385=PROPERTY_DEFINITION('material property','material name',#2708);
#1386=PROPERTY_DEFINITION('material property','density of part',#2708);
#1387=AXIS2_PLACEMENT_3D('',#1950,#1545,#1546);
#1388=AXIS2_PLACEMENT_3D('',#1951,#1547,#1548);
#1389=AXIS2_PLACEMENT_3D('',#1960,#1553,#1554);
#1390=AXIS2_PLACEMENT_3D('',#1982,#1565,#1566);
#1391=AXIS2_PLACEMENT_3D('',#1984,#1567,#1568);
#1392=AXIS2_PLACEMENT_3D('',#1986,#1569,#1570);
#1393=AXIS2_PLACEMENT_3D('',#1988,#1571,#1572);
#1394=AXIS2_PLACEMENT_3D('',#1990,#1573,#1574);
#1395=AXIS2_PLACEMENT_3D('',#1992,#1575,#1576);
#1396=AXIS2_PLACEMENT_3D('',#1994,#1577,#1578);
#1397=AXIS2_PLACEMENT_3D('',#1996,#1579,#1580);
#1398=AXIS2_PLACEMENT_3D('',#1998,#1581,#1582);
#1399=AXIS2_PLACEMENT_3D('',#2000,#1583,#1584);
#1400=AXIS2_PLACEMENT_3D('',#2002,#1585,#1586);
#1401=AXIS2_PLACEMENT_3D('',#2004,#1587,#1588);
#1402=AXIS2_PLACEMENT_3D('',#2006,#1589,#1590);
#1403=AXIS2_PLACEMENT_3D('',#2008,#1591,#1592);
#1404=AXIS2_PLACEMENT_3D('',#2010,#1593,#1594);
#1405=AXIS2_PLACEMENT_3D('',#2012,#1595,#1596);
#1406=AXIS2_PLACEMENT_3D('',#2014,#1597,#1598);
#1407=AXIS2_PLACEMENT_3D('',#2016,#1599,#1600);
#1408=AXIS2_PLACEMENT_3D('',#2018,#1601,#1602);
#1409=AXIS2_PLACEMENT_3D('',#2020,#1603,#1604);
#1410=AXIS2_PLACEMENT_3D('',#2022,#1605,#1606);
#1411=AXIS2_PLACEMENT_3D('',#2024,#1607,#1608);
#1412=AXIS2_PLACEMENT_3D('',#2026,#1609,#1610);
#1413=AXIS2_PLACEMENT_3D('',#2028,#1611,#1612);
#1414=AXIS2_PLACEMENT_3D('',#2030,#1613,#1614);
#1415=AXIS2_PLACEMENT_3D('',#2032,#1615,#1616);
#1416=AXIS2_PLACEMENT_3D('',#2034,#1617,#1618);
#1417=AXIS2_PLACEMENT_3D('',#2044,#1624,#1625);
#1418=AXIS2_PLACEMENT_3D('',#2050,#1629,#1630);
#1419=AXIS2_PLACEMENT_3D('',#2056,#1634,#1635);
#1420=AXIS2_PLACEMENT_3D('',#2057,#1636,#1637);
#1421=AXIS2_PLACEMENT_3D('',#2058,#1638,#1639);
#1422=AXIS2_PLACEMENT_3D('',#2059,#1640,#1641);
#1423=AXIS2_PLACEMENT_3D('',#2066,#1645,#1646);
#1424=AXIS2_PLACEMENT_3D('',#2067,#1647,#1648);
#1425=AXIS2_PLACEMENT_3D('',#2071,#1651,#1652);
#1426=AXIS2_PLACEMENT_3D('',#2075,#1655,#1656);
#1427=AXIS2_PLACEMENT_3D('',#2079,#1659,#1660);
#1428=AXIS2_PLACEMENT_3D('',#2122,#1662,#1663);
#1429=AXIS2_PLACEMENT_3D('',#2127,#1665,#1666);
#1430=AXIS2_PLACEMENT_3D('',#2144,#1668,#1669);
#1431=AXIS2_PLACEMENT_3D('',#2146,#1670,#1671);
#1432=AXIS2_PLACEMENT_3D('',#2162,#1672,#1673);
#1433=AXIS2_PLACEMENT_3D('',#2163,#1674,#1675);
#1434=AXIS2_PLACEMENT_3D('',#2176,#1676,#1677);
#1435=AXIS2_PLACEMENT_3D('',#2177,#1678,#1679);
#1436=AXIS2_PLACEMENT_3D('',#2178,#1680,#1681);
#1437=AXIS2_PLACEMENT_3D('',#2194,#1682,#1683);
#1438=AXIS2_PLACEMENT_3D('',#2196,#1684,#1685);
#1439=AXIS2_PLACEMENT_3D('',#2197,#1686,#1687);
#1440=AXIS2_PLACEMENT_3D('',#2198,#1688,#1689);
#1441=AXIS2_PLACEMENT_3D('',#2206,#1694,#1695);
#1442=AXIS2_PLACEMENT_3D('',#2208,#1696,#1697);
#1443=AXIS2_PLACEMENT_3D('',#2210,#1698,#1699);
#1444=AXIS2_PLACEMENT_3D('',#2212,#1700,#1701);
#1445=AXIS2_PLACEMENT_3D('',#2214,#1702,#1703);
#1446=AXIS2_PLACEMENT_3D('',#2215,#1704,#1705);
#1447=AXIS2_PLACEMENT_3D('',#2217,#1706,#1707);
#1448=AXIS2_PLACEMENT_3D('',#2219,#1708,#1709);
#1449=AXIS2_PLACEMENT_3D('',#2221,#1710,#1711);
#1450=AXIS2_PLACEMENT_3D('',#2223,#1712,#1713);
#1451=AXIS2_PLACEMENT_3D('',#2225,#1714,#1715);
#1452=AXIS2_PLACEMENT_3D('',#2227,#1716,#1717);
#1453=AXIS2_PLACEMENT_3D('',#2229,#1718,#1719);
#1454=AXIS2_PLACEMENT_3D('',#2231,#1720,#1721);
#1455=AXIS2_PLACEMENT_3D('',#2233,#1722,#1723);
#1456=AXIS2_PLACEMENT_3D('',#2237,#1725,#1726);
#1457=AXIS2_PLACEMENT_3D('',#2239,#1727,#1728);
#1458=AXIS2_PLACEMENT_3D('',#2240,#1729,#1730);
#1459=AXIS2_PLACEMENT_3D('',#2241,#1731,#1732);
#1460=AXIS2_PLACEMENT_3D('',#2244,#1735,#1736);
#1461=AXIS2_PLACEMENT_3D('',#2248,#1739,#1740);
#1462=AXIS2_PLACEMENT_3D('',#2261,#1741,#1742);
#1463=AXIS2_PLACEMENT_3D('',#2262,#1743,#1744);
#1464=AXIS2_PLACEMENT_3D('',#2263,#1745,#1746);
#1465=AXIS2_PLACEMENT_3D('',#2266,#1747,#1748);
#1466=AXIS2_PLACEMENT_3D('',#2295,#1749,#1750);
#1467=AXIS2_PLACEMENT_3D('',#2310,#1751,#1752);
#1468=AXIS2_PLACEMENT_3D('',#2311,#1753,#1754);
#1469=AXIS2_PLACEMENT_3D('',#2312,#1755,#1756);
#1470=AXIS2_PLACEMENT_3D('',#2321,#1760,#1761);
#1471=AXIS2_PLACEMENT_3D('',#2324,#1763,#1764);
#1472=AXIS2_PLACEMENT_3D('',#2325,#1765,#1766);
#1473=AXIS2_PLACEMENT_3D('',#2332,#1769,#1770);
#1474=AXIS2_PLACEMENT_3D('',#2347,#1772,#1773);
#1475=AXIS2_PLACEMENT_3D('',#2351,#1775,#1776);
#1476=AXIS2_PLACEMENT_3D('',#2366,#1777,#1778);
#1477=AXIS2_PLACEMENT_3D('',#2378,#1779,#1780);
#1478=AXIS2_PLACEMENT_3D('',#2379,#1781,#1782);
#1479=AXIS2_PLACEMENT_3D('',#2381,#1783,#1784);
#1480=AXIS2_PLACEMENT_3D('',#2396,#1785,#1786);
#1481=AXIS2_PLACEMENT_3D('',#2411,#1787,#1788);
#1482=AXIS2_PLACEMENT_3D('',#2412,#1789,#1790);
#1483=AXIS2_PLACEMENT_3D('',#2413,#1791,#1792);
#1484=AXIS2_PLACEMENT_3D('',#2415,#1794,#1795);
#1485=AXIS2_PLACEMENT_3D('',#2423,#1798,#1799);
#1486=AXIS2_PLACEMENT_3D('',#2426,#1801,#1802);
#1487=AXIS2_PLACEMENT_3D('',#2427,#1803,#1804);
#1488=AXIS2_PLACEMENT_3D('',#2430,#1807,#1808);
#1489=AXIS2_PLACEMENT_3D('',#2432,#1810,#1811);
#1490=AXIS2_PLACEMENT_3D('',#2436,#1813,#1814);
#1491=AXIS2_PLACEMENT_3D('',#2452,#1816,#1817);
#1492=AXIS2_PLACEMENT_3D('',#2464,#1818,#1819);
#1493=AXIS2_PLACEMENT_3D('',#2465,#1820,#1821);
#1494=AXIS2_PLACEMENT_3D('',#2467,#1822,#1823);
#1495=AXIS2_PLACEMENT_3D('',#2482,#1824,#1825);
#1496=AXIS2_PLACEMENT_3D('',#2484,#1826,#1827);
#1497=AXIS2_PLACEMENT_3D('',#2486,#1829,#1830);
#1498=AXIS2_PLACEMENT_3D('',#2500,#1831,#1832);
#1499=AXIS2_PLACEMENT_3D('',#2501,#1833,#1834);
#1500=AXIS2_PLACEMENT_3D('',#2518,#1837,#1838);
#1501=AXIS2_PLACEMENT_3D('',#2530,#1840,#1841);
#1502=AXIS2_PLACEMENT_3D('',#2543,#1842,#1843);
#1503=AXIS2_PLACEMENT_3D('',#2544,#1844,#1845);
#1504=AXIS2_PLACEMENT_3D('',#2577,#1846,#1847);
#1505=AXIS2_PLACEMENT_3D('',#2581,#1848,#1849);
#1506=AXIS2_PLACEMENT_3D('',#2584,#1851,#1852);
#1507=AXIS2_PLACEMENT_3D('',#2586,#1854,#1855);
#1508=AXIS2_PLACEMENT_3D('',#2588,#1857,#1858);
#1509=AXIS2_PLACEMENT_3D('',#2589,#1859,#1860);
#1510=AXIS2_PLACEMENT_3D('',#2602,#1861,#1862);
#1511=AXIS2_PLACEMENT_3D('',#2606,#1863,#1864);
#1512=AXIS2_PLACEMENT_3D('',#2619,#1866,#1867);
#1513=AXIS2_PLACEMENT_3D('',#2620,#1868,#1869);
#1514=AXIS2_PLACEMENT_3D('',#2622,#1871,#1872);
#1515=AXIS2_PLACEMENT_3D('',#2624,#1874,#1875);
#1516=AXIS2_PLACEMENT_3D('',#2637,#1877,#1878);
#1517=AXIS2_PLACEMENT_3D('',#2638,#1879,#1880);
#1518=AXIS2_PLACEMENT_3D('',#2640,#1882,#1883);
#1519=AXIS2_PLACEMENT_3D('',#2642,#1885,#1886);
#1520=AXIS2_PLACEMENT_3D('',#2655,#1888,#1889);
#1521=AXIS2_PLACEMENT_3D('',#2656,#1890,#1891);
#1522=AXIS2_PLACEMENT_3D('',#2658,#1893,#1894);
#1523=AXIS2_PLACEMENT_3D('',#2660,#1896,#1897);
#1524=AXIS2_PLACEMENT_3D('',#2663,#1899,#1900);
#1525=AXIS2_PLACEMENT_3D('',#2664,#1901,#1902);
#1526=AXIS2_PLACEMENT_3D('',#2666,#1904,#1905);
#1527=AXIS2_PLACEMENT_3D('',#2667,#1906,#1907);
#1528=AXIS2_PLACEMENT_3D('',#2668,#1908,#1909);
#1529=AXIS2_PLACEMENT_3D('',#2669,#1910,#1911);
#1530=AXIS2_PLACEMENT_3D('',#2671,#1913,#1914);
#1531=AXIS2_PLACEMENT_3D('',#2673,#1916,#1917);
#1532=AXIS2_PLACEMENT_3D('',#2674,#1918,#1919);
#1533=AXIS2_PLACEMENT_3D('',#2676,#1920,#1921);
#1534=AXIS2_PLACEMENT_3D('',#2678,#1922,#1923);
#1535=AXIS2_PLACEMENT_3D('',#2679,#1924,#1925);
#1536=AXIS2_PLACEMENT_3D('',#2681,#1927,#1928);
#1537=AXIS2_PLACEMENT_3D('',#2682,#1929,#1930);
#1538=AXIS2_PLACEMENT_3D('',#2684,#1932,#1933);
#1539=AXIS2_PLACEMENT_3D('',#2685,#1934,#1935);
#1540=AXIS2_PLACEMENT_3D('',#2687,#1937,#1938);
#1541=AXIS2_PLACEMENT_3D('',#2689,#1940,#1941);
#1542=AXIS2_PLACEMENT_3D('',#2690,#1942,#1943);
#1543=AXIS2_PLACEMENT_3D('',#2694,#1946,#1947);
#1544=AXIS2_PLACEMENT_3D('',#2695,#1948,#1949);
#1545=DIRECTION('axis',(0.,0.,1.));
#1546=DIRECTION('refdir',(1.,0.,0.));
#1547=DIRECTION('center_axis',(-0.870022185848612,0.49301257198088,0.));
#1548=DIRECTION('ref_axis',(0.,0.,1.));
#1549=DIRECTION('',(0.442192838125303,0.780340302574064,0.4421928381253));
#1550=DIRECTION('',(0.,0.,1.));
#1551=DIRECTION('',(-0.49301257198088,-0.870022185848612,0.));
#1552=DIRECTION('',(0.,0.,1.));
#1553=DIRECTION('center_axis',(0.,-1.,0.));
#1554=DIRECTION('ref_axis',(0.,0.,-1.));
#1555=DIRECTION('',(1.,0.,0.));
#1556=DIRECTION('',(0.,0.,-1.));
#1557=DIRECTION('',(-0.70710678118655,0.,0.707106781186545));
#1558=DIRECTION('',(1.,0.,0.));
#1559=DIRECTION('',(-4.55476112666731E-16,0.,-1.));
#1560=DIRECTION('',(-1.,0.,0.));
#1561=DIRECTION('',(0.,0.,-1.));
#1562=DIRECTION('',(1.,0.,0.));
#1563=DIRECTION('',(2.00040184617145E-16,0.,-1.));
#1564=DIRECTION('',(1.,0.,0.));
#1565=DIRECTION('center_axis',(0.,1.,0.));
#1566=DIRECTION('ref_axis',(-0.82305489175311,0.,0.567961834247053));
#1567=DIRECTION('center_axis',(0.,-1.,0.));
#1568=DIRECTION('ref_axis',(1.,0.,0.));
#1569=DIRECTION('center_axis',(0.,1.,0.));
#1570=DIRECTION('ref_axis',(1.,0.,0.));
#1571=DIRECTION('center_axis',(0.,1.,0.));
#1572=DIRECTION('ref_axis',(1.,0.,0.));
#1573=DIRECTION('center_axis',(0.,-1.,0.));
#1574=DIRECTION('ref_axis',(1.,0.,0.));
#1575=DIRECTION('center_axis',(0.,1.,0.));
#1576=DIRECTION('ref_axis',(0.609071212532239,0.,-0.793115538912527));
#1577=DIRECTION('center_axis',(0.,1.,0.));
#1578=DIRECTION('ref_axis',(1.,0.,0.));
#1579=DIRECTION('center_axis',(0.,1.,0.));
#1580=DIRECTION('ref_axis',(-0.609071212532239,0.,-0.793115538912527));
#1581=DIRECTION('center_axis',(0.,-1.,0.));
#1582=DIRECTION('ref_axis',(1.,0.,0.));
#1583=DIRECTION('center_axis',(0.,1.,0.));
#1584=DIRECTION('ref_axis',(1.,0.,0.));
#1585=DIRECTION('center_axis',(0.,1.,0.));
#1586=DIRECTION('ref_axis',(1.,0.,0.));
#1587=DIRECTION('center_axis',(0.,-1.,0.));
#1588=DIRECTION('ref_axis',(1.,0.,0.));
#1589=DIRECTION('center_axis',(0.,1.,0.));
#1590=DIRECTION('ref_axis',(0.793115538912532,0.,0.609071212532232));
#1591=DIRECTION('center_axis',(0.,1.,0.));
#1592=DIRECTION('ref_axis',(1.,0.,0.));
#1593=DIRECTION('center_axis',(0.,1.,0.));
#1594=DIRECTION('ref_axis',(0.793115538912532,0.,-0.609071212532232));
#1595=DIRECTION('center_axis',(0.,-1.,0.));
#1596=DIRECTION('ref_axis',(1.,0.,0.));
#1597=DIRECTION('center_axis',(0.,1.,0.));
#1598=DIRECTION('ref_axis',(1.,0.,0.));
#1599=DIRECTION('center_axis',(0.,1.,0.));
#1600=DIRECTION('ref_axis',(1.,0.,0.));
#1601=DIRECTION('center_axis',(0.,-1.,0.));
#1602=DIRECTION('ref_axis',(1.,0.,0.));
#1603=DIRECTION('center_axis',(0.,1.,0.));
#1604=DIRECTION('ref_axis',(-0.609071212532239,0.,0.793115538912527));
#1605=DIRECTION('center_axis',(0.,1.,0.));
#1606=DIRECTION('ref_axis',(1.,0.,0.));
#1607=DIRECTION('center_axis',(0.,1.,0.));
#1608=DIRECTION('ref_axis',(0.609071212532239,0.,0.793115538912527));
#1609=DIRECTION('center_axis',(0.,-1.,0.));
#1610=DIRECTION('ref_axis',(1.,0.,0.));
#1611=DIRECTION('center_axis',(0.,1.,0.));
#1612=DIRECTION('ref_axis',(1.,0.,0.));
#1613=DIRECTION('center_axis',(0.,1.,0.));
#1614=DIRECTION('ref_axis',(1.,0.,0.));
#1615=DIRECTION('center_axis',(0.,-1.,0.));
#1616=DIRECTION('ref_axis',(1.,0.,0.));
#1617=DIRECTION('center_axis',(0.,1.,0.));
#1618=DIRECTION('ref_axis',(-0.823054891753095,0.,-0.567961834247074));
#1619=DIRECTION('',(-1.,0.,0.));
#1620=DIRECTION('',(2.00040184617145E-16,0.,-1.));
#1621=DIRECTION('',(1.,0.,0.));
#1622=DIRECTION('',(0.,0.,-1.));
#1623=DIRECTION('',(-0.70710678118655,0.,-0.707106781186545));
#1624=DIRECTION('center_axis',(-0.707106781186545,0.,0.70710678118655));
#1625=DIRECTION('ref_axis',(0.70710678118655,0.,0.707106781186545));
#1626=DIRECTION('',(0.,-1.,0.));
#1627=DIRECTION('',(0.70710678118655,0.,0.707106781186545));
#1628=DIRECTION('',(0.,1.,0.));
#1629=DIRECTION('center_axis',(0.707106781186545,0.,0.70710678118655));
#1630=DIRECTION('ref_axis',(0.70710678118655,0.,-0.707106781186545));
#1631=DIRECTION('',(0.,-1.,0.));
#1632=DIRECTION('',(0.70710678118655,0.,-0.707106781186545));
#1633=DIRECTION('',(0.,1.,0.));
#1634=DIRECTION('center_axis',(1.,0.,0.));
#1635=DIRECTION('ref_axis',(0.,-1.,0.));
#1636=DIRECTION('center_axis',(1.,0.,0.));
#1637=DIRECTION('ref_axis',(0.,-1.,0.));
#1638=DIRECTION('center_axis',(1.,0.,6.00120553851436E-17));
#1639=DIRECTION('ref_axis',(0.,-1.,0.));
#1640=DIRECTION('center_axis',(-1.,0.,-6.00120553851436E-17));
#1641=DIRECTION('ref_axis',(0.,-1.,0.));
#1642=DIRECTION('',(0.,-1.,0.));
#1643=DIRECTION('',(-6.00120553851436E-17,0.,1.));
#1644=DIRECTION('',(0.,1.,0.));
#1645=DIRECTION('center_axis',(-1.,0.,-6.00120553851436E-17));
#1646=DIRECTION('ref_axis',(0.,-1.,0.));
#1647=DIRECTION('center_axis',(-1.,0.,0.));
#1648=DIRECTION('ref_axis',(0.,0.,-1.));
#1649=DIRECTION('',(0.,-1.,0.));
#1650=DIRECTION('',(0.,0.,-1.));
#1651=DIRECTION('center_axis',(0.,0.,-1.));
#1652=DIRECTION('ref_axis',(-1.,0.,0.));
#1653=DIRECTION('',(-1.,0.,0.));
#1654=DIRECTION('',(0.,1.,0.));
#1655=DIRECTION('center_axis',(0.,1.,0.));
#1656=DIRECTION('ref_axis',(0.,0.,1.));
#1657=DIRECTION('',(0.,0.,-1.));
#1658=DIRECTION('',(1.,0.,0.));
#1659=DIRECTION('center_axis',(1.,0.,0.));
#1660=DIRECTION('ref_axis',(0.,-1.,0.));
#1661=DIRECTION('',(1.,0.,0.));
#1662=DIRECTION('center_axis',(-1.,0.,0.));
#1663=DIRECTION('ref_axis',(0.,-0.707106781186555,0.70710678118654));
#1664=DIRECTION('',(-1.,0.,0.));
#1665=DIRECTION('center_axis',(1.,0.,0.));
#1666=DIRECTION('ref_axis',(0.,0.,1.));
#1667=DIRECTION('',(1.,0.,0.));
#1668=DIRECTION('center_axis',(0.,-1.,0.));
#1669=DIRECTION('ref_axis',(0.,0.,-1.));
#1670=DIRECTION('center_axis',(0.,1.,0.));
#1671=DIRECTION('ref_axis',(-0.63292853039022,0.,0.774210226888069));
#1672=DIRECTION('center_axis',(0.,-1.,0.));
#1673=DIRECTION('ref_axis',(-0.63292853039022,0.,0.774210226888069));
#1674=DIRECTION('center_axis',(0.,-1.,0.));
#1675=DIRECTION('ref_axis',(0.,0.,-1.));
#1676=DIRECTION('center_axis',(0.,-1.,0.));
#1677=DIRECTION('ref_axis',(-0.8230548917531,0.,-0.567961834247067));
#1678=DIRECTION('center_axis',(0.,1.,0.));
#1679=DIRECTION('ref_axis',(-0.8230548917531,0.,-0.567961834247067));
#1680=DIRECTION('center_axis',(0.,-1.,0.));
#1681=DIRECTION('ref_axis',(0.0769343430764977,0.,0.997036161257649));
#1682=DIRECTION('center_axis',(0.,1.,0.));
#1683=DIRECTION('ref_axis',(0.609071212532232,0.,0.793115538912533));
#1684=DIRECTION('center_axis',(0.,0.,-1.));
#1685=DIRECTION('ref_axis',(-4.44089209850062E-15,-1.,0.));
#1686=DIRECTION('center_axis',(0.,-1.,0.));
#1687=DIRECTION('ref_axis',(0.609071212532232,0.,0.793115538912533));
#1688=DIRECTION('center_axis',(0.,-1.,0.));
#1689=DIRECTION('ref_axis',(0.,0.,-1.));
#1690=DIRECTION('',(1.,0.,0.));
#1691=DIRECTION('',(4.55476112666731E-16,0.,1.));
#1692=DIRECTION('',(-1.,0.,0.));
#1693=DIRECTION('',(-1.,0.,0.));
#1694=DIRECTION('center_axis',(0.,1.,0.));
#1695=DIRECTION('ref_axis',(1.,0.,0.));
#1696=DIRECTION('center_axis',(0.,1.,0.));
#1697=DIRECTION('ref_axis',(1.,0.,0.));
#1698=DIRECTION('center_axis',(0.,1.,0.));
#1699=DIRECTION('ref_axis',(1.,0.,0.));
#1700=DIRECTION('center_axis',(0.,1.,0.));
#1701=DIRECTION('ref_axis',(1.,0.,0.));
#1702=DIRECTION('center_axis',(0.,1.,0.));
#1703=DIRECTION('ref_axis',(1.,0.,0.));
#1704=DIRECTION('center_axis',(0.,1.,0.));
#1705=DIRECTION('ref_axis',(1.,0.,0.));
#1706=DIRECTION('center_axis',(0.,-1.,0.));
#1707=DIRECTION('ref_axis',(-0.609071212532232,0.,0.793115538912533));
#1708=DIRECTION('center_axis',(0.,1.,0.));
#1709=DIRECTION('ref_axis',(1.,0.,0.));
#1710=DIRECTION('center_axis',(0.,-1.,0.));
#1711=DIRECTION('ref_axis',(0.793115538912535,0.,-0.609071212532229));
#1712=DIRECTION('center_axis',(0.,-1.,0.));
#1713=DIRECTION('ref_axis',(0.793115538912533,0.,0.609071212532231));
#1714=DIRECTION('center_axis',(0.,1.,0.));
#1715=DIRECTION('ref_axis',(1.,0.,0.));
#1716=DIRECTION('center_axis',(0.,-1.,0.));
#1717=DIRECTION('ref_axis',(-0.609071212532232,0.,-0.793115538912533));
#1718=DIRECTION('center_axis',(0.,-1.,0.));
#1719=DIRECTION('ref_axis',(0.609071212532232,0.,-0.793115538912533));
#1720=DIRECTION('center_axis',(0.,1.,0.));
#1721=DIRECTION('ref_axis',(1.,0.,0.));
#1722=DIRECTION('center_axis',(0.,-1.,0.));
#1723=DIRECTION('ref_axis',(-0.823054891753099,0.,0.567961834247068));
#1724=DIRECTION('',(-1.,0.,0.));
#1725=DIRECTION('center_axis',(0.,1.,0.));
#1726=DIRECTION('ref_axis',(-0.632928530390219,0.,-0.77421022688807));
#1727=DIRECTION('center_axis',(0.,1.,0.));
#1728=DIRECTION('ref_axis',(0.707106781186552,0.,-0.707106781186543));
#1729=DIRECTION('center_axis',(0.,1.,0.));
#1730=DIRECTION('ref_axis',(0.707106781186545,0.,0.70710678118655));
#1731=DIRECTION('center_axis',(0.,-1.,0.));
#1732=DIRECTION('ref_axis',(-0.823054891753095,0.,-0.567961834247074));
#1733=DIRECTION('',(0.,1.,0.));
#1734=DIRECTION('',(0.,-1.,0.));
#1735=DIRECTION('center_axis',(0.,0.,1.));
#1736=DIRECTION('ref_axis',(-1.,0.,0.));
#1737=DIRECTION('',(0.,-1.,0.));
#1738=DIRECTION('',(1.,0.,0.));
#1739=DIRECTION('center_axis',(0.,-1.,0.));
#1740=DIRECTION('ref_axis',(0.,0.,-1.));
#1741=DIRECTION('center_axis',(1.,0.,1.33226762955022E-14));
#1742=DIRECTION('ref_axis',(0.,-1.,0.));
#1743=DIRECTION('center_axis',(0.,1.,0.));
#1744=DIRECTION('ref_axis',(0.793115538912533,0.,0.609071212532231));
#1745=DIRECTION('center_axis',(0.,-1.,0.));
#1746=DIRECTION('ref_axis',(0.,0.,-1.));
#1747=DIRECTION('center_axis',(0.,-1.,0.));
#1748=DIRECTION('ref_axis',(0.707106781186552,0.,-0.707106781186543));
#1749=DIRECTION('center_axis',(0.,-1.,0.));
#1750=DIRECTION('ref_axis',(0.,0.,-1.));
#1751=DIRECTION('center_axis',(0.,1.,0.));
#1752=DIRECTION('ref_axis',(-0.609071212532232,0.,-0.793115538912533));
#1753=DIRECTION('center_axis',(0.,0.,-1.));
#1754=DIRECTION('ref_axis',(1.,0.,0.));
#1755=DIRECTION('center_axis',(2.73285667600038E-15,0.,-1.));
#1756=DIRECTION('ref_axis',(1.,0.,2.73285667600038E-15));
#1757=DIRECTION('',(1.,0.,2.73285667600038E-15));
#1758=DIRECTION('',(0.,-1.,0.));
#1759=DIRECTION('',(0.,1.,0.));
#1760=DIRECTION('center_axis',(0.,-1.,0.));
#1761=DIRECTION('ref_axis',(1.,0.,0.));
#1762=DIRECTION('',(0.,1.,0.));
#1763=DIRECTION('center_axis',(0.,-1.,0.));
#1764=DIRECTION('ref_axis',(1.,0.,0.));
#1765=DIRECTION('center_axis',(1.,0.,0.));
#1766=DIRECTION('ref_axis',(0.,0.,1.));
#1767=DIRECTION('',(0.,0.,1.));
#1768=DIRECTION('',(0.,-1.,0.));
#1769=DIRECTION('center_axis',(0.,-1.,0.));
#1770=DIRECTION('ref_axis',(-0.609071212532239,0.,-0.793115538912527));
#1771=DIRECTION('',(0.,1.,0.));
#1772=DIRECTION('center_axis',(2.27738056333365E-16,0.,-1.));
#1773=DIRECTION('ref_axis',(-0.707106781186548,-0.707106781186548,0.));
#1774=DIRECTION('',(2.27738056333365E-16,0.,-1.));
#1775=DIRECTION('center_axis',(0.,0.,1.));
#1776=DIRECTION('ref_axis',(-1.,0.,0.));
#1777=DIRECTION('center_axis',(0.,-1.,0.));
#1778=DIRECTION('ref_axis',(0.,0.,-1.));
#1779=DIRECTION('center_axis',(0.,1.,0.));
#1780=DIRECTION('ref_axis',(0.609071212532232,0.,-0.793115538912533));
#1781=DIRECTION('center_axis',(0.,-1.,0.));
#1782=DIRECTION('ref_axis',(0.,0.,-1.));
#1783=DIRECTION('center_axis',(0.,-1.,0.));
#1784=DIRECTION('ref_axis',(-0.632928530390219,0.,-0.774210226888071));
#1785=DIRECTION('center_axis',(0.,-1.,0.));
#1786=DIRECTION('ref_axis',(0.,0.,-1.));
#1787=DIRECTION('center_axis',(0.,1.,0.));
#1788=DIRECTION('ref_axis',(-0.823054891753099,0.,0.567961834247068));
#1789=DIRECTION('center_axis',(-1.,0.,0.));
#1790=DIRECTION('ref_axis',(0.,0.,-1.));
#1791=DIRECTION('center_axis',(1.,0.,0.));
#1792=DIRECTION('ref_axis',(0.,-0.707106781186543,-0.707106781186552));
#1793=DIRECTION('',(1.,0.,0.));
#1794=DIRECTION('center_axis',(-1.,0.,-2.27738056333365E-16));
#1795=DIRECTION('ref_axis',(2.27738056333365E-16,0.,-1.));
#1796=DIRECTION('',(0.,-1.,0.));
#1797=DIRECTION('',(0.,1.,0.));
#1798=DIRECTION('center_axis',(0.,-1.,0.));
#1799=DIRECTION('ref_axis',(1.,0.,0.));
#1800=DIRECTION('',(0.,-1.,0.));
#1801=DIRECTION('center_axis',(0.,-1.,0.));
#1802=DIRECTION('ref_axis',(1.,0.,0.));
#1803=DIRECTION('center_axis',(0.,0.,-1.));
#1804=DIRECTION('ref_axis',(1.,0.,0.));
#1805=DIRECTION('',(-1.,0.,0.));
#1806=DIRECTION('',(0.,-1.,0.));
#1807=DIRECTION('center_axis',(0.,-1.,0.));
#1808=DIRECTION('ref_axis',(-0.82305489175311,0.,0.567961834247053));
#1809=DIRECTION('',(0.,1.,0.));
#1810=DIRECTION('center_axis',(0.,0.,1.));
#1811=DIRECTION('ref_axis',(0.707106781186548,-0.707106781186548,0.));
#1812=DIRECTION('',(0.,0.,1.));
#1813=DIRECTION('center_axis',(0.,0.,-1.));
#1814=DIRECTION('ref_axis',(1.,0.,0.));
#1815=DIRECTION('',(2.27738056333365E-16,0.,-1.));
#1816=DIRECTION('center_axis',(0.,-1.,0.));
#1817=DIRECTION('ref_axis',(-0.0769343430764983,0.,0.997036161257648));
#1818=DIRECTION('center_axis',(0.,1.,0.));
#1819=DIRECTION('ref_axis',(-0.609071212532232,0.,0.793115538912533));
#1820=DIRECTION('center_axis',(0.,-1.,0.));
#1821=DIRECTION('ref_axis',(0.,0.,-1.));
#1822=DIRECTION('center_axis',(0.,-1.,0.));
#1823=DIRECTION('ref_axis',(0.707106781186545,0.,0.70710678118655));
#1824=DIRECTION('center_axis',(-1.,0.,0.));
#1825=DIRECTION('ref_axis',(0.,-0.707106781186555,0.70710678118654));
#1826=DIRECTION('center_axis',(-1.,0.,0.));
#1827=DIRECTION('ref_axis',(0.,-1.,0.));
#1828=DIRECTION('',(-1.,0.,0.));
#1829=DIRECTION('center_axis',(0.,-1.,0.));
#1830=DIRECTION('ref_axis',(0.,0.,-1.));
#1831=DIRECTION('center_axis',(0.,1.,0.));
#1832=DIRECTION('ref_axis',(0.793115538912535,0.,-0.609071212532229));
#1833=DIRECTION('center_axis',(0.,-1.,0.));
#1834=DIRECTION('ref_axis',(0.793115538912532,0.,-0.609071212532232));
#1835=DIRECTION('',(0.,1.,0.));
#1836=DIRECTION('',(0.,-1.,0.));
#1837=DIRECTION('center_axis',(0.,-1.,0.));
#1838=DIRECTION('ref_axis',(1.,0.,0.));
#1839=DIRECTION('',(0.,-1.,0.));
#1840=DIRECTION('center_axis',(0.,-1.,0.));
#1841=DIRECTION('ref_axis',(1.,0.,0.));
#1842=DIRECTION('center_axis',(0.,-1.,0.));
#1843=DIRECTION('ref_axis',(1.,0.,0.));
#1844=DIRECTION('center_axis',(0.,-1.,0.));
#1845=DIRECTION('ref_axis',(1.,0.,0.));
#1846=DIRECTION('center_axis',(0.,-1.,0.));
#1847=DIRECTION('ref_axis',(1.,0.,0.));
#1848=DIRECTION('center_axis',(0.,-1.,0.));
#1849=DIRECTION('ref_axis',(1.,0.,0.));
#1850=DIRECTION('',(0.,1.,0.));
#1851=DIRECTION('center_axis',(0.,-1.,0.));
#1852=DIRECTION('ref_axis',(1.,0.,0.));
#1853=DIRECTION('',(0.,-1.,0.));
#1854=DIRECTION('center_axis',(0.,-1.,0.));
#1855=DIRECTION('ref_axis',(1.,0.,0.));
#1856=DIRECTION('',(0.,1.,0.));
#1857=DIRECTION('center_axis',(0.,-1.,0.));
#1858=DIRECTION('ref_axis',(1.,0.,0.));
#1859=DIRECTION('center_axis',(0.,-1.,0.));
#1860=DIRECTION('ref_axis',(1.,0.,0.));
#1861=DIRECTION('center_axis',(0.,-1.,0.));
#1862=DIRECTION('ref_axis',(1.,0.,0.));
#1863=DIRECTION('center_axis',(0.,1.,0.));
#1864=DIRECTION('ref_axis',(1.,0.,0.));
#1865=DIRECTION('',(0.707106781186547,-0.707106781186547,-8.65956056235493E-17));
#1866=DIRECTION('center_axis',(0.,-1.,0.));
#1867=DIRECTION('ref_axis',(1.,0.,0.));
#1868=DIRECTION('center_axis',(0.,-1.,0.));
#1869=DIRECTION('ref_axis',(1.,0.,0.));
#1870=DIRECTION('',(0.,-1.,0.));
#1871=DIRECTION('center_axis',(0.,-1.,0.));
#1872=DIRECTION('ref_axis',(1.,0.,0.));
#1873=DIRECTION('',(0.,1.,0.));
#1874=DIRECTION('center_axis',(0.,1.,0.));
#1875=DIRECTION('ref_axis',(1.,0.,0.));
#1876=DIRECTION('',(0.707106781186547,-0.707106781186548,-8.65956056235493E-17));
#1877=DIRECTION('center_axis',(0.,-1.,0.));
#1878=DIRECTION('ref_axis',(1.,0.,0.));
#1879=DIRECTION('center_axis',(0.,-1.,0.));
#1880=DIRECTION('ref_axis',(1.,0.,0.));
#1881=DIRECTION('',(0.,-1.,0.));
#1882=DIRECTION('center_axis',(0.,-1.,0.));
#1883=DIRECTION('ref_axis',(1.,0.,0.));
#1884=DIRECTION('',(0.,1.,0.));
#1885=DIRECTION('center_axis',(0.,1.,0.));
#1886=DIRECTION('ref_axis',(1.,0.,0.));
#1887=DIRECTION('',(0.707106781186547,-0.707106781186548,-8.65956056235493E-17));
#1888=DIRECTION('center_axis',(0.,-1.,0.));
#1889=DIRECTION('ref_axis',(1.,0.,0.));
#1890=DIRECTION('center_axis',(0.,-1.,0.));
#1891=DIRECTION('ref_axis',(1.,0.,0.));
#1892=DIRECTION('',(0.,1.,0.));
#1893=DIRECTION('center_axis',(0.,-1.,0.));
#1894=DIRECTION('ref_axis',(1.,0.,0.));
#1895=DIRECTION('',(0.,1.,0.));
#1896=DIRECTION('center_axis',(0.,1.,0.));
#1897=DIRECTION('ref_axis',(1.,0.,0.));
#1898=DIRECTION('',(0.707106781186547,-0.707106781186547,-8.65956056235493E-17));
#1899=DIRECTION('center_axis',(0.,-1.,0.));
#1900=DIRECTION('ref_axis',(1.,0.,0.));
#1901=DIRECTION('center_axis',(0.,-1.,0.));
#1902=DIRECTION('ref_axis',(1.,0.,0.));
#1903=DIRECTION('',(0.,1.,0.));
#1904=DIRECTION('center_axis',(0.,-1.,0.));
#1905=DIRECTION('ref_axis',(0.609071212532239,0.,-0.793115538912527));
#1906=DIRECTION('center_axis',(0.,0.,1.));
#1907=DIRECTION('ref_axis',(-1.,0.,0.));
#1908=DIRECTION('center_axis',(0.,-1.,0.));
#1909=DIRECTION('ref_axis',(0.793115538912532,0.,0.609071212532232));
#1910=DIRECTION('center_axis',(0.,-1.,0.));
#1911=DIRECTION('ref_axis',(-0.609071212532239,0.,0.793115538912527));
#1912=DIRECTION('',(0.,1.,0.));
#1913=DIRECTION('center_axis',(0.,-1.,0.));
#1914=DIRECTION('ref_axis',(0.609071212532239,0.,0.793115538912527));
#1915=DIRECTION('',(0.,-1.,0.));
#1916=DIRECTION('center_axis',(-1.,0.,-2.27738056333365E-16));
#1917=DIRECTION('ref_axis',(2.27738056333365E-16,0.,-1.));
#1918=DIRECTION('center_axis',(0.,-1.,0.));
#1919=DIRECTION('ref_axis',(0.,0.,-1.));
#1920=DIRECTION('center_axis',(0.,1.,0.));
#1921=DIRECTION('ref_axis',(1.,0.,0.));
#1922=DIRECTION('center_axis',(0.,-1.,0.));
#1923=DIRECTION('ref_axis',(1.,0.,0.));
#1924=DIRECTION('center_axis',(0.,-1.,0.));
#1925=DIRECTION('ref_axis',(1.,0.,0.));
#1926=DIRECTION('',(0.,1.,0.));
#1927=DIRECTION('center_axis',(1.,0.,0.));
#1928=DIRECTION('ref_axis',(0.,0.,1.));
#1929=DIRECTION('center_axis',(0.,0.,1.));
#1930=DIRECTION('ref_axis',(-1.,0.,0.));
#1931=DIRECTION('',(0.,-1.,0.));
#1932=DIRECTION('center_axis',(1.,0.,0.));
#1933=DIRECTION('ref_axis',(0.,0.,1.));
#1934=DIRECTION('center_axis',(0.,0.,1.));
#1935=DIRECTION('ref_axis',(-1.,0.,0.));
#1936=DIRECTION('',(0.,-1.,0.));
#1937=DIRECTION('center_axis',(1.,0.,-4.55476112666731E-16));
#1938=DIRECTION('ref_axis',(4.55476112666731E-16,0.,1.));
#1939=DIRECTION('',(0.,-1.,0.));
#1940=DIRECTION('center_axis',(0.,0.,-1.));
#1941=DIRECTION('ref_axis',(1.,0.,0.));
#1942=DIRECTION('center_axis',(0.,-1.,0.));
#1943=DIRECTION('ref_axis',(1.,0.,0.));
#1944=DIRECTION('',(0.,1.,0.));
#1945=DIRECTION('',(0.,1.,0.));
#1946=DIRECTION('center_axis',(0.,1.,0.));
#1947=DIRECTION('ref_axis',(1.,0.,0.));
#1948=DIRECTION('center_axis',(0.,-1.,0.));
#1949=DIRECTION('ref_axis',(1.,0.,0.));
#1950=CARTESIAN_POINT('',(0.,0.,0.));
#1951=CARTESIAN_POINT('Origin',(12.3,31.,215.675));
#1952=CARTESIAN_POINT('',(10.6,28.,222.9));
#1953=CARTESIAN_POINT('',(14.,34.,226.3));
#1954=CARTESIAN_POINT('',(10.9000592016238,28.5295162381597,223.200059201624));
#1955=CARTESIAN_POINT('',(14.,34.,222.8));
#1956=CARTESIAN_POINT('',(14.,34.,225.425));
#1957=CARTESIAN_POINT('',(10.6,28.,222.8));
#1958=CARTESIAN_POINT('',(12.4830109335576,31.322960470984,222.8));
#1959=CARTESIAN_POINT('',(10.6,28.,215.675));
#1960=CARTESIAN_POINT('Origin',(30.,28.,205.05));
#1961=CARTESIAN_POINT('',(19.1,28.,222.8));
#1962=CARTESIAN_POINT('',(24.55,28.,222.8));
#1963=CARTESIAN_POINT('',(19.1,28.,226.3));
#1964=CARTESIAN_POINT('',(19.1,28.,213.925));
#1965=CARTESIAN_POINT('',(22.6,28.,222.8));
#1966=CARTESIAN_POINT('',(28.0125,28.,217.3875));
#1967=CARTESIAN_POINT('',(49.5,28.,222.8));
#1968=CARTESIAN_POINT('',(39.75,28.,222.8));
#1969=CARTESIAN_POINT('',(49.5,28.,183.8));
#1970=CARTESIAN_POINT('',(49.5,28.,194.425));
#1971=CARTESIAN_POINT('',(10.5,28.,183.8));
#1972=CARTESIAN_POINT('',(20.25,28.,183.8));
#1973=CARTESIAN_POINT('',(10.5,28.,200.850510257217));
#1974=CARTESIAN_POINT('',(10.5,28.,203.825255128608));
#1975=CARTESIAN_POINT('',(18.5,28.,200.850510257217));
#1976=CARTESIAN_POINT('',(10.5,28.,200.850510257217));
#1977=CARTESIAN_POINT('',(18.5,28.,199.8));
#1978=CARTESIAN_POINT('',(18.4999999999999,28.,208.85));
#1979=CARTESIAN_POINT('',(15.5086232538105,28.,199.8));
#1980=CARTESIAN_POINT('',(10.5,28.,199.8));
#1981=CARTESIAN_POINT('',(13.6387681897861,28.,197.090322580645));
#1982=CARTESIAN_POINT('Origin',(15.5086232538105,28.,197.8));
#1983=CARTESIAN_POINT('',(16.5113812926985,28.,192.150687672819));
#1984=CARTESIAN_POINT('Origin',(30.,28.,203.3));
#1985=CARTESIAN_POINT('',(12.,28.,188.8));
#1986=CARTESIAN_POINT('Origin',(15.5,28.,188.8));
#1987=CARTESIAN_POINT('',(18.8506876728187,28.,189.811381292699));
#1988=CARTESIAN_POINT('Origin',(15.5,28.,188.8));
#1989=CARTESIAN_POINT('',(25.4838709677419,28.,186.392765496274));
#1990=CARTESIAN_POINT('Origin',(30.,28.,203.3));
#1991=CARTESIAN_POINT('',(25.6917781875922,28.,186.348913757075));
#1992=CARTESIAN_POINT('Origin',(26.,28.,188.325020868128));
#1993=CARTESIAN_POINT('',(34.3082218124078,28.,186.348913757075));
#1994=CARTESIAN_POINT('Origin',(30.,28.,203.3));
#1995=CARTESIAN_POINT('',(34.516129032258,28.,186.392765496274));
#1996=CARTESIAN_POINT('Origin',(34.,28.,188.325020868128));
#1997=CARTESIAN_POINT('',(41.1493123271812,28.,189.811381292699));
#1998=CARTESIAN_POINT('Origin',(30.,28.,203.3));
#1999=CARTESIAN_POINT('',(41.,28.,188.8));
#2000=CARTESIAN_POINT('Origin',(44.5,28.,188.8));
#2001=CARTESIAN_POINT('',(43.4886187073015,28.,192.150687672819));
#2002=CARTESIAN_POINT('Origin',(44.5,28.,188.8));
#2003=CARTESIAN_POINT('',(46.9072345037264,28.,198.783870967742));
#2004=CARTESIAN_POINT('Origin',(30.,28.,203.3));
#2005=CARTESIAN_POINT('',(46.9510862429254,28.,198.991778187593));
#2006=CARTESIAN_POINT('Origin',(44.9749791318719,28.,199.3));
#2007=CARTESIAN_POINT('',(46.9510862429254,28.,207.608221812408));
#2008=CARTESIAN_POINT('Origin',(30.,28.,203.3));
#2009=CARTESIAN_POINT('',(46.9072345037263,28.,207.816129032258));
#2010=CARTESIAN_POINT('Origin',(44.9749791318719,28.,207.3));
#2011=CARTESIAN_POINT('',(43.4886187073015,28.,214.449312327181));
#2012=CARTESIAN_POINT('Origin',(30.,28.,203.3));
#2013=CARTESIAN_POINT('',(41.,28.,217.8));
#2014=CARTESIAN_POINT('Origin',(44.5,28.,217.8));
#2015=CARTESIAN_POINT('',(41.1493123271812,28.,216.788618707302));
#2016=CARTESIAN_POINT('Origin',(44.5,28.,217.8));
#2017=CARTESIAN_POINT('',(34.516129032258,28.,220.207234503726));
#2018=CARTESIAN_POINT('Origin',(30.,28.,203.3));
#2019=CARTESIAN_POINT('',(34.3082218124078,28.,220.251086242925));
#2020=CARTESIAN_POINT('Origin',(34.,28.,218.274979131872));
#2021=CARTESIAN_POINT('',(25.6917781875922,28.,220.251086242925));
#2022=CARTESIAN_POINT('Origin',(30.,28.,203.3));
#2023=CARTESIAN_POINT('',(25.4838709677419,28.,220.207234503726));
#2024=CARTESIAN_POINT('Origin',(26.,28.,218.274979131872));
#2025=CARTESIAN_POINT('',(18.8506876728187,28.,216.788618707302));
#2026=CARTESIAN_POINT('Origin',(30.,28.,203.3));
#2027=CARTESIAN_POINT('',(11.9999999999999,28.,217.8));
#2028=CARTESIAN_POINT('Origin',(15.5,28.,217.8));
#2029=CARTESIAN_POINT('',(16.5113812926985,28.,214.449312327181));
#2030=CARTESIAN_POINT('Origin',(15.5,28.,217.8));
#2031=CARTESIAN_POINT('',(13.6387681897861,28.,209.509677419355));
#2032=CARTESIAN_POINT('Origin',(30.,28.,203.3));
#2033=CARTESIAN_POINT('',(15.5086232538105,28.,206.8));
#2034=CARTESIAN_POINT('Origin',(15.5086232538105,28.,208.8));
#2035=CARTESIAN_POINT('',(18.5,28.,206.8));
#2036=CARTESIAN_POINT('',(16.6531263575154,28.,206.8));
#2037=CARTESIAN_POINT('',(18.5,28.,205.749489742783));
#2038=CARTESIAN_POINT('',(18.4999999999999,28.,208.85));
#2039=CARTESIAN_POINT('',(10.5,28.,205.749489742783));
#2040=CARTESIAN_POINT('',(10.5,28.,205.749489742783));
#2041=CARTESIAN_POINT('',(10.5,28.,222.8));
#2042=CARTESIAN_POINT('',(10.5,28.,206.8));
#2043=CARTESIAN_POINT('',(11.8125,28.,224.1125));
#2044=CARTESIAN_POINT('Origin',(12.25,28.,224.55));
#2045=CARTESIAN_POINT('',(10.5,25.,222.8));
#2046=CARTESIAN_POINT('',(10.5,28.,222.8));
#2047=CARTESIAN_POINT('',(14.,25.,226.3));
#2048=CARTESIAN_POINT('',(11.8125,25.,224.1125));
#2049=CARTESIAN_POINT('',(14.,28.,226.3));
#2050=CARTESIAN_POINT('Origin',(20.85,28.,224.55));
#2051=CARTESIAN_POINT('',(19.1,25.,226.3));
#2052=CARTESIAN_POINT('',(19.1,28.,226.3));
#2053=CARTESIAN_POINT('',(22.6,25.,222.8));
#2054=CARTESIAN_POINT('',(28.0125,25.,217.3875));
#2055=CARTESIAN_POINT('',(22.6,28.,222.8));
#2056=CARTESIAN_POINT('Origin',(10.5,30.5,203.3));
#2057=CARTESIAN_POINT('Origin',(10.5,30.5,203.3));
#2058=CARTESIAN_POINT('Origin',(18.5,30.5,203.3));
#2059=CARTESIAN_POINT('Origin',(18.5,30.5,203.3));
#2060=CARTESIAN_POINT('',(18.4999999999999,34.,206.8));
#2061=CARTESIAN_POINT('',(18.5,32.25,206.8));
#2062=CARTESIAN_POINT('',(18.5,34.,199.8));
#2063=CARTESIAN_POINT('',(18.5,34.,203.3));
#2064=CARTESIAN_POINT('',(18.4999999999999,32.25,199.8));
#2065=CARTESIAN_POINT('',(18.5,32.45,203.3));
#2066=CARTESIAN_POINT('Origin',(18.5,30.5,203.3));
#2067=CARTESIAN_POINT('Origin',(10.5,34.,206.8));
#2068=CARTESIAN_POINT('',(10.5,25.,183.8));
#2069=CARTESIAN_POINT('',(10.5,28.,183.8));
#2070=CARTESIAN_POINT('',(10.5,25.,213.925));
#2071=CARTESIAN_POINT('Origin',(19.1,28.,222.8));
#2072=CARTESIAN_POINT('',(19.1,34.,222.8));
#2073=CARTESIAN_POINT('',(15.275,34.,222.8));
#2074=CARTESIAN_POINT('',(19.1,28.,222.8));
#2075=CARTESIAN_POINT('Origin',(16.55,34.,224.55));
#2076=CARTESIAN_POINT('',(19.1,34.,226.3));
#2077=CARTESIAN_POINT('',(19.1,34.,223.675));
#2078=CARTESIAN_POINT('',(17.825,34.,226.3));
#2079=CARTESIAN_POINT('Origin',(10.5,30.5,203.3));
#2080=CARTESIAN_POINT('',(24.45,32.45,203.3));
#2081=CARTESIAN_POINT('',(10.5,32.45,203.3));
#2082=CARTESIAN_POINT('',(24.8038475772933,30.5,205.25));
#2083=CARTESIAN_POINT('Ctrl Pts',(24.8038475772933,30.5,205.25));
#2084=CARTESIAN_POINT('Ctrl Pts',(24.8038475772933,30.7472176095239,205.25));
#2085=CARTESIAN_POINT('Ctrl Pts',(24.7843477720447,31.0093008577674,205.200159318033));
#2086=CARTESIAN_POINT('Ctrl Pts',(24.7158927008072,31.4890149059918,205.000541984779));
#2087=CARTESIAN_POINT('Ctrl Pts',(24.6681279303695,31.7068548711194,204.850861575508));
#2088=CARTESIAN_POINT('Ctrl Pts',(24.5799210837384,32.0507618557505,204.506954590877));
#2089=CARTESIAN_POINT('Ctrl Pts',(24.5334778038314,32.2005187589375,204.289075390296));
#2090=CARTESIAN_POINT('Ctrl Pts',(24.4681073675674,32.4001934958802,203.809214053705));
#2091=CARTESIAN_POINT('Ctrl Pts',(24.45,32.45,203.547074283945));
#2092=CARTESIAN_POINT('Ctrl Pts',(24.45,32.45,203.3));
#2093=CARTESIAN_POINT('',(24.45,28.55,203.3));
#2094=CARTESIAN_POINT('Ctrl Pts',(24.45,28.55,203.3));
#2095=CARTESIAN_POINT('Ctrl Pts',(24.45,28.55,203.547074283945));
#2096=CARTESIAN_POINT('Ctrl Pts',(24.4681073675674,28.5998065041198,203.809214053705));
#2097=CARTESIAN_POINT('Ctrl Pts',(24.5334778038314,28.7994812410625,204.289075390296));
#2098=CARTESIAN_POINT('Ctrl Pts',(24.5799210837384,28.9492381442495,204.506954590877));
#2099=CARTESIAN_POINT('Ctrl Pts',(24.6681279303695,29.2931451288806,204.850861575508));
#2100=CARTESIAN_POINT('Ctrl Pts',(24.7158927008072,29.5109850940082,205.000541984779));
#2101=CARTESIAN_POINT('Ctrl Pts',(24.7843477720447,29.9906991422326,205.200159318033));
#2102=CARTESIAN_POINT('Ctrl Pts',(24.8038475772933,30.252782390476,205.25));
#2103=CARTESIAN_POINT('Ctrl Pts',(24.8038475772933,30.5,205.25));
#2104=CARTESIAN_POINT('Ctrl Pts',(24.45,32.45,203.3));
#2105=CARTESIAN_POINT('Ctrl Pts',(24.45,32.45,203.052925716055));
#2106=CARTESIAN_POINT('Ctrl Pts',(24.4681073675674,32.4001934958802,202.790785946295));
#2107=CARTESIAN_POINT('Ctrl Pts',(24.5334778038314,32.2005187589375,202.310924609704));
#2108=CARTESIAN_POINT('Ctrl Pts',(24.5799210837384,32.0507618557505,202.093045409123));
#2109=CARTESIAN_POINT('Ctrl Pts',(24.6681279303695,31.7068548711194,201.749138424492));
#2110=CARTESIAN_POINT('Ctrl Pts',(24.7158927008072,31.4890149059918,201.599458015221));
#2111=CARTESIAN_POINT('Ctrl Pts',(24.7843477720447,31.0093008577675,201.399840681967));
#2112=CARTESIAN_POINT('Ctrl Pts',(24.8038475772933,30.747217609524,201.35));
#2113=CARTESIAN_POINT('Ctrl Pts',(24.8038475772933,30.252782390476,201.35));
#2114=CARTESIAN_POINT('Ctrl Pts',(24.7843477720447,29.9906991422325,201.399840681967));
#2115=CARTESIAN_POINT('Ctrl Pts',(24.7158927008072,29.5109850940082,201.599458015221));
#2116=CARTESIAN_POINT('Ctrl Pts',(24.6681279303695,29.2931451288806,201.749138424492));
#2117=CARTESIAN_POINT('Ctrl Pts',(24.5799210837384,28.9492381442495,202.093045409123));
#2118=CARTESIAN_POINT('Ctrl Pts',(24.5334778038314,28.7994812410625,202.310924609704));
#2119=CARTESIAN_POINT('Ctrl Pts',(24.4681073675674,28.5998065041198,202.790785946295));
#2120=CARTESIAN_POINT('Ctrl Pts',(24.45,28.55,203.052925716055));
#2121=CARTESIAN_POINT('Ctrl Pts',(24.45,28.55,203.3));
#2122=CARTESIAN_POINT('Origin',(26.4031263575154,27.,204.8));
#2123=CARTESIAN_POINT('',(22.8062527150309,27.,206.8));
#2124=CARTESIAN_POINT('',(15.5086232538105,27.,206.8));
#2125=CARTESIAN_POINT('',(26.4031263575154,27.,206.8));
#2126=CARTESIAN_POINT('',(15.5086232538105,25.,204.8));
#2127=CARTESIAN_POINT('Origin',(15.5086232538105,27.,204.8));
#2128=CARTESIAN_POINT('',(24.1905249806888,25.,204.8));
#2129=CARTESIAN_POINT('',(26.4031263575154,25.,204.8));
#2130=CARTESIAN_POINT('Ctrl Pts',(24.1905249806888,25.,204.8));
#2131=CARTESIAN_POINT('Ctrl Pts',(24.1889387645223,25.,204.802047796265));
#2132=CARTESIAN_POINT('Ctrl Pts',(24.1873529542481,25.0000031451019,204.804095907221));
#2133=CARTESIAN_POINT('Ctrl Pts',(24.0530061309134,25.0005364229814,204.97767894262));
#2134=CARTESIAN_POINT('Ctrl Pts',(23.9231094321812,25.0231315057988,205.151458832351));
#2135=CARTESIAN_POINT('Ctrl Pts',(23.6783452213103,25.1144883387721,205.488758434368));
#2136=CARTESIAN_POINT('Ctrl Pts',(23.5632448244354,25.1817183348408,205.652261412298));
#2137=CARTESIAN_POINT('Ctrl Pts',(23.3138331550691,25.3933502806412,206.014951842864));
#2138=CARTESIAN_POINT('Ctrl Pts',(23.1868015458424,25.5549857161042,206.206535049962));
#2139=CARTESIAN_POINT('Ctrl Pts',(22.9929885908359,25.9304597024986,206.504464275633));
#2140=CARTESIAN_POINT('Ctrl Pts',(22.9219336818348,26.1306968316163,206.616303778569));
#2141=CARTESIAN_POINT('Ctrl Pts',(22.829419246274,26.5583543238126,206.76280362927));
#2142=CARTESIAN_POINT('Ctrl Pts',(22.8062527150309,26.7773394669994,206.8));
#2143=CARTESIAN_POINT('Ctrl Pts',(22.8062527150309,27.,206.8));
#2144=CARTESIAN_POINT('Origin',(30.,27.,203.3));
#2145=CARTESIAN_POINT('',(30.,25.,209.3));
#2146=CARTESIAN_POINT('Origin',(30.,25.,203.3));
#2147=CARTESIAN_POINT('',(28.,27.,211.045966692415));
#2148=CARTESIAN_POINT('Ctrl Pts',(30.,25.,209.3));
#2149=CARTESIAN_POINT('Ctrl Pts',(29.9980003016303,25.,209.30199969837));
#2150=CARTESIAN_POINT('Ctrl Pts',(29.9960001028678,25.0000029990948,209.303998897433));
#2151=CARTESIAN_POINT('Ctrl Pts',(29.8079260080905,25.000567279372,209.49188518132));
#2152=CARTESIAN_POINT('Ctrl Pts',(29.6171329232752,25.0270864572198,209.673732070571));
#2153=CARTESIAN_POINT('Ctrl Pts',(29.2486050899393,25.1370883709025,210.011464475775));
#2154=CARTESIAN_POINT('Ctrl Pts',(29.0702908970052,25.2177055772724,210.168582567213));
#2155=CARTESIAN_POINT('Ctrl Pts',(28.7100756540293,25.4545432706929,210.476756897221));
#2156=CARTESIAN_POINT('Ctrl Pts',(28.5313703446925,25.6189682152884,210.623794445868));
#2157=CARTESIAN_POINT('Ctrl Pts',(28.2608590940742,25.9909755721616,210.841836351607));
#2158=CARTESIAN_POINT('Ctrl Pts',(28.1612357635764,26.1825064889143,210.920232236252));
#2159=CARTESIAN_POINT('Ctrl Pts',(28.032533056411,26.587461070906,211.020874939938));
#2160=CARTESIAN_POINT('Ctrl Pts',(28.,26.7917881461621,211.045966692415));
#2161=CARTESIAN_POINT('Ctrl Pts',(28.,27.,211.045966692415));
#2162=CARTESIAN_POINT('Origin',(30.,27.,203.3));
#2163=CARTESIAN_POINT('Origin',(15.5086232538105,27.,208.8));
#2164=CARTESIAN_POINT('',(13.6387681897861,27.,209.509677419355));
#2165=CARTESIAN_POINT('',(15.299527962657,25.,212.794531156371));
#2166=CARTESIAN_POINT('Ctrl Pts',(13.6387681897861,27.,209.509677419355));
#2167=CARTESIAN_POINT('Ctrl Pts',(13.6394474401226,26.9981984525898,209.51146710527));
#2168=CARTESIAN_POINT('Ctrl Pts',(13.640126984846,26.9963969032198,209.513256681678));
#2169=CARTESIAN_POINT('Ctrl Pts',(13.7815565788207,26.6216151611432,209.885526491597));
#2170=CARTESIAN_POINT('Ctrl Pts',(14.0857294357207,25.7691263778037,210.653713629219));
#2171=CARTESIAN_POINT('Ctrl Pts',(14.7521068306582,25.1538342583866,211.895630400483));
#2172=CARTESIAN_POINT('Ctrl Pts',(14.943297593342,25.0470619013124,212.227563649397));
#2173=CARTESIAN_POINT('Ctrl Pts',(15.2006324079571,25.0041371037232,212.640081180994));
#2174=CARTESIAN_POINT('Ctrl Pts',(15.2498212159783,25.,212.717569732201));
#2175=CARTESIAN_POINT('Ctrl Pts',(15.299527962657,25.,212.794531156371));
#2176=CARTESIAN_POINT('Origin',(15.5086232538105,25.,208.8));
#2177=CARTESIAN_POINT('Origin',(15.5086232538105,27.,208.8));
#2178=CARTESIAN_POINT('Origin',(26.,27.,218.274979131872));
#2179=CARTESIAN_POINT('',(22.0473511451569,25.,218.888629708591));
#2180=CARTESIAN_POINT('',(25.4838709677419,27.,220.207234503726));
#2181=CARTESIAN_POINT('Ctrl Pts',(22.0473511451569,25.,218.888629708591));
#2182=CARTESIAN_POINT('Ctrl Pts',(22.130432037986,25.,218.931014009172));
#2183=CARTESIAN_POINT('Ctrl Pts',(22.2140014908676,25.0042874926632,218.972808586247));
#2184=CARTESIAN_POINT('Ctrl Pts',(22.6536002139582,25.0482717449363,219.188280283853));
#2185=CARTESIAN_POINT('Ctrl Pts',(23.004656017548,25.1563611454688,219.345223767617));
#2186=CARTESIAN_POINT('Ctrl Pts',(23.7897714318633,25.5293943777304,219.668144938663));
#2187=CARTESIAN_POINT('Ctrl Pts',(24.1868838416969,25.8201749344625,219.810333270386));
#2188=CARTESIAN_POINT('Ctrl Pts',(24.8602116027827,26.3907506913533,220.031723751927));
#2189=CARTESIAN_POINT('Ctrl Pts',(25.1756953713378,26.6997758926941,220.124810866807));
#2190=CARTESIAN_POINT('Ctrl Pts',(25.4802143564971,26.9964379460061,220.206257460424));
#2191=CARTESIAN_POINT('Ctrl Pts',(25.4820426226569,26.9982189731544,220.206746130402));
#2192=CARTESIAN_POINT('Ctrl Pts',(25.4838709677419,27.,220.207234503726));
#2193=CARTESIAN_POINT('',(28.,27.,218.274979131872));
#2194=CARTESIAN_POINT('Origin',(26.,27.,218.274979131872));
#2195=CARTESIAN_POINT('',(30.,25.,218.274979131872));
#2196=CARTESIAN_POINT('Origin',(30.,27.,218.274979131872));
#2197=CARTESIAN_POINT('Origin',(26.,25.,218.274979131872));
#2198=CARTESIAN_POINT('Origin',(30.,25.,205.05));
#2199=CARTESIAN_POINT('',(49.5,25.,183.8));
#2200=CARTESIAN_POINT('',(20.25,25.,183.8));
#2201=CARTESIAN_POINT('',(49.5,25.,222.8));
#2202=CARTESIAN_POINT('',(49.5,25.,194.425));
#2203=CARTESIAN_POINT('',(39.75,25.,222.8));
#2204=CARTESIAN_POINT('',(24.55,25.,226.3));
#2205=CARTESIAN_POINT('',(43.,25.,188.8));
#2206=CARTESIAN_POINT('Origin',(44.5,25.,188.8));
#2207=CARTESIAN_POINT('',(14.,25.,188.8));
#2208=CARTESIAN_POINT('Origin',(15.5,25.,188.8));
#2209=CARTESIAN_POINT('',(43.,25.,217.8));
#2210=CARTESIAN_POINT('Origin',(44.5,25.,217.8));
#2211=CARTESIAN_POINT('',(27.45,25.,203.3));
#2212=CARTESIAN_POINT('Origin',(30.,25.,203.3));
#2213=CARTESIAN_POINT('',(14.,25.,217.8));
#2214=CARTESIAN_POINT('Origin',(15.5,25.,217.8));
#2215=CARTESIAN_POINT('Origin',(30.,25.,203.3));
#2216=CARTESIAN_POINT('',(37.9526488548431,25.,218.888629708591));
#2217=CARTESIAN_POINT('Origin',(34.,25.,218.274979131872));
#2218=CARTESIAN_POINT('',(45.5886297085908,25.,211.252648854843));
#2219=CARTESIAN_POINT('Origin',(30.,25.,203.3));
#2220=CARTESIAN_POINT('',(44.9749791318719,25.,203.3));
#2221=CARTESIAN_POINT('Origin',(44.9749791318719,25.,207.3));
#2222=CARTESIAN_POINT('',(45.5886297085909,25.,195.347351145157));
#2223=CARTESIAN_POINT('Origin',(44.9749791318719,25.,199.3));
#2224=CARTESIAN_POINT('',(37.9526488548431,25.,187.711370291409));
#2225=CARTESIAN_POINT('Origin',(30.,25.,203.3));
#2226=CARTESIAN_POINT('',(30.,25.,188.325020868128));
#2227=CARTESIAN_POINT('Origin',(34.,25.,188.325020868128));
#2228=CARTESIAN_POINT('',(22.0473511451569,25.,187.711370291409));
#2229=CARTESIAN_POINT('Origin',(26.,25.,188.325020868128));
#2230=CARTESIAN_POINT('',(15.299527962657,25.,193.805468843629));
#2231=CARTESIAN_POINT('Origin',(30.,25.,203.3));
#2232=CARTESIAN_POINT('',(15.5086232538105,25.,201.8));
#2233=CARTESIAN_POINT('Origin',(15.5086232538105,25.,197.8));
#2234=CARTESIAN_POINT('',(24.1905249806888,25.,201.8));
#2235=CARTESIAN_POINT('',(20.25,25.,201.8));
#2236=CARTESIAN_POINT('',(30.,25.,197.3));
#2237=CARTESIAN_POINT('Origin',(30.,25.,203.3));
#2238=CARTESIAN_POINT('',(36.,25.,203.3));
#2239=CARTESIAN_POINT('Origin',(30.,25.,203.3));
#2240=CARTESIAN_POINT('Origin',(30.,25.,203.3));
#2241=CARTESIAN_POINT('Origin',(15.5086232538105,28.,208.8));
#2242=CARTESIAN_POINT('',(15.5086232538105,28.,206.8));
#2243=CARTESIAN_POINT('',(13.6387681897861,28.,209.509677419355));
#2244=CARTESIAN_POINT('Origin',(22.8062527150309,34.,206.8));
#2245=CARTESIAN_POINT('',(22.8062527150309,34.,206.8));
#2246=CARTESIAN_POINT('',(22.8062527150309,34.,206.8));
#2247=CARTESIAN_POINT('',(10.5,34.,206.8));
#2248=CARTESIAN_POINT('Origin',(44.9749791318719,27.,199.3));
#2249=CARTESIAN_POINT('',(46.9072345037264,27.,198.783870967742));
#2250=CARTESIAN_POINT('Ctrl Pts',(46.9072345037264,27.,198.783870967742));
#2251=CARTESIAN_POINT('Ctrl Pts',(46.9067466017202,26.9982206919833,198.782044387152));
#2252=CARTESIAN_POINT('Ctrl Pts',(46.9062584031677,26.9964413819836,198.780217883594));
#2253=CARTESIAN_POINT('Ctrl Pts',(46.7613031960313,26.468454165659,198.238247176642));
#2254=CARTESIAN_POINT('Ctrl Pts',(46.5455761547694,25.7346200466317,197.52126582972));
#2255=CARTESIAN_POINT('Ctrl Pts',(46.0454857046247,25.1565634811738,196.30525144463));
#2256=CARTESIAN_POINT('Ctrl Pts',(45.888505940507,25.0483683397675,195.954080779978));
#2257=CARTESIAN_POINT('Ctrl Pts',(45.672925681426,25.0042995188336,195.514235639979));
#2258=CARTESIAN_POINT('Ctrl Pts',(45.6310733940906,25.,195.430548443164));
#2259=CARTESIAN_POINT('Ctrl Pts',(45.5886297085909,25.,195.347351145157));
#2260=CARTESIAN_POINT('',(44.9749791318719,27.,201.3));
#2261=CARTESIAN_POINT('Origin',(44.9749791318719,27.,203.3));
#2262=CARTESIAN_POINT('Origin',(44.9749791318719,27.,199.3));
#2263=CARTESIAN_POINT('Origin',(30.,27.,203.3));
#2264=CARTESIAN_POINT('',(32.,27.,195.554033307585));
#2265=CARTESIAN_POINT('',(37.7459666924148,27.,201.3));
#2266=CARTESIAN_POINT('Origin',(30.,27.,203.3));
#2267=CARTESIAN_POINT('Ctrl Pts',(36.,25.,203.3));
#2268=CARTESIAN_POINT('Ctrl Pts',(36.0019996983709,25.,203.298000301629));
#2269=CARTESIAN_POINT('Ctrl Pts',(36.0039988974312,25.0000029990948,203.296000102869));
#2270=CARTESIAN_POINT('Ctrl Pts',(36.1918851813787,25.0005672793722,203.107926008031));
#2271=CARTESIAN_POINT('Ctrl Pts',(36.3737320705795,25.0270864572226,202.917132923266));
#2272=CARTESIAN_POINT('Ctrl Pts',(36.7114644757754,25.1370883709025,202.548605089939));
#2273=CARTESIAN_POINT('Ctrl Pts',(36.868582567213,25.2177055772724,202.370290897005));
#2274=CARTESIAN_POINT('Ctrl Pts',(37.1767568972209,25.4545432706929,202.010075654029));
#2275=CARTESIAN_POINT('Ctrl Pts',(37.3237944458675,25.6189682152884,201.831370344693));
#2276=CARTESIAN_POINT('Ctrl Pts',(37.5418363516071,25.9909755721614,201.560859094075));
#2277=CARTESIAN_POINT('Ctrl Pts',(37.6202322362517,26.1825064889142,201.461235763577));
#2278=CARTESIAN_POINT('Ctrl Pts',(37.720874939938,26.5874610709062,201.332533056411));
#2279=CARTESIAN_POINT('Ctrl Pts',(37.7459666924148,26.7917881461622,201.3));
#2280=CARTESIAN_POINT('Ctrl Pts',(37.7459666924148,27.,201.3));
#2281=CARTESIAN_POINT('Ctrl Pts',(30.,25.,197.3));
#2282=CARTESIAN_POINT('Ctrl Pts',(30.0019996983695,25.,197.298000301631));
#2283=CARTESIAN_POINT('Ctrl Pts',(30.0039998971323,25.0000029990948,197.296001102567));
#2284=CARTESIAN_POINT('Ctrl Pts',(30.1920739919045,25.000567279372,197.108114818685));
#2285=CARTESIAN_POINT('Ctrl Pts',(30.382867076724,25.0270864572196,196.92626792943));
#2286=CARTESIAN_POINT('Ctrl Pts',(30.7513949100607,25.1370883709025,196.588535524225));
#2287=CARTESIAN_POINT('Ctrl Pts',(30.9297091029947,25.2177055772724,196.431417432787));
#2288=CARTESIAN_POINT('Ctrl Pts',(31.2899243459707,25.4545432706929,196.123243102779));
#2289=CARTESIAN_POINT('Ctrl Pts',(31.4686296553074,25.6189682152884,195.976205554132));
#2290=CARTESIAN_POINT('Ctrl Pts',(31.7391409059257,25.9909755721616,195.758163648393));
#2291=CARTESIAN_POINT('Ctrl Pts',(31.8387642364236,26.1825064889143,195.679767763748));
#2292=CARTESIAN_POINT('Ctrl Pts',(31.967466943589,26.5874610709061,195.579125060062));
#2293=CARTESIAN_POINT('Ctrl Pts',(32.,26.7917881461621,195.554033307585));
#2294=CARTESIAN_POINT('Ctrl Pts',(32.,27.,195.554033307585));
#2295=CARTESIAN_POINT('Origin',(34.,27.,188.325020868128));
#2296=CARTESIAN_POINT('',(34.516129032258,27.,186.392765496274));
#2297=CARTESIAN_POINT('Ctrl Pts',(37.9526488548431,25.,187.711370291409));
#2298=CARTESIAN_POINT('Ctrl Pts',(37.869451556836,25.,187.668926605909));
#2299=CARTESIAN_POINT('Ctrl Pts',(37.7857643600211,25.0042995188336,187.627074318574));
#2300=CARTESIAN_POINT('Ctrl Pts',(37.3459192200223,25.0483683397675,187.411494059493));
#2301=CARTESIAN_POINT('Ctrl Pts',(36.9947485553701,25.1565634811738,187.254514295375));
#2302=CARTESIAN_POINT('Ctrl Pts',(36.2090756376375,25.5300486915188,186.931403378339));
#2303=CARTESIAN_POINT('Ctrl Pts',(35.8115624380663,25.8213199538714,186.78911073488));
#2304=CARTESIAN_POINT('Ctrl Pts',(35.1385528913867,26.3919594296393,186.567912560338));
#2305=CARTESIAN_POINT('Ctrl Pts',(34.823724341388,26.7003412291041,186.47503382834));
#2306=CARTESIAN_POINT('Ctrl Pts',(34.5197821161745,26.9964413822044,186.39374159677));
#2307=CARTESIAN_POINT('Ctrl Pts',(34.5179556130784,26.9982206917592,186.393253398341));
#2308=CARTESIAN_POINT('Ctrl Pts',(34.516129032258,27.,186.392765496274));
#2309=CARTESIAN_POINT('',(32.,27.,188.325020868128));
#2310=CARTESIAN_POINT('Origin',(34.,27.,188.325020868128));
#2311=CARTESIAN_POINT('Origin',(30.,27.,188.325020868128));
#2312=CARTESIAN_POINT('Origin',(37.7459666924148,28.,201.3));
#2313=CARTESIAN_POINT('',(33.8729833462074,27.,201.3));
#2314=CARTESIAN_POINT('',(37.7459666924148,34.,201.3));
#2315=CARTESIAN_POINT('',(37.7459666924148,34.,201.3));
#2316=CARTESIAN_POINT('',(44.9749791318719,29.5060411403131,201.3));
#2317=CARTESIAN_POINT('Ctrl Pts',(44.9749791318736,29.506041140312,201.3));
#2318=CARTESIAN_POINT('Ctrl Pts',(40.2486600167746,32.4679310485919,201.3));
#2319=CARTESIAN_POINT('Ctrl Pts',(37.7459666923977,34.0000000000105,201.3));
#2320=CARTESIAN_POINT('',(44.9749791318719,28.,201.3));
#2321=CARTESIAN_POINT('Origin',(30.,34.,203.3));
#2322=CARTESIAN_POINT('',(32.,34.,195.554033307585));
#2323=CARTESIAN_POINT('',(32.,34.,195.554033307585));
#2324=CARTESIAN_POINT('Origin',(30.,34.,203.3));
#2325=CARTESIAN_POINT('Origin',(32.,28.,185.914661349286));
#2326=CARTESIAN_POINT('',(32.,27.,195.482330674643));
#2327=CARTESIAN_POINT('',(32.,29.5060411403131,188.325020868128));
#2328=CARTESIAN_POINT('',(32.,28.,188.325020868128));
#2329=CARTESIAN_POINT('Ctrl Pts',(32.,34.,195.554033307585));
#2330=CARTESIAN_POINT('Ctrl Pts',(32.,32.4679310485836,193.051339983212));
#2331=CARTESIAN_POINT('Ctrl Pts',(32.,29.5060411403159,188.325020868132));
#2332=CARTESIAN_POINT('Origin',(34.,28.,188.325020868128));
#2333=CARTESIAN_POINT('',(34.516129032258,28.,186.392765496274));
#2334=CARTESIAN_POINT('Ctrl Pts',(34.3082218124062,28.0000000000001,186.348913757074));
#2335=CARTESIAN_POINT('Ctrl Pts',(34.0940760050661,28.0128834903058,186.315512526702));
#2336=CARTESIAN_POINT('Ctrl Pts',(33.8702557983765,28.0462739083247,186.317453165443));
#2337=CARTESIAN_POINT('Ctrl Pts',(33.3718926299293,28.1664576164746,186.40438530014));
#2338=CARTESIAN_POINT('Ctrl Pts',(33.1047160354669,28.2681389996524,186.517842282424));
#2339=CARTESIAN_POINT('Ctrl Pts',(32.6509674771825,28.5060881026163,186.821045573825));
#2340=CARTESIAN_POINT('Ctrl Pts',(32.4431548148047,28.6607058089204,187.037117012305));
#2341=CARTESIAN_POINT('Ctrl Pts',(32.1436796518056,28.9942580758127,187.527187194519));
#2342=CARTESIAN_POINT('Ctrl Pts',(32.0519191599886,29.1733202923589,187.801039147594));
#2343=CARTESIAN_POINT('Ctrl Pts',(32.0173002220325,29.3400888415557,188.062529743616));
#2344=CARTESIAN_POINT('Ctrl Pts',(32.006076085677,29.3941584649036,188.147310106004));
#2345=CARTESIAN_POINT('Ctrl Pts',(32.,29.4498312251578,188.235326110833));
#2346=CARTESIAN_POINT('Ctrl Pts',(32.,29.5060411403131,188.325020868128));
#2347=CARTESIAN_POINT('Origin',(30.,27.,200.302016653793));
#2348=CARTESIAN_POINT('',(28.,27.,195.554033307585));
#2349=CARTESIAN_POINT('',(28.,27.,188.325020868128));
#2350=CARTESIAN_POINT('',(28.,27.,200.302016653793));
#2351=CARTESIAN_POINT('Origin',(30.,27.,188.325020868128));
#2352=CARTESIAN_POINT('Ctrl Pts',(30.,25.,197.3));
#2353=CARTESIAN_POINT('Ctrl Pts',(29.9980003016304,25.,197.29800030163));
#2354=CARTESIAN_POINT('Ctrl Pts',(29.9960001028677,25.0000029990948,197.296001102567));
#2355=CARTESIAN_POINT('Ctrl Pts',(29.8079260080977,25.000567279372,197.108114818687));
#2356=CARTESIAN_POINT('Ctrl Pts',(29.6171329232764,25.0270864572194,196.92626792943));
#2357=CARTESIAN_POINT('Ctrl Pts',(29.2486050899393,25.1370883709025,196.588535524225));
#2358=CARTESIAN_POINT('Ctrl Pts',(29.0702908970053,25.2177055772724,196.431417432787));
#2359=CARTESIAN_POINT('Ctrl Pts',(28.7100756540292,25.4545432706929,196.123243102779));
#2360=CARTESIAN_POINT('Ctrl Pts',(28.5313703446925,25.6189682152885,195.976205554132));
#2361=CARTESIAN_POINT('Ctrl Pts',(28.2608590940743,25.9909755721615,195.758163648393));
#2362=CARTESIAN_POINT('Ctrl Pts',(28.1612357635764,26.1825064889142,195.679767763748));
#2363=CARTESIAN_POINT('Ctrl Pts',(28.032533056411,26.587461070906,195.579125060062));
#2364=CARTESIAN_POINT('Ctrl Pts',(28.,26.7917881461621,195.554033307585));
#2365=CARTESIAN_POINT('Ctrl Pts',(28.,27.,195.554033307585));
#2366=CARTESIAN_POINT('Origin',(26.,27.,188.325020868128));
#2367=CARTESIAN_POINT('',(25.4838709677419,27.,186.392765496274));
#2368=CARTESIAN_POINT('Ctrl Pts',(25.4838709677419,27.,186.392765496274));
#2369=CARTESIAN_POINT('Ctrl Pts',(25.4820426226585,26.998218973156,186.393253869598));
#2370=CARTESIAN_POINT('Ctrl Pts',(25.4802143564954,26.9964379460045,186.393742539576));
#2371=CARTESIAN_POINT('Ctrl Pts',(24.9387310875518,26.4689255535835,186.538567558394));
#2372=CARTESIAN_POINT('Ctrl Pts',(24.2212285228861,25.7343933247792,186.754395000627));
#2373=CARTESIAN_POINT('Ctrl Pts',(23.004656017548,25.1563611454688,187.254776232383));
#2374=CARTESIAN_POINT('Ctrl Pts',(22.6536002139583,25.0482717449363,187.411719716147));
#2375=CARTESIAN_POINT('Ctrl Pts',(22.2140014908676,25.0042874926632,187.627191413753));
#2376=CARTESIAN_POINT('Ctrl Pts',(22.130432037986,25.,187.668985990828));
#2377=CARTESIAN_POINT('Ctrl Pts',(22.0473511451569,25.,187.711370291409));
#2378=CARTESIAN_POINT('Origin',(26.,27.,188.325020868128));
#2379=CARTESIAN_POINT('Origin',(30.,27.,203.3));
#2380=CARTESIAN_POINT('',(22.8062527150309,27.,199.8));
#2381=CARTESIAN_POINT('Origin',(30.,27.,203.3));
#2382=CARTESIAN_POINT('Ctrl Pts',(24.1905249806888,25.,201.8));
#2383=CARTESIAN_POINT('Ctrl Pts',(24.1889387645211,25.,201.797952203733));
#2384=CARTESIAN_POINT('Ctrl Pts',(24.1873529542482,25.0000031451019,201.795904092779));
#2385=CARTESIAN_POINT('Ctrl Pts',(24.0530061308994,25.0005364229816,201.622321057362));
#2386=CARTESIAN_POINT('Ctrl Pts',(23.9231094321785,25.0231315057997,201.448541167646));
#2387=CARTESIAN_POINT('Ctrl Pts',(23.6783452213101,25.1144883387723,201.111241565632));
#2388=CARTESIAN_POINT('Ctrl Pts',(23.5632448244354,25.1817183348409,200.947738587702));
#2389=CARTESIAN_POINT('Ctrl Pts',(23.3138331550692,25.393350280641,200.585048157136));
#2390=CARTESIAN_POINT('Ctrl Pts',(23.1868015458425,25.554985716104,200.393464950039));
#2391=CARTESIAN_POINT('Ctrl Pts',(22.9929885908359,25.9304597024985,200.095535724367));
#2392=CARTESIAN_POINT('Ctrl Pts',(22.9219336818348,26.1306968316162,199.983696221431));
#2393=CARTESIAN_POINT('Ctrl Pts',(22.8294192462745,26.5583543238098,199.837196370731));
#2394=CARTESIAN_POINT('Ctrl Pts',(22.8062527150309,26.7773394669979,199.8));
#2395=CARTESIAN_POINT('Ctrl Pts',(22.8062527150309,27.,199.8));
#2396=CARTESIAN_POINT('Origin',(15.5086232538105,27.,197.8));
#2397=CARTESIAN_POINT('',(13.6387681897861,27.,197.090322580645));
#2398=CARTESIAN_POINT('Ctrl Pts',(15.299527962657,25.,193.805468843629));
#2399=CARTESIAN_POINT('Ctrl Pts',(15.2498212159783,25.,193.882430267799));
#2400=CARTESIAN_POINT('Ctrl Pts',(15.2006324079572,25.0041371037232,193.959918819006));
#2401=CARTESIAN_POINT('Ctrl Pts',(14.943297593342,25.0470619013124,194.372436350603));
#2402=CARTESIAN_POINT('Ctrl Pts',(14.7521068306582,25.1538342583866,194.704369599517));
#2403=CARTESIAN_POINT('Ctrl Pts',(14.3541128460906,25.5213175555996,195.44610455039));
#2404=CARTESIAN_POINT('Ctrl Pts',(14.1740966004842,25.806125318875,195.82199252059));
#2405=CARTESIAN_POINT('Ctrl Pts',(13.8826917158305,26.3759059247356,196.473068460127));
#2406=CARTESIAN_POINT('Ctrl Pts',(13.7546763060446,26.6928466141039,196.785227540538));
#2407=CARTESIAN_POINT('Ctrl Pts',(13.6401269848116,26.996396903309,197.086743318413));
#2408=CARTESIAN_POINT('Ctrl Pts',(13.639447440157,26.9981984524987,197.08853289464));
#2409=CARTESIAN_POINT('Ctrl Pts',(13.6387681897861,27.,197.090322580645));
#2410=CARTESIAN_POINT('',(15.5086232538105,27.,199.8));
#2411=CARTESIAN_POINT('Origin',(15.5086232538105,27.,197.8));
#2412=CARTESIAN_POINT('Origin',(15.5086232538105,27.,201.8));
#2413=CARTESIAN_POINT('Origin',(20.25,27.,201.8));
#2414=CARTESIAN_POINT('',(20.25,27.,199.8));
#2415=CARTESIAN_POINT('Origin',(28.,28.,195.554033307585));
#2416=CARTESIAN_POINT('',(28.,34.,195.554033307585));
#2417=CARTESIAN_POINT('',(28.,34.,195.554033307585));
#2418=CARTESIAN_POINT('',(28.,29.5060411403131,188.325020868128));
#2419=CARTESIAN_POINT('Ctrl Pts',(28.,29.506041140312,188.325020868126));
#2420=CARTESIAN_POINT('Ctrl Pts',(28.,32.4679310485919,193.051339983225));
#2421=CARTESIAN_POINT('Ctrl Pts',(28.,34.0000000000105,195.554033307602));
#2422=CARTESIAN_POINT('',(28.,28.,188.325020868128));
#2423=CARTESIAN_POINT('Origin',(30.,34.,203.3));
#2424=CARTESIAN_POINT('',(22.8062527150309,34.,199.8));
#2425=CARTESIAN_POINT('',(22.8062527150309,34.,199.8));
#2426=CARTESIAN_POINT('Origin',(30.,34.,203.3));
#2427=CARTESIAN_POINT('Origin',(10.5,34.,199.8));
#2428=CARTESIAN_POINT('',(28.,34.,199.8));
#2429=CARTESIAN_POINT('',(15.5086232538105,28.,199.8));
#2430=CARTESIAN_POINT('Origin',(15.5086232538105,28.,197.8));
#2431=CARTESIAN_POINT('',(13.6387681897861,28.,197.090322580645));
#2432=CARTESIAN_POINT('Origin',(30.,27.,208.047983346207));
#2433=CARTESIAN_POINT('',(32.,27.,211.045966692415));
#2434=CARTESIAN_POINT('',(32.,27.,218.274979131872));
#2435=CARTESIAN_POINT('',(32.,27.,208.047983346207));
#2436=CARTESIAN_POINT('Origin',(30.,27.,218.274979131872));
#2437=CARTESIAN_POINT('',(28.,27.,212.867669325357));
#2438=CARTESIAN_POINT('Ctrl Pts',(30.,25.,209.3));
#2439=CARTESIAN_POINT('Ctrl Pts',(30.0019996983697,25.,209.30199969837));
#2440=CARTESIAN_POINT('Ctrl Pts',(30.0039998971321,25.0000029990948,209.303998897432));
#2441=CARTESIAN_POINT('Ctrl Pts',(30.1920739919107,25.000567279372,209.491885181321));
#2442=CARTESIAN_POINT('Ctrl Pts',(30.3828670767249,25.0270864572198,209.673732070571));
#2443=CARTESIAN_POINT('Ctrl Pts',(30.7513949100606,25.1370883709025,210.011464475775));
#2444=CARTESIAN_POINT('Ctrl Pts',(30.9297091029947,25.2177055772724,210.168582567213));
#2445=CARTESIAN_POINT('Ctrl Pts',(31.2899243459707,25.4545432706929,210.476756897221));
#2446=CARTESIAN_POINT('Ctrl Pts',(31.4686296553074,25.6189682152884,210.623794445868));
#2447=CARTESIAN_POINT('Ctrl Pts',(31.7391409059257,25.9909755721616,210.841836351607));
#2448=CARTESIAN_POINT('Ctrl Pts',(31.8387642364236,26.1825064889143,210.920232236252));
#2449=CARTESIAN_POINT('Ctrl Pts',(31.967466943589,26.587461070906,211.020874939938));
#2450=CARTESIAN_POINT('Ctrl Pts',(32.,26.7917881461621,211.045966692415));
#2451=CARTESIAN_POINT('Ctrl Pts',(32.,27.,211.045966692415));
#2452=CARTESIAN_POINT('Origin',(34.,27.,218.274979131872));
#2453=CARTESIAN_POINT('',(34.516129032258,27.,220.207234503726));
#2454=CARTESIAN_POINT('Ctrl Pts',(34.516129032258,27.,220.207234503726));
#2455=CARTESIAN_POINT('Ctrl Pts',(34.5179556130782,26.9982206917594,220.206746601659));
#2456=CARTESIAN_POINT('Ctrl Pts',(34.5197821161747,26.9964413822042,220.20625840323));
#2457=CARTESIAN_POINT('Ctrl Pts',(35.061769480043,26.4684379390923,220.061298741043));
#2458=CARTESIAN_POINT('Ctrl Pts',(35.778743120318,25.7346157920537,219.845572474033));
#2459=CARTESIAN_POINT('Ctrl Pts',(36.9947485553701,25.1565634811738,219.345485704625));
#2460=CARTESIAN_POINT('Ctrl Pts',(37.3459192200223,25.0483683397675,219.188505940507));
#2461=CARTESIAN_POINT('Ctrl Pts',(37.7857643600211,25.0042995188336,218.972925681426));
#2462=CARTESIAN_POINT('Ctrl Pts',(37.869451556836,25.,218.931073394091));
#2463=CARTESIAN_POINT('Ctrl Pts',(37.9526488548431,25.,218.888629708591));
#2464=CARTESIAN_POINT('Origin',(34.,27.,218.274979131872));
#2465=CARTESIAN_POINT('Origin',(30.,27.,203.3));
#2466=CARTESIAN_POINT('',(37.7459666924148,27.,205.3));
#2467=CARTESIAN_POINT('Origin',(30.,27.,203.3));
#2468=CARTESIAN_POINT('Ctrl Pts',(36.,25.,203.3));
#2469=CARTESIAN_POINT('Ctrl Pts',(36.0019996983688,25.,203.301999698369));
#2470=CARTESIAN_POINT('Ctrl Pts',(36.0039988974333,25.0000029990948,203.303999897133));
#2471=CARTESIAN_POINT('Ctrl Pts',(36.1918851813195,25.000567279372,203.492073991909));
#2472=CARTESIAN_POINT('Ctrl Pts',(36.3737320705708,25.0270864572198,203.682867076725));
#2473=CARTESIAN_POINT('Ctrl Pts',(36.7114644757754,25.1370883709025,204.051394910061));
#2474=CARTESIAN_POINT('Ctrl Pts',(36.868582567213,25.2177055772724,204.229709102995));
#2475=CARTESIAN_POINT('Ctrl Pts',(37.1767568972208,25.4545432706928,204.589924345971));
#2476=CARTESIAN_POINT('Ctrl Pts',(37.3237944458674,25.6189682152884,204.768629655308));
#2477=CARTESIAN_POINT('Ctrl Pts',(37.5418363516071,25.9909755721616,205.039140905926));
#2478=CARTESIAN_POINT('Ctrl Pts',(37.6202322362517,26.1825064889143,205.138764236424));
#2479=CARTESIAN_POINT('Ctrl Pts',(37.7208749399379,26.5874610709062,205.267466943589));
#2480=CARTESIAN_POINT('Ctrl Pts',(37.7459666924148,26.7917881461622,205.3));
#2481=CARTESIAN_POINT('Ctrl Pts',(37.7459666924148,27.,205.3));
#2482=CARTESIAN_POINT('Origin',(38.6926693253568,27.,203.3));
#2483=CARTESIAN_POINT('',(44.9749791318719,27.,205.3));
#2484=CARTESIAN_POINT('Origin',(44.9749791318719,27.,203.3));
#2485=CARTESIAN_POINT('',(38.6926693253568,27.,205.3));
#2486=CARTESIAN_POINT('Origin',(44.9749791318719,27.,207.3));
#2487=CARTESIAN_POINT('',(46.9072345037263,27.,207.816129032258));
#2488=CARTESIAN_POINT('Ctrl Pts',(45.5886297085908,25.,211.252648854843));
#2489=CARTESIAN_POINT('Ctrl Pts',(45.6310733940905,25.,211.169451556836));
#2490=CARTESIAN_POINT('Ctrl Pts',(45.6729256814259,25.0042995188336,211.085764360021));
#2491=CARTESIAN_POINT('Ctrl Pts',(45.8885059405068,25.0483683397675,210.645919220023));
#2492=CARTESIAN_POINT('Ctrl Pts',(46.0454857046246,25.1565634811737,210.29474855537));
#2493=CARTESIAN_POINT('Ctrl Pts',(46.3685966216594,25.5300486915172,209.509075637641));
#2494=CARTESIAN_POINT('Ctrl Pts',(46.5108892651181,25.8213199538681,209.11156243807));
#2495=CARTESIAN_POINT('Ctrl Pts',(46.732087439297,26.3919594286983,208.438552892497));
#2496=CARTESIAN_POINT('Ctrl Pts',(46.8249661737132,26.7003412360361,208.123724333712));
#2497=CARTESIAN_POINT('Ctrl Pts',(46.9062584030765,26.9964413816604,207.819782116747));
#2498=CARTESIAN_POINT('Ctrl Pts',(46.9067466018097,26.9982206923099,207.817955612513));
#2499=CARTESIAN_POINT('Ctrl Pts',(46.9072345037263,27.,207.816129032258));
#2500=CARTESIAN_POINT('Origin',(44.9749791318719,27.,207.3));
#2501=CARTESIAN_POINT('Origin',(44.9749791318719,28.,207.3));
#2502=CARTESIAN_POINT('',(46.9072345037263,28.,207.816129032258));
#2503=CARTESIAN_POINT('',(44.9749791318719,29.5060411403131,205.3));
#2504=CARTESIAN_POINT('Ctrl Pts',(46.9510862429256,28.0000000000001,207.608221812406));
#2505=CARTESIAN_POINT('Ctrl Pts',(46.9844874732984,28.0128834903059,207.394076005066));
#2506=CARTESIAN_POINT('Ctrl Pts',(46.9825468345568,28.0462739083247,207.170255798376));
#2507=CARTESIAN_POINT('Ctrl Pts',(46.8956146998603,28.1664576164745,206.671892629929));
#2508=CARTESIAN_POINT('Ctrl Pts',(46.7821577175756,28.2681389996524,206.404716035467));
#2509=CARTESIAN_POINT('Ctrl Pts',(46.4789544261752,28.5060881026163,205.950967477183));
#2510=CARTESIAN_POINT('Ctrl Pts',(46.2628829876952,28.6607058089204,205.743154814805));
#2511=CARTESIAN_POINT('Ctrl Pts',(45.7728128054809,28.9942580758127,205.443679651806));
#2512=CARTESIAN_POINT('Ctrl Pts',(45.4989608524055,29.1733202923589,205.351919159989));
#2513=CARTESIAN_POINT('Ctrl Pts',(45.237470256384,29.3400888415557,205.317300222033));
#2514=CARTESIAN_POINT('Ctrl Pts',(45.1526898939956,29.3941584649036,205.306076085677));
#2515=CARTESIAN_POINT('Ctrl Pts',(45.0646738891665,29.4498312251578,205.3));
#2516=CARTESIAN_POINT('Ctrl Pts',(44.9749791318719,29.5060411403131,205.3));
#2517=CARTESIAN_POINT('',(44.9749791318719,28.,205.3));
#2518=CARTESIAN_POINT('Origin',(30.,28.,203.3));
#2519=CARTESIAN_POINT('',(34.516129032258,28.,220.207234503726));
#2520=CARTESIAN_POINT('Ctrl Pts',(41.1493123271812,28.,216.788618707302));
#2521=CARTESIAN_POINT('Ctrl Pts',(41.2145663553552,27.9531157567015,216.734681565441));
#2522=CARTESIAN_POINT('Ctrl Pts',(41.2802152083882,27.9082948770069,216.679623433262));
#2523=CARTESIAN_POINT('Ctrl Pts',(41.6632273760462,27.6634981576719,216.353436728887));
#2524=CARTESIAN_POINT('Ctrl Pts',(41.9915081828713,27.5060966544099,216.057229158658));
#2525=CARTESIAN_POINT('Ctrl Pts',(42.7572291586578,27.5060966544099,215.291508182871));
#2526=CARTESIAN_POINT('Ctrl Pts',(43.0534367288871,27.6634981576719,214.963227376046));
#2527=CARTESIAN_POINT('Ctrl Pts',(43.3796234332615,27.9082948770069,214.580215208388));
#2528=CARTESIAN_POINT('Ctrl Pts',(43.4346815654409,27.9531157567014,214.514566355355));
#2529=CARTESIAN_POINT('Ctrl Pts',(43.4886187073015,28.,214.449312327181));
#2530=CARTESIAN_POINT('Origin',(30.,31.,203.3));
#2531=CARTESIAN_POINT('Ctrl Pts',(28.,29.5060411403131,188.325020868128));
#2532=CARTESIAN_POINT('Ctrl Pts',(28.,29.4498312251578,188.235326110833));
#2533=CARTESIAN_POINT('Ctrl Pts',(27.993923914323,29.3941584649036,188.147310106004));
#2534=CARTESIAN_POINT('Ctrl Pts',(27.9480808400114,29.1733202923589,187.801039147594));
#2535=CARTESIAN_POINT('Ctrl Pts',(27.8563203481943,28.9942580758127,187.527187194519));
#2536=CARTESIAN_POINT('Ctrl Pts',(27.5568451851952,28.6607058089204,187.037117012305));
#2537=CARTESIAN_POINT('Ctrl Pts',(27.3490325228174,28.5060881026163,186.821045573825));
#2538=CARTESIAN_POINT('Ctrl Pts',(26.895283964533,28.2681389996524,186.517842282424));
#2539=CARTESIAN_POINT('Ctrl Pts',(26.6281073700707,28.1664576164746,186.40438530014));
#2540=CARTESIAN_POINT('Ctrl Pts',(26.1297442016221,28.0462739083243,186.317453165443));
#2541=CARTESIAN_POINT('Ctrl Pts',(25.9059239949309,28.0128834903054,186.315512526702));
#2542=CARTESIAN_POINT('Ctrl Pts',(25.6917781875895,27.9999999999998,186.348913757075));
#2543=CARTESIAN_POINT('Origin',(30.,34.,203.3));
#2544=CARTESIAN_POINT('Origin',(30.,31.,203.3));
#2545=CARTESIAN_POINT('',(28.,29.5060411403131,218.274979131872));
#2546=CARTESIAN_POINT('Ctrl Pts',(25.6917781875937,28.0000000000001,220.251086242926));
#2547=CARTESIAN_POINT('Ctrl Pts',(25.9059239949339,28.0128834903058,220.284487473298));
#2548=CARTESIAN_POINT('Ctrl Pts',(26.1297442016235,28.0462739083247,220.282546834557));
#2549=CARTESIAN_POINT('Ctrl Pts',(26.6281073700706,28.1664576164746,220.19561469986));
#2550=CARTESIAN_POINT('Ctrl Pts',(26.895283964533,28.2681389996524,220.082157717576));
#2551=CARTESIAN_POINT('Ctrl Pts',(27.3490325228174,28.5060881026163,219.778954426175));
#2552=CARTESIAN_POINT('Ctrl Pts',(27.5568451851952,28.6607058089204,219.562882987695));
#2553=CARTESIAN_POINT('Ctrl Pts',(27.8563203481943,28.9942580758127,219.072812805481));
#2554=CARTESIAN_POINT('Ctrl Pts',(27.9480808400114,29.1733202923589,218.798960852406));
#2555=CARTESIAN_POINT('Ctrl Pts',(27.9826997779675,29.3400888415557,218.537470256384));
#2556=CARTESIAN_POINT('Ctrl Pts',(27.9939239143229,29.3941584649036,218.452689893996));
#2557=CARTESIAN_POINT('Ctrl Pts',(28.,29.4498312251578,218.364673889167));
#2558=CARTESIAN_POINT('Ctrl Pts',(28.,29.5060411403131,218.274979131872));
#2559=CARTESIAN_POINT('',(32.,29.5060411403131,218.274979131872));
#2560=CARTESIAN_POINT('Ctrl Pts',(32.,29.5060411403131,218.274979131872));
#2561=CARTESIAN_POINT('Ctrl Pts',(32.,29.4498312251578,218.364673889167));
#2562=CARTESIAN_POINT('Ctrl Pts',(32.006076085677,29.3941584649036,218.452689893996));
#2563=CARTESIAN_POINT('Ctrl Pts',(32.0519191599886,29.1733202923589,218.798960852406));
#2564=CARTESIAN_POINT('Ctrl Pts',(32.1436796518056,28.9942580758127,219.072812805481));
#2565=CARTESIAN_POINT('Ctrl Pts',(32.4431548148047,28.6607058089204,219.562882987695));
#2566=CARTESIAN_POINT('Ctrl Pts',(32.6509674771825,28.5060881026163,219.778954426175));
#2567=CARTESIAN_POINT('Ctrl Pts',(33.1047160354669,28.2681389996524,220.082157717576));
#2568=CARTESIAN_POINT('Ctrl Pts',(33.3718926299293,28.1664576164746,220.19561469986));
#2569=CARTESIAN_POINT('Ctrl Pts',(33.8702557983779,28.0462739083244,220.282546834557));
#2570=CARTESIAN_POINT('Ctrl Pts',(34.094076005069,28.0128834903054,220.284487473298));
#2571=CARTESIAN_POINT('Ctrl Pts',(34.3082218124104,27.9999999999998,220.251086242925));
#2572=CARTESIAN_POINT('',(32.,34.,211.045966692415));
#2573=CARTESIAN_POINT('Ctrl Pts',(32.,29.5060411403121,218.274979131874));
#2574=CARTESIAN_POINT('Ctrl Pts',(32.,32.4679310485919,213.548660016775));
#2575=CARTESIAN_POINT('Ctrl Pts',(32.,34.0000000000105,211.045966692398));
#2576=CARTESIAN_POINT('',(28.,34.,211.045966692415));
#2577=CARTESIAN_POINT('Origin',(30.,34.,203.3));
#2578=CARTESIAN_POINT('Ctrl Pts',(28.,34.,211.045966692415));
#2579=CARTESIAN_POINT('Ctrl Pts',(28.,32.4679310485837,213.548660016788));
#2580=CARTESIAN_POINT('Ctrl Pts',(28.,29.506041140316,218.274979131867));
#2581=CARTESIAN_POINT('Origin',(30.,34.,203.3));
#2582=CARTESIAN_POINT('',(37.7459666924148,34.,205.3));
#2583=CARTESIAN_POINT('',(37.7459666924148,34.,205.3));
#2584=CARTESIAN_POINT('Origin',(30.,34.,203.3));
#2585=CARTESIAN_POINT('',(32.,34.,211.045966692415));
#2586=CARTESIAN_POINT('Origin',(30.,34.,203.3));
#2587=CARTESIAN_POINT('',(28.,34.,211.045966692415));
#2588=CARTESIAN_POINT('Origin',(30.,34.,203.3));
#2589=CARTESIAN_POINT('Origin',(30.,31.,203.3));
#2590=CARTESIAN_POINT('Ctrl Pts',(44.9749791318719,29.5060411403131,201.3));
#2591=CARTESIAN_POINT('Ctrl Pts',(45.0646738891666,29.4498312251578,201.3));
#2592=CARTESIAN_POINT('Ctrl Pts',(45.1526898939956,29.3941584649036,201.293923914323));
#2593=CARTESIAN_POINT('Ctrl Pts',(45.4989608524055,29.1733202923589,201.248080840012));
#2594=CARTESIAN_POINT('Ctrl Pts',(45.7728128054809,28.9942580758127,201.156320348194));
#2595=CARTESIAN_POINT('Ctrl Pts',(46.2628829876952,28.6607058089204,200.856845185195));
#2596=CARTESIAN_POINT('Ctrl Pts',(46.4789544261753,28.5060881026163,200.649032522818));
#2597=CARTESIAN_POINT('Ctrl Pts',(46.7821577175756,28.2681389996524,200.195283964533));
#2598=CARTESIAN_POINT('Ctrl Pts',(46.8956146998604,28.1664576164746,199.928107370071));
#2599=CARTESIAN_POINT('Ctrl Pts',(46.9825468345571,28.0462739083243,199.429744201622));
#2600=CARTESIAN_POINT('Ctrl Pts',(46.9844874732984,28.0128834903054,199.205923994931));
#2601=CARTESIAN_POINT('Ctrl Pts',(46.951086242925,27.9999999999998,198.99177818759));
#2602=CARTESIAN_POINT('Origin',(30.,34.,203.3));
#2603=CARTESIAN_POINT('Ctrl Pts',(37.7459666924148,34.,205.3));
#2604=CARTESIAN_POINT('Ctrl Pts',(40.2486600167877,32.4679310485836,205.3));
#2605=CARTESIAN_POINT('Ctrl Pts',(44.9749791318675,29.5060411403158,205.3));
#2606=CARTESIAN_POINT('Origin',(44.5,27.,188.8));
#2607=CARTESIAN_POINT('Ctrl Pts',(43.4886187073015,28.,192.150687672819));
#2608=CARTESIAN_POINT('Ctrl Pts',(43.434681565441,27.9531157567015,192.085433644645));
#2609=CARTESIAN_POINT('Ctrl Pts',(43.3796234332615,27.908294877007,192.019784791612));
#2610=CARTESIAN_POINT('Ctrl Pts',(43.0534367288871,27.6634981576719,191.636772623954));
#2611=CARTESIAN_POINT('Ctrl Pts',(42.7572291586578,27.5060966544099,191.308491817129));
#2612=CARTESIAN_POINT('Ctrl Pts',(41.9915081828713,27.5060966544099,190.542770841342));
#2613=CARTESIAN_POINT('Ctrl Pts',(41.6632273760462,27.663498157672,190.246563271113));
#2614=CARTESIAN_POINT('Ctrl Pts',(41.2802152083882,27.908294877007,189.920376566739));
#2615=CARTESIAN_POINT('Ctrl Pts',(41.2145663553552,27.9531157567015,189.865318434559));
#2616=CARTESIAN_POINT('Ctrl Pts',(41.1493123271812,28.,189.811381292699));
#2617=CARTESIAN_POINT('',(43.,26.,188.8));
#2618=CARTESIAN_POINT('',(42.,27.,188.8));
#2619=CARTESIAN_POINT('Origin',(44.5,26.,188.8));
#2620=CARTESIAN_POINT('Origin',(30.,28.,203.3));
#2621=CARTESIAN_POINT('',(46.9072345037264,28.,198.783870967742));
#2622=CARTESIAN_POINT('Origin',(44.5,28.,188.8));
#2623=CARTESIAN_POINT('',(43.,28.,188.8));
#2624=CARTESIAN_POINT('Origin',(15.5,27.,188.8));
#2625=CARTESIAN_POINT('Ctrl Pts',(18.8506876728187,28.,189.811381292699));
#2626=CARTESIAN_POINT('Ctrl Pts',(18.7854336446448,27.9531157567015,189.865318434559));
#2627=CARTESIAN_POINT('Ctrl Pts',(18.7197847916117,27.908294877007,189.920376566739));
#2628=CARTESIAN_POINT('Ctrl Pts',(18.3367726239537,27.663498157672,190.246563271113));
#2629=CARTESIAN_POINT('Ctrl Pts',(18.0084918171286,27.5060966544099,190.542770841342));
#2630=CARTESIAN_POINT('Ctrl Pts',(17.2427708413421,27.5060966544099,191.308491817129));
#2631=CARTESIAN_POINT('Ctrl Pts',(16.9465632711128,27.663498157672,191.636772623954));
#2632=CARTESIAN_POINT('Ctrl Pts',(16.6203765667385,27.908294877007,192.019784791612));
#2633=CARTESIAN_POINT('Ctrl Pts',(16.565318434559,27.9531157567014,192.085433644645));
#2634=CARTESIAN_POINT('Ctrl Pts',(16.5113812926985,28.,192.150687672819));
#2635=CARTESIAN_POINT('',(14.,26.,188.8));
#2636=CARTESIAN_POINT('',(13.,27.,188.8));
#2637=CARTESIAN_POINT('Origin',(15.5,26.,188.8));
#2638=CARTESIAN_POINT('Origin',(30.,28.,203.3));
#2639=CARTESIAN_POINT('',(25.4838709677419,28.,186.392765496274));
#2640=CARTESIAN_POINT('Origin',(15.5,28.,188.8));
#2641=CARTESIAN_POINT('',(14.,28.,188.8));
#2642=CARTESIAN_POINT('Origin',(15.5,27.,217.8));
#2643=CARTESIAN_POINT('Ctrl Pts',(16.5113812926985,28.,214.449312327181));
#2644=CARTESIAN_POINT('Ctrl Pts',(16.565318434559,27.9531157567014,214.514566355355));
#2645=CARTESIAN_POINT('Ctrl Pts',(16.6203765667385,27.9082948770069,214.580215208388));
#2646=CARTESIAN_POINT('Ctrl Pts',(16.9465632711129,27.6634981576719,214.963227376046));
#2647=CARTESIAN_POINT('Ctrl Pts',(17.2427708413421,27.5060966544099,215.291508182871));
#2648=CARTESIAN_POINT('Ctrl Pts',(18.0084918171286,27.5060966544099,216.057229158658));
#2649=CARTESIAN_POINT('Ctrl Pts',(18.3367726239537,27.663498157672,216.353436728887));
#2650=CARTESIAN_POINT('Ctrl Pts',(18.7197847916117,27.908294877007,216.679623433262));
#2651=CARTESIAN_POINT('Ctrl Pts',(18.7854336446447,27.9531157567015,216.734681565441));
#2652=CARTESIAN_POINT('Ctrl Pts',(18.8506876728187,28.,216.788618707302));
#2653=CARTESIAN_POINT('',(14.,26.,217.8));
#2654=CARTESIAN_POINT('',(13.,27.,217.8));
#2655=CARTESIAN_POINT('Origin',(15.5,26.,217.8));
#2656=CARTESIAN_POINT('Origin',(30.,28.,203.3));
#2657=CARTESIAN_POINT('',(25.4838709677419,28.,220.207234503726));
#2658=CARTESIAN_POINT('Origin',(15.5,28.,217.8));
#2659=CARTESIAN_POINT('',(14.,28.,217.8));
#2660=CARTESIAN_POINT('Origin',(44.5,27.,217.8));
#2661=CARTESIAN_POINT('',(43.,26.,217.8));
#2662=CARTESIAN_POINT('',(42.,27.,217.8));
#2663=CARTESIAN_POINT('Origin',(44.5,26.,217.8));
#2664=CARTESIAN_POINT('Origin',(44.5,28.,217.8));
#2665=CARTESIAN_POINT('',(43.,28.,217.8));
#2666=CARTESIAN_POINT('Origin',(26.,28.,188.325020868128));
#2667=CARTESIAN_POINT('Origin',(47.3853386507137,28.,205.3));
#2668=CARTESIAN_POINT('Origin',(44.9749791318719,28.,199.3));
#2669=CARTESIAN_POINT('Origin',(34.,28.,218.274979131872));
#2670=CARTESIAN_POINT('',(32.,28.,218.274979131872));
#2671=CARTESIAN_POINT('Origin',(26.,28.,218.274979131872));
#2672=CARTESIAN_POINT('',(28.,28.,218.274979131872));
#2673=CARTESIAN_POINT('Origin',(28.,28.,220.685338650714));
#2674=CARTESIAN_POINT('Origin',(30.,28.,205.05));
#2675=CARTESIAN_POINT('',(24.45,28.,203.3));
#2676=CARTESIAN_POINT('Origin',(30.,28.,203.3));
#2677=CARTESIAN_POINT('',(27.45,28.,203.3));
#2678=CARTESIAN_POINT('Origin',(30.,28.,203.3));
#2679=CARTESIAN_POINT('Origin',(30.,28.,203.3));
#2680=CARTESIAN_POINT('',(27.45,28.,203.3));
#2681=CARTESIAN_POINT('Origin',(32.,28.,211.045966692415));
#2682=CARTESIAN_POINT('Origin',(19.1,28.,226.3));
#2683=CARTESIAN_POINT('',(19.1,28.,226.3));
#2684=CARTESIAN_POINT('Origin',(19.1,28.,222.8));
#2685=CARTESIAN_POINT('Origin',(49.5,28.,222.8));
#2686=CARTESIAN_POINT('',(49.5,28.,222.8));
#2687=CARTESIAN_POINT('Origin',(49.5,28.,183.8));
#2688=CARTESIAN_POINT('',(49.5,28.,183.8));
#2689=CARTESIAN_POINT('Origin',(10.5,28.,183.8));
#2690=CARTESIAN_POINT('Origin',(30.,34.,203.3));
#2691=CARTESIAN_POINT('',(24.45,34.,203.3));
#2692=CARTESIAN_POINT('',(24.45,34.,203.3));
#2693=CARTESIAN_POINT('',(24.45,34.,203.3));
#2694=CARTESIAN_POINT('Origin',(30.,34.,203.3));
#2695=CARTESIAN_POINT('Origin',(24.25,34.,203.3));
#2696=UNCERTAINTY_MEASURE_WITH_UNIT(LENGTH_MEASURE(0.01),#2700,
'DISTANCE_ACCURACY_VALUE',
'Maximum model space distance between geometric entities at asserted c
onnectivities');
#2697=UNCERTAINTY_MEASURE_WITH_UNIT(LENGTH_MEASURE(0.01),#2700,
'DISTANCE_ACCURACY_VALUE',
'Maximum model space distance between geometric entities at asserted c
onnectivities');
#2698=(
GEOMETRIC_REPRESENTATION_CONTEXT(3)
GLOBAL_UNCERTAINTY_ASSIGNED_CONTEXT((#2696))
GLOBAL_UNIT_ASSIGNED_CONTEXT((#2700,#2702,#2703))
REPRESENTATION_CONTEXT('','3D')
);
#2699=(
GEOMETRIC_REPRESENTATION_CONTEXT(3)
GLOBAL_UNCERTAINTY_ASSIGNED_CONTEXT((#2697))
GLOBAL_UNIT_ASSIGNED_CONTEXT((#2700,#2702,#2703))
REPRESENTATION_CONTEXT('','3D')
);
#2700=(
LENGTH_UNIT()
NAMED_UNIT(*)
SI_UNIT(.MILLI.,.METRE.)
);
#2701=(
LENGTH_UNIT()
NAMED_UNIT(*)
SI_UNIT($,.METRE.)
);
#2702=(
NAMED_UNIT(*)
PLANE_ANGLE_UNIT()
SI_UNIT($,.RADIAN.)
);
#2703=(
NAMED_UNIT(*)
SI_UNIT($,.STERADIAN.)
SOLID_ANGLE_UNIT()
);
#2704=SHAPE_DEFINITION_REPRESENTATION(#2705,#2706);
#2705=PRODUCT_DEFINITION_SHAPE('',$,#2708);
#2706=SHAPE_REPRESENTATION('',(#1387),#2698);
#2707=PRODUCT_DEFINITION_CONTEXT('part definition',#2712,'design');
#2708=PRODUCT_DEFINITION('Extruder Mount','Extruder Mount v3',#2709,#2707);
#2709=PRODUCT_DEFINITION_FORMATION('',$,#2714);
#2710=PRODUCT_RELATED_PRODUCT_CATEGORY('Extruder Mount v3',
'Extruder Mount v3',(#2714));
#2711=APPLICATION_PROTOCOL_DEFINITION('international standard',
'automotive_design',2009,#2712);
#2712=APPLICATION_CONTEXT(
'Core Data for Automotive Mechanical Design Process');
#2713=PRODUCT_CONTEXT('part definition',#2712,'mechanical');
#2714=PRODUCT('Extruder Mount','Extruder Mount v3',$,(#2713));
#2715=PRESENTATION_STYLE_ASSIGNMENT((#2716));
#2716=SURFACE_STYLE_USAGE(.BOTH.,#2717);
#2717=SURFACE_SIDE_STYLE('',(#2718));
#2718=SURFACE_STYLE_FILL_AREA(#2719);
#2719=FILL_AREA_STYLE('\X2\AC15CCA0\X0\ - \X2\C0C8D2F4\X0\',(#2720));
#2720=FILL_AREA_STYLE_COLOUR('\X2\AC15CCA0\X0\ - \X2\C0C8D2F4\X0\',#2721);
#2721=COLOUR_RGB('\X2\AC15CCA0\X0\ - \X2\C0C8D2F4\X0\',0.627450980392157,
0.627450980392157,0.627450980392157);
ENDSEC;
END-ISO-10303-21;
